Date,Open,High,Low,Close,Volume,Change_Pct,Daily_Return,High_Low_Range,MA_7,MA_21,MA_Ratio,Volatility_7,RSI_14,Volume_Change,Target
2020-01-22,8733.0,8805.4,8610.8,8678.5,509060.0,-0.62,-0.6195176694226312,2.242322982082161,8759.357142857143,8207.114285714286,1.067288310838332,1.4649215929458836,62.929845819579626,-5.764531654942617,0
2020-01-23,8678.5,8687.3,8309.6,8405.1,722670.0,-3.15,-3.1503139943538594,4.493700253417555,8713.385714285714,8275.595238095239,1.0529013881895992,1.8331517723613262,61.48601755460298,41.9616548147566,1
2020-01-24,8404.9,8522.0,8242.6,8439.9,617020.0,0.41,0.4140343362958099,3.3104657638123633,8645.785714285714,8327.823809523808,1.0381806714496384,1.5037790091408547,55.90764628902596,-14.619397512004095,0
2020-01-25,8439.9,8447.6,8277.2,8341.6,444000.0,-1.17,-1.1647057429590268,2.0427735686199244,8563.685714285713,8373.766666666666,1.0226802411840605,1.4649790916420644,57.650971131138846,-28.041230430131925,1
2020-01-26,8341.6,8607.8,8304.9,8607.8,468340.0,3.19,3.191234295578771,3.5189014614651786,8549.628571428571,8432.590476190477,1.0138792575743543,1.9798603913715942,59.648236590742066,5.481981981981976,1
2020-01-27,8608.1,8983.1,8585.6,8866.6,706450.0,3.01,3.006575431585312,4.483116414409131,8581.728571428572,8485.32857142857,1.0113607857596223,2.276657119770613,65.9986441826964,50.84126916342828,1
2020-01-28,8866.6,9389.5,8866.6,9377.3,954200.0,5.76,5.759817742990547,5.576231964424724,8673.828571428572,8543.5,1.0152547049135099,3.0641385758772315,62.72815939807716,35.069714771038285,0
2020-01-29,9377.3,9428.7,9250.9,9298.9,749880.0,-0.84,-0.8360615528990145,1.9120541139274656,8762.457142857142,8602.514285714287,1.0185925709427142,3.084971685829126,60.821399621723884,-21.41270173967722,1
2020-01-30,9299.1,9569.0,9209.2,9507.3,765210.0,2.24,2.2411252943896454,3.7844603620375845,8919.914285714285,8681.795238095237,1.0274273973399182,2.480768901467821,66.69233401779604,2.0443270923347745,0
2020-01-31,9508.3,9525.0,9222.3,9349.1,633370.0,-1.66,-1.6639845171604883,3.237744809660831,9049.8,8737.128571428571,1.035786520252649,2.7807022502508825,59.43886387253206,-17.229257328053738,1
2020-02-01,9349.3,9458.8,9301.5,9381.6,458420.0,0.35,0.3476270443144358,1.6766862795258728,9198.371428571429,8801.771428571428,1.0450591114775598,2.5910007505426407,59.94698362478092,-27.622085037182053,0
2020-02-02,9381.5,9465.4,9183.1,9334.9,683370.0,-0.5,-0.49778289417584665,3.0241352344427823,9302.242857142857,8856.404761904761,1.0503407542026353,2.6171324836814893,64.44955182716615,49.07072117272371,0
2020-02-03,9334.6,9582.8,9243.1,9296.6,701390.0,-0.41,-0.4102882730398716,3.6540240518038734,9363.671428571428,8912.842857142858,1.0505819050839957,2.54021283529545,65.22912305187256,2.636931676836851,0
2020-02-04,9296.5,9347.5,9193.9,9193.9,651680.0,-1.1,-1.1047049458942082,1.6706729461925882,9337.471428571427,8930.209523809524,1.045604966342175,1.2727243938912083,60.67083044182281,-7.087355109140425,1
2020-02-05,9194.1,9726.8,9179.9,9611.8,771460.0,4.54,4.545405105559119,5.689881187706773,9382.171428571428,8967.995238095238,1.0461838102585967,2.179521368867287,68.47899259493923,18.380186594647686,1
2020-02-06,9611.8,9854.9,9536.1,9772.0,778670.0,1.67,1.6667013462619007,3.2623823168235697,9419.985714285713,9017.761904761905,1.044603507363774,2.112558696959144,78.33423158243858,0.934591553677433,1
2020-02-07,9771.9,9872.5,9738.7,9818.6,608960.0,0.48,0.4768726975030724,1.3627197360112366,9487.057142857142,9060.880952380952,1.0470347411820042,1.9069083926939139,78.43970460827596,-21.79485533024259,1
2020-02-08,9817.3,9931.2,9673.2,9895.5,551310.0,0.78,0.7832073819078023,2.6072457177504926,9560.471428571429,9107.509523809524,1.049734991061798,1.8999140031527637,82.33922996878253,-9.466960063058327,1
2020-02-09,9895.4,10157.1,9882.7,10151.5,617350.0,2.59,2.5870345106361547,2.703048810520609,9677.128571428571,9176.333333333334,1.0545746563364347,1.9118821845769118,82.26393010910006,11.978741542870619,0
2020-02-10,10151.5,10181.7,9774.8,9854.1,781220.0,-2.93,-2.9296163128601616,4.129245694685475,9756.771428571428,9234.057142857144,1.0566072180004453,2.435486384845367,70.31140729770868,26.544099781323393,1
2020-02-11,9854.0,10314.1,9725.1,10229.5,791280.0,3.81,3.809581798439221,5.757857177770174,9904.714285714286,9305.338095238096,1.0644120809305053,2.4823584400108847,68.56159609688102,1.287729448810837,1
2020-02-12,10229.3,10435.6,10229.3,10317.7,803250.0,0.86,0.862212229336734,1.9994766275429707,10005.557142857142,9383.39523809524,1.0663045612995192,2.1066991690693166,72.09594864231806,1.5127388535031816,0
2020-02-13,10321.9,10482.6,10116.9,10235.1,940300.0,-0.8,-0.8005660176202078,3.572998798253077,10071.714285714286,9470.538095238095,1.063478567366565,2.188510314957117,66.69572398605251,17.061935885465296,1
2020-02-14,10235.5,10372.4,10125.2,10333.0,732510.0,0.96,0.9565123936258635,2.3923352366205255,10145.199999999999,9560.685714285713,1.0611372764655254,2.1884492704413314,73.21285330061811,-22.09826651068808,0
2020-02-15,10336.0,10369.8,9831.7,9907.7,808810.0,-4.12,-4.115939223845921,5.431129323657342,10146.942857142858,9635.261904761905,1.0531050382894183,2.8580012130378534,60.47131881692608,10.41624005133035,1
2020-02-16,9907.4,10056.4,9654.9,9932.3,808910.0,0.25,0.2482917326927403,4.042366823394381,10115.628571428571,9698.333333333334,1.0430275206834752,2.640809707711464,61.99598393574298,0.012363843177021216,0
2020-02-17,9931.7,9951.5,9468.9,9701.4,961880.0,-2.32,-2.32473847950625,4.974539757148457,10093.814285714285,9738.085714285715,1.036529620077868,2.547977040815285,57.54491910832773,18.910632826890517,1
2020-02-18,9701.5,10230.1,9601.6,10158.4,945910.0,4.71,4.710660317067639,6.186997952433454,10083.657142857144,9775.280952380952,1.0315465296576547,2.7948126572509615,65.87967993677765,-1.6602902648979123,0
2020-02-19,10158.6,10230.9,9424.3,9609.4,905950.0,-5.4,-5.4043943928177685,8.393864341165946,9982.471428571429,9790.066666666666,1.0196530594178552,3.3884580201830827,49.96212121212122,-4.224503388271616,0
2020-02-20,9611.9,9681.4,9448.9,9602.4,870800.0,-0.07,-0.07284533893895384,2.4212696825793554,9892.085714285713,9794.595238095239,1.0099534971911135,3.4053382632854277,47.18720976515854,-3.879905072023837,1
2020-02-21,9602.2,9747.1,9574.5,9684.5,716610.0,0.85,0.8549945846871632,1.7822293355361698,9799.442857142856,9810.566666666666,0.9988661399589073,3.3965300420601854,47.80185555519128,-17.706706476802935,0
2020-02-22,9684.5,9706.5,9569.8,9655.7,589880.0,-0.3,-0.297382415199543,1.4157440682705627,9763.442857142858,9823.619047619048,0.993874335905689,3.0806507985276257,46.00626207447872,-17.684654135443267,1
2020-02-23,9655.6,9965.6,9653.4,9942.7,775880.0,2.97,2.9723375829820764,3.1399921550484344,9764.92857142857,9852.561904761904,0.9911055282696596,3.327518398397447,46.55809046551498,31.531836983793315,0
2020-02-24,9943.2,9981.0,9507.0,9662.7,980000.0,-2.82,-2.8161364619268436,4.905461206495079,9759.4,9869.995238095238,0.9887948032975362,3.390859659620681,46.82671264672724,26.308191988451824,0
2020-02-25,9662.6,9672.3,9269.8,9317.2,937970.0,-3.57,-3.575605162118245,4.319967372171897,9639.228571428572,9875.866666666667,0.9760387515116214,2.876583561658991,34.72319903546669,-4.288775510204079,0
2020-02-26,9317.1,9368.1,8672.0,8800.3,1320000.0,-5.55,-5.547804061305984,7.909957615081309,9523.642857142857,9837.22380952381,0.9681230234817507,2.9118844400018067,27.780706378492326,40.72944763691802,1
2020-02-27,8800.1,8968.3,8538.5,8818.6,1130000.0,0.21,0.20794745633672118,4.873789490395293,9411.671428571428,9791.82380952381,0.9611765501149403,2.932053172089202,28.860102080410698,-14.393939393939393,0
2020-02-28,8820.1,8898.7,8451.9,8697.5,1080000.0,-1.37,-1.37323384664233,5.137108364472562,9270.671428571428,9738.438095238096,0.9519669723119771,2.7930155123334828,25.759596857862746,-4.424778761061942,0
2020-02-29,8697.1,8793.7,8539.8,8543.7,683440.0,-1.77,-1.7683242311008818,2.9717803761836374,9111.814285714287,9674.066666666668,0.9418804521071062,2.7432249157173834,28.014184397163106,-36.718518518518515,0
2020-03-01,8543.8,8737.2,8437.2,8540.0,784050.0,-0.04,-0.04330676404836753,3.51288056206089,8911.42857142857,9597.328571428572,0.9285321957151765,2.0316548060434187,27.405796631073358,14.721116703734062,1
2020-03-02,8537.5,8961.8,8503.1,8904.8,1020000.0,4.27,4.271662763466044,5.151154433563908,8803.157142857144,9552.12380952381,0.9215916081489732,3.1121433925564292,37.61119751166407,30.093744021427216,0
2020-03-03,8906.1,8911.7,8669.3,8761.4,1010000.0,-1.61,-1.6103674422783154,2.766681124021292,8723.757142857143,9482.214285714286,0.9200126552719,2.9372600678745555,25.925415316743653,-0.9803921568627416,0
2020-03-04,8761.3,8840.3,8679.7,8757.9,759690.0,-0.04,-0.03994795352341152,1.833772936434517,8717.7,9407.938095238094,0.926632372763224,2.076928014851863,31.92835009974958,-24.783168316831684,1
2020-03-05,8757.9,9147.3,8751.5,9060.3,950760.0,3.45,3.4528825403350005,4.368508769025301,8752.228571428572,9351.99523809524,0.935867517957716,2.469357678743009,39.77671331045147,25.151048453974646,1
2020-03-06,9060.6,9165.2,9004.9,9134.8,1040000.0,0.82,0.8222685783031425,1.754827691903502,8814.7,9294.938095238096,0.9483333734644099,2.3407852900771995,39.60358588342095,9.386175270310071,0
2020-03-07,9134.2,9180.8,8848.7,8887.8,750650.0,-2.7,-2.703945351841308,3.7365827313845785,8863.857142857143,9246.371428571429,0.9586308760502189,2.526335873093294,36.58408749432194,-27.822115384615387,0
2020-03-08,8887.8,8888.0,8015.3,8034.1,1110000.0,-9.61,-9.605301649452047,10.862448811939107,8791.585714285715,9155.980952380953,0.9602013984093666,4.633721307921506,22.166481945983776,47.87184440151868,0
2020-03-09,8035.8,8158.8,7648.7,7933.0,1540000.0,-1.26,-1.2583861291246112,6.430102105130472,8652.757142857143,9071.771428571428,0.9538111945375293,4.067015210311172,23.386774163768962,38.738738738738746,0
2020-03-10,7933.0,8145.5,7740.2,7891.2,1200000.0,-0.53,-0.5269128954998092,5.136100973236013,8528.442857142856,8963.809523809523,0.9514306204844879,4.085498119179667,25.797691785471827,-22.077922077922075,1
2020-03-11,7892.1,7976.5,7606.0,7935.1,1100000.0,0.56,0.5563158961881642,4.669128303361016,8410.9,8884.080952380953,0.9467383340024451,4.124813515782191,32.507076425394274,-8.333333333333337,0
2020-03-12,7935.2,7963.1,4546.6,4826.0,3220000.0,-39.18,-39.18161081775907,70.79361790302528,7806.0,8656.633333333335,0.9017362408018512,14.450219844009709,14.1198461483159,192.72727272727272,1
2020-03-13,4815.2,5934.3,3869.5,5584.3,4170000.0,15.71,15.712805636137595,36.97509087978798,7298.785714285715,8461.385714285714,0.8625993378322024,16.77393254809476,24.89759716174811,29.503105590062106,0
2020-03-14,5589.4,5634.9,5072.2,5182.7,1690000.0,-7.19,-7.1915907096681835,10.857275165454297,6769.485714285714,8248.385714285714,0.8207043109734026,16.744500081663915,23.940888227267095,-59.47242206235013,1
2020-03-15,5182.9,5863.3,5120.6,5366.3,1610000.0,3.54,3.542555038879347,13.840076030039317,6388.371428571429,8030.461904761905,0.7955173070160821,16.998717818863796,26.060916921870046,-4.7337278106508895,0
2020-03-16,5366.4,5369.3,4477.7,5030.0,2550000.0,-6.27,-6.266887799787568,17.725646123260443,5973.657142857142,7809.857142857143,0.7648868645850481,16.96703121335184,20.646344050180303,58.38509316770186,1
2020-03-17,5030.2,5432.8,4946.5,5261.1,1890000.0,4.59,4.594433399602393,9.243314135827111,5597.928571428572,7616.7095238095235,0.7349536639056111,17.287626080283772,23.83109795301965,-25.882352941176467,1
2020-03-18,5260.7,5373.1,5020.9,5361.4,1800000.0,1.91,1.906445420159275,6.569179691871541,5230.257142857144,7452.952380952381,0.7017698323451238,17.35476892499761,24.96941648120034,-4.761904761904767,1
2020-03-19,5359.2,6379.5,5256.0,6172.0,2180000.0,15.12,15.11918528742493,18.203175631885937,5422.542857142857,7326.923809523809,0.7400845154271202,9.09563813272334,30.197863675629733,21.111111111111104,1
2020-03-20,6171.6,6858.1,5748.2,6205.3,2220000.0,0.54,0.539533376539203,17.886322981967037,5511.257142857144,7208.247619047618,0.7645765564842392,7.480545919187324,29.801287973854414,1.83486238532109,0
2020-03-21,6205.6,6438.3,5887.0,6186.2,1640000.0,-0.31,-0.30780139558119757,8.911771362063952,5654.614285714286,7095.9857142857145,0.796875094369251,6.497138340422311,30.76824510948491,-26.126126126126124,0
2020-03-22,6186.9,6394.4,5771.2,5822.1,1480000.0,-5.89,-5.8856810319743875,10.704041497054325,5719.728571428571,6966.561904761906,0.8210260167958778,7.236421663763478,33.073673900400976,-9.756097560975608,1
2020-03-23,5822.0,6564.7,5710.8,6468.9,1880000.0,11.11,11.109393517802847,13.200080384609434,5925.285714285715,6850.566666666667,0.8649336620745313,7.153701294938448,39.66016469159169,27.027027027027017,1
2020-03-24,6468.8,6814.2,6380.8,6744.6,1730000.0,4.26,4.261930158141269,6.425881445897454,6137.214285714285,6754.528571428572,0.9086073470285543,7.1491758038344475,42.16139353003911,-7.978723404255317,0
2020-03-25,6744.8,6930.2,6474.6,6678.9,1520000.0,-0.97,-0.9741126234320885,6.821482579466672,6325.428571428572,6655.528571428572,0.9504021361403087,7.357572206906449,41.43764654561318,-12.138728323699421,1
2020-03-26,6677.9,6772.9,6541.7,6725.1,1180000.0,0.69,0.6917306742128204,3.437867094913084,6404.442857142857,6544.328571428571,0.9786248944014774,5.249128919958183,72.22365249139887,-22.368421052631582,0
2020-03-27,6725.5,6813.7,6322.3,6373.4,1160000.0,-5.23,-5.229662012460789,7.710170395707153,6428.457142857143,6412.833333333333,1.0024363348790928,5.819159205579527,60.20537492563564,-1.6949152542372836,0
2020-03-28,6373.4,6374.3,6046.5,6233.7,1260000.0,-2.19,-2.1919226786330626,5.258514205046765,6435.242857142856,6286.447619047619,1.023669208289336,5.906940965206228,64.58021197491814,8.62068965517242,0
2020-03-29,6233.2,6258.8,5889.3,5890.4,916170.0,-5.51,-5.5071626802701505,6.272918647290507,6445.0,6184.366666666667,1.042143900480243,5.8427470148832015,56.96219346953956,-27.288095238095234,1
2020-03-30,5890.4,6576.5,5872.5,6391.0,1430000.0,8.5,8.498573950835265,11.015490533562824,6433.871428571429,6110.938095238096,1.0528451324985564,5.070682336866987,67.32345603584338,56.08456945763341,1
2020-03-31,6391.1,6513.1,6346.3,6412.5,1050000.0,0.34,0.33641057737443525,2.601169590643278,6386.428571428572,6040.523809523809,1.0572640341818356,4.717224508933819,65.48163287258645,-26.573426573426573,1
2020-04-01,6412.4,6661.3,6157.4,6638.5,1400000.0,3.52,3.5243664717348855,7.590570158921452,6380.657142857142,5978.780952380953,1.0672170788120525,4.961840623754506,66.61030616757276,33.33333333333333,1
2020-04-02,6638.8,7182.7,6567.9,6800.5,1740000.0,2.44,2.440310311064242,9.040511727078894,6391.428571428572,6072.804761904762,1.0524673230930401,5.044764443283799,59.833526300966916,24.28571428571429,0
2020-04-03,6799.9,7026.3,6623.6,6735.9,1350000.0,-0.95,-0.9499301521947001,5.978414168856424,6443.214285714285,6127.642857142857,1.051499644468276,4.497158152987308,58.22125813449023,-22.413793103448278,1
2020-04-04,6735.9,6958.6,6679.1,6857.4,1050000.0,1.8,1.8037678706631644,4.075888820835885,6532.314285714287,6207.390476190476,1.0523446705616655,4.291330679362544,60.07989427524478,-22.22222222222222,0
2020-04-05,6857.5,6889.4,6686.0,6772.7,842330.0,-1.23,-1.2351620147577735,3.0032335700680624,6658.357142857143,6274.361904761905,1.061200683658972,3.3341272433234086,65.58360655737704,-19.77809523809524,1
2020-04-06,6772.8,7335.0,6770.1,7332.3,1530000.0,8.26,8.262583607719233,7.704267419500015,6792.828571428572,6383.995238095238,1.0640403568745949,3.2585059892015846,64.57067638720129,81.63902508518039,0
2020-04-07,7332.3,7440.3,7101.7,7185.2,1320000.0,-2.01,-2.006191781569222,4.712464510382458,6903.214285714285,6475.619047619048,1.066031561608377,3.5666811946831714,57.772916519652796,-13.725490196078427,1
2020-04-08,7185.6,7396.1,7153.1,7361.2,983940.0,2.45,2.4494794856093183,3.301092213226105,7006.457142857143,6570.8476190476185,1.066294266594583,3.4970734242775934,61.586007811173374,-25.45909090909091,0
2020-04-09,7361.1,7361.1,7140.3,7289.0,963550.0,-0.98,-0.9808183448350771,3.0292221155165344,7076.242857142856,6624.038095238095,1.0682672344879545,3.5878099846590468,59.491668069348584,-2.072280830131923,0
2020-04-10,7289.0,7294.4,6756.1,6863.1,1370000.0,-5.84,-5.843051173000402,7.8433943844618215,7094.414285714286,6655.361904761905,1.0659697229444787,4.421907074471799,58.04184320294282,42.18255409682943,1
2020-04-11,6862.7,6931.4,6765.1,6867.8,845580.0,0.07,0.06848217277906077,2.4214450042225932,7095.9,6687.819047619048,1.0610185397474583,4.375224028704421,60.89631233460494,-38.27883211678832,1
2020-04-12,6867.9,7158.8,6785.1,6917.6,1100000.0,0.73,0.7251230379451856,5.402162599745573,7116.599999999999,6739.985714285714,1.0558776088970092,4.337935219912558,69.63152664169407,30.08822346791551,0
2020-04-13,6918.1,6920.3,6618.5,6841.3,1250000.0,-1.1,-1.1029836937666238,4.411442269744057,7046.457142857143,6757.719047619048,1.0427271529348094,2.5974802028661945,60.27191021488208,13.636363636363647,1
2020-04-14,6841.8,6970.8,6768.6,6850.9,999530.0,0.14,0.14032420738747664,2.951437037469527,6998.7,6762.780952380952,1.0348849163207021,2.579437108702142,60.05504587155963,-20.0376,0
2020-04-15,6851.3,6929.5,6615.9,6629.1,1000000.0,-3.24,-3.237530835364688,4.7306572536241775,6894.114285714286,6760.409523809524,1.019777612796069,2.3237854015738986,49.783987498851005,0.04702210038718402,1
2020-04-16,6629.1,7159.7,6520.5,7085.6,1540000.0,6.89,6.886304324870651,9.021113243761993,6865.057142857143,6777.576190476191,1.01290740965832,3.9372768062394603,55.770554183702394,54.0,0
2020-04-17,7085.5,7142.8,7005.8,7035.8,810100.0,-0.7,-0.7028339166760822,1.947184399783962,6889.728571428571,6809.119047619048,1.0118384659227995,3.1374602588275082,56.1066992465893,-47.396103896103895,1
2020-04-18,7035.9,7259.4,7031.5,7230.8,796450.0,2.77,2.771539839108561,3.1517950987442553,6941.585714285715,6856.5999999999985,1.0123947312495576,3.2544917998169005,57.382364570976684,-1.6849771633131727,0
2020-04-19,7230.9,7238.0,7079.1,7122.9,5930000.0,-1.49,-1.4922276926481293,2.2308329472546244,6970.914285714285,6915.2904761904765,1.0080435969704127,3.3670106708643632,56.86074759031424,644.5539581894658,0
2020-04-20,7122.9,7207.5,6771.2,6833.5,1260000.0,-4.06,-4.062951887573874,6.384722323845763,6969.8,6936.361904761905,1.0048206964540214,3.7598566268175215,39.070990359333905,-78.75210792580101,1
2020-04-21,6833.4,6919.3,6774.3,6842.5,892570.0,0.13,0.13170410477794103,2.1191085129704055,6968.599999999999,6956.838095238096,1.0016906969230683,3.759820938264205,42.00755632258967,-29.161111111111115,1
2020-04-22,6842.5,7137.4,6821.8,7112.9,914180.0,3.95,3.9517720131530876,4.4370088149699765,7037.714285714285,6979.428571428572,1.0083510725397085,3.696051552484283,44.453379797167486,2.4210986253178968,1
2020-04-23,7112.8,7655.4,7036.5,7488.5,1340000.0,5.28,5.280546612492798,8.264672497830002,7095.271428571429,7012.190476190476,1.0118480741022438,3.3038529871281144,53.9245386945745,46.57944824870375,1
2020-04-24,7491.3,7583.5,7423.5,7503.8,951950.0,0.2,0.20431328036323304,2.132252991817479,7162.128571428571,7048.757142857143,1.0160838891557378,3.2506282542490896,65.03214302472901,-28.9589552238806,1
2020-04-25,7503.9,7684.6,7451.0,7540.4,861930.0,0.49,0.48775287187823313,3.097978887061699,7206.357142857143,7081.280952380952,1.017662932923758,3.152722698603858,65.54785020804438,-9.456379011502703,1
2020-04-26,7540.4,7679.4,7520.5,7678.9,921590.0,1.84,1.8367725850087613,2.069306801755455,7285.785714285715,7124.433333333333,1.022647749428359,3.025468748462894,66.9050051072523,6.921675774134783,1
2020-04-27,7679.4,7768.5,7637.7,7766.0,980500.0,1.13,1.1342770448892425,1.6842647437548313,7419.0,7145.085714285715,1.0383360391557832,2.008906116917205,70.43535911602211,6.392213457177265,0
2020-04-28,7766.0,7770.1,7655.3,7746.9,808090.0,-0.25,-0.24594385784187933,1.481883075810972,7548.2,7171.833333333333,1.052478445771653,2.0673095153744963,69.71830985915493,-17.583885772565022,1
2020-04-29,7746.7,8918.5,7729.7,8770.9,1830000.0,13.22,13.218190502007253,13.55391122917831,7785.057142857143,7238.961904761905,1.0754383356729653,4.813001319489677,84.83507904495477,126.45992401836428,0
2020-04-30,8770.6,9437.5,8425.5,8629.0,2040000.0,-1.62,-1.6178499355824383,11.72789430988527,7947.9857142857145,7302.771428571429,1.0883519759621592,5.002007883170344,77.964197709813,11.475409836065564,1
2020-05-01,8628.6,9040.3,8621.0,8821.6,1110000.0,2.23,2.2320083439564264,4.753106012514728,8136.242857142856,7396.033333333334,1.1000819615662705,4.929046276953202,80.76419514884233,-45.58823529411765,1
2020-05-02,8821.6,8986.2,8771.3,8966.3,890340.0,1.64,1.6402920105196284,2.396752283550645,8339.942857142858,7495.9619047619035,1.1125914142979842,4.8720793043076815,80.42495003681498,-19.789189189189194,0
2020-05-03,8966.2,9169.9,8742.2,8885.5,1150000.0,-0.9,-0.9011520917212135,4.813460131675189,8512.314285714285,7589.671428571429,1.1215655863137308,5.050178832912471,81.19646017699118,29.164139542197365,0
2020-05-04,8885.5,8945.5,8553.2,8874.7,1120000.0,-0.12,-0.12154633954194471,4.42043111316438,8670.7,7686.5,1.1280426722175243,5.116571363140728,90.08011310084831,-2.608695652173909,1
2020-05-05,8874.2,9078.7,8800.4,9001.0,1050000.0,1.42,1.4231466979165441,3.0918786801466625,8849.857142857143,7788.885714285714,1.1362160734526487,5.031054346960071,90.51695010699407,-6.25,1
2020-05-06,9000.6,9373.7,8923.6,9151.4,1620000.0,1.67,1.6709254527274675,4.918373145092558,8904.214285714286,7908.995238095238,1.125833815504829,1.486651376945149,90.06958367732048,54.28571428571429,1
2020-05-07,9152.7,10033.0,9064.8,9979.8,1910000.0,9.05,9.052166881570024,9.70159722639733,9097.185714285713,8046.814285714285,1.1305325798852075,3.2437965472391417,91.57016519272489,17.901234567901227,0
2020-05-08,9980.1,10018.2,9731.4,9806.2,1420000.0,-1.74,-1.7395138179121639,2.924680304297292,9237.842857142858,8178.738095238095,1.129494886567086,3.55762442241326,86.49042728540644,-25.654450261780106,0
2020-05-09,9806.0,9910.5,9533.6,9554.6,1490000.0,-2.57,-2.565723725806124,3.944696795260917,9321.885714285714,8289.39523809524,1.1245555853635136,3.8848731519507926,79.88604664965285,4.929577464788726,0
2020-05-10,9553.9,9569.4,8259.3,8738.8,2470000.0,-8.54,-8.538295690034126,14.991760882501035,9300.92857142857,8366.342857142856,1.111707795179324,5.310200738780891,63.09456153789134,65.7718120805369,0
2020-05-11,8737.6,9129.6,8235.6,8579.8,2290000.0,-1.82,-1.8194717810225636,10.419823305904567,9258.8,8449.5,1.0957808154328659,5.349081043426264,59.87861131342559,-7.287449392712553,1
2020-05-12,8569.8,8964.5,8542.8,8813.8,1350000.0,2.73,2.727336301545491,4.784542422110789,9232.057142857142,8543.371428571429,1.0806105318074497,5.443403485753071,62.308775006345336,-41.048034934497814,1
2020-05-13,8813.9,9384.6,8799.1,9298.7,1500000.0,5.5,5.50159976400646,6.29657909170099,9253.1,8647.457142857142,1.0700371042189118,5.837954845582143,56.95425318857385,11.111111111111116,1
2020-05-14,9298.7,9887.5,9265.8,9778.4,1770000.0,5.16,5.15878563670189,6.357890861490641,9224.328571428572,8756.5,1.0534264342406865,4.998475010135966,63.906499540241015,17.999999999999993,0
2020-05-15,9778.6,9819.6,9223.2,9318.0,1560000.0,-4.71,-4.708336742207308,6.400515132002573,9154.585714285715,8842.890476190476,1.0352481169968666,5.271150587321097,55.64039632760659,-11.864406779661019,1
2020-05-16,9318.1,9579.0,9233.0,9379.5,1100000.0,0.66,0.6600128783000647,3.688895996588305,9129.57142857143,8930.466666666667,1.02229500084782,5.211971818561461,54.785509126285575,-29.487179487179482,1
2020-05-17,9376.6,9866.0,9327.8,9677.7,1180000.0,3.18,3.179273948504724,5.561238724077009,9263.699999999999,9025.647619047619,1.0263751024857206,3.741391811187608,58.73505932166013,7.272727272727275,1
2020-05-18,9678.4,9930.2,9524.4,9730.7,1180000.0,0.55,0.5476507847939072,4.170306350005664,9428.114285714286,9119.20476190476,1.033874612082403,3.48666416753753,59.35151197343122,0.0,1
2020-05-19,9730.8,9883.9,9498.7,9773.3,1160000.0,0.44,0.43778967597396523,3.9413504138827102,9565.185714285715,9215.699999999999,1.0379228614522735,3.4998288936645614,58.594289020943215,-1.6949152542372836,0
2020-05-20,9773.0,9829.3,9368.4,9512.3,1150000.0,-2.67,-2.6705411682850233,4.845305551759298,9595.699999999999,9251.004761904762,1.0372603027418899,3.3160999876547734,53.919673306253664,-0.8620689655172376,0
2020-05-21,9511.6,9567.1,8833.6,9059.0,1410000.0,-4.76,-4.7654089967725906,8.096920189866431,9492.92857142857,9271.480952380953,1.0238848162645202,3.0383828308961687,39.11223572813698,22.608695652173914,1
2020-05-22,9058.2,9253.5,8952.1,9169.7,914590.0,1.22,1.2219891820289375,3.2869123308287036,9471.742857142857,9288.057142857142,1.0197765486861778,2.648692809149216,42.36022757279689,-35.135460992907795,1
2020-05-23,9169.8,9303.2,9098.9,9177.0,812560.0,0.08,0.07961001995702155,2.2262177182085767,9442.814285714285,9298.090476190477,1.015564895813221,2.626330222957531,45.185392971897784,-11.155818454170719,0
2020-05-24,9177.9,9292.0,8724.1,8728.2,1110000.0,-4.89,-4.890487087283413,6.506496184780362,9307.17142857143,9290.6,1.0017836768961563,2.625212782540608,49.85088903893768,36.60529683961799,1
2020-05-25,8728.0,8959.5,8666.1,8898.2,941890.0,1.95,1.9477097225086393,3.2972960823537303,9188.242857142857,9291.719047619048,0.9888636117874543,2.8454644969351377,54.46513715151178,-15.145045045045046,0
2020-05-26,8897.7,8994.6,8713.9,8842.5,784920.0,-0.63,-0.625969297161233,3.174441617189717,9055.271428571428,9284.17142857143,0.9753451342684629,2.768656962039418,50.423666263174994,-16.665428022380535,1
2020-05-27,8842.3,9210.9,8818.6,9199.1,810890.0,4.03,4.032796154933571,4.264547618788787,9010.528571428571,9286.442857142856,0.9702884850573263,3.3488537563062253,48.471830121517115,3.308617438719863,1
2020-05-28,9199.8,9610.8,9119.2,9572.2,948860.0,4.06,4.0558315487384755,5.135705480453798,9083.842857142858,9267.033333333335,0.9802320257625982,3.0949881081546984,46.729268447433554,17.01463823699885,0
2020-05-29,9573.4,9596.5,9358.1,9424.8,814330.0,-1.54,-1.5398758905998733,2.529496647143702,9120.285714285714,9248.871428571429,0.9860971454432278,3.210807890395325,51.8808114961961,-14.178066311152326,1
2020-05-30,9424.8,9729.9,9352.7,9692.5,720620.0,2.84,2.8403785756726974,3.891668816094908,9193.92857142857,9255.438095238094,0.9933542288137425,3.3270333350698325,55.138898010113614,-11.50761976103054,0
2020-05-31,9692.9,9695.6,9406.2,9454.8,645270.0,-2.45,-2.452411658498843,3.060879130177261,9297.728571428572,9289.533333333335,1.0008822012690164,2.6959461020543714,46.2662065730845,-10.456273764258551,1
2020-06-01,9454.5,10301.8,9429.7,10189.3,796680.0,7.77,7.768540846977201,8.558978536307682,9482.171428571428,9366.176190476192,1.0123844817496797,3.687603348375788,56.2540912066332,23.464596215537693,0
2020-06-02,10190.7,10207.3,9347.3,9527.6,1060000.0,-6.49,-6.49406730589932,9.026407489819052,9580.042857142858,9400.166666666666,1.0191354256636789,4.865827927568246,47.133356667833404,33.05216649093738,1
2020-06-03,9527.0,9667.2,9421.7,9667.2,558120.0,1.47,1.4652168436962043,2.5395150612380006,9646.914285714285,9417.714285714286,1.0243371154662944,4.708556142925827,51.85994572656758,-47.347169811320754,1
2020-06-04,9667.2,9864.4,9490.9,9794.4,593660.0,1.32,1.3157894736842035,3.8134035775545208,9678.657142857144,9418.47619047619,1.0276245272716242,4.502780648865794,59.58051068264721,6.3678062065505525,0
2020-06-05,9794.0,9846.1,9628.7,9631.2,527050.0,-1.67,-1.6662582700318396,2.2572472796743877,9708.142857142857,9433.390476190476,1.0291255176647087,4.512168072351881,55.93111425266675,-11.220227065997367,1
2020-06-06,9630.8,9733.1,9549.5,9669.6,370850.0,0.4,0.39870421131322775,1.8987341772151933,9704.871428571427,9447.20476190476,1.0272743814874945,4.384345687116852,56.28059975520196,-29.63665686367517,1
2020-06-07,9669.6,9791.8,9417.4,9742.6,549200.0,0.76,0.7549433275419792,3.8429166752201636,9745.985714285713,9450.29523809524,1.031289019944955,4.244869233095035,64.30424727847029,48.092220574356205,1
2020-06-08,9743.4,9788.2,9662.3,9777.9,431040.0,0.36,0.3623262784061776,1.2875975413943839,9687.214285714286,9452.542857142857,1.0248262750159445,2.8152995256177737,62.89466740934008,-21.51493080844865,0
2020-06-09,9777.7,9857.2,9616.6,9768.8,479550.0,-0.09,-0.09306701848045273,2.4629432478912494,9721.671428571428,9452.328571428572,1.0284948682335266,1.0490844597045357,63.76578986476444,11.254175946547896,1
2020-06-10,9768.8,9970.9,9710.7,9878.8,533550.0,1.13,1.126033903857171,2.633923148560543,9751.9,9469.780952380952,1.0297915072204618,0.996163373737064,60.89996471984347,11.260556771973729,0
2020-06-11,9878.9,9945.2,9139.1,9283.2,919300.0,-6.03,-6.029072356966414,8.683428128231647,9678.871428571429,9480.457142857143,1.0209287677508017,2.4993102473049116,45.67417075799305,72.29875363133726,1
2020-06-12,9283.7,9547.5,9249.4,9466.6,529280.0,1.97,1.9756118579800086,3.1489658377875935,9655.357142857143,9494.595238095239,1.01693193872203,2.647835146683149,50.61900248785691,-42.42575872946808,1
2020-06-13,9466.5,9484.9,9369.9,9471.3,364970.0,0.05,0.049648236959409786,1.2141944611616147,9627.028571428571,9508.609523809524,1.012453876386713,2.637619942944206,46.4476135414659,-31.04405985489722,0
2020-06-14,9470.7,9474.7,9264.4,9345.3,311270.0,-1.33,-1.3303348009249039,2.250329042406355,9570.271428571428,9537.995238095238,1.0033839595921874,2.6209584231432412,48.176033580970774,-14.71353809902184,1
2020-06-15,9345.5,9489.7,8925.6,9425.4,750900.0,0.86,0.8571153414015598,5.984891887877442,9519.914285714285,9563.099999999999,0.9954841302207743,2.656493931875506,33.728113151280155,141.23751084267678,1
2020-06-16,9425.6,9577.1,9379.3,9523.5,545470.0,1.04,1.0408046342860855,2.0769675014438085,9484.871428571429,9595.528571428571,0.988467842908974,2.7187146831540994,49.88507035936535,-27.357837261952323,0
2020-06-17,9523.6,9543.6,9258.2,9464.6,446450.0,-0.62,-0.6184701002782567,3.01544703421169,9425.699999999999,9608.17142857143,0.9810087247164614,2.641867547600944,44.05167351732234,-18.153152327350732,0
2020-06-18,9464.6,9480.4,9289.3,9388.1,391670.0,-0.81,-0.808275045960738,2.035555650238071,9440.685714285715,9599.404761904761,0.9834657406833263,1.1786133809758492,37.70501724868365,-12.270131033710385,0
2020-06-19,9390.3,9424.0,9249.6,9314.0,478490.0,-0.79,-0.7892970888678241,1.8724500751556756,9418.885714285714,9594.128571428571,0.9817343643210357,0.9022019714773463,39.85414534288635,22.16661985855439,1
2020-06-20,9314.0,9394.5,9199.8,9358.8,383440.0,0.48,0.48099634958127524,2.0803949224259597,9402.814285714285,9578.238095238095,0.9816851692576922,0.9383641492471639,40.09938837920483,-19.864573972287825,0
2020-06-21,9358.8,9411.2,9288.5,9296.4,335990.0,-0.67,-0.6667521477112359,1.3198657544856152,9395.82857142857,9570.695238095237,0.9817289483870903,0.8282884136328484,35.68954457985882,-12.374817442103069,1
2020-06-22,9296.5,9751.9,9285.8,9683.7,523320.00000000006,4.17,4.166128824060933,4.813242872042714,9432.728571428572,9546.619047619048,0.9880700721771358,1.8097196459657368,47.53532182103613,55.75463555462963,0
2020-06-23,9683.9,9715.6,9581.8,9624.6,375490.0,-0.61,-0.6103039127606236,1.3901876441618466,9447.171428571428,9551.238095238095,0.9891043793873643,1.8199618065454457,46.32330443651201,-28.24849040739892,0
2020-06-24,9624.6,9667.4,9223.0,9302.0,515780.0,-3.35,-3.3518276084200993,4.777467211352394,9423.942857142856,9533.847619047618,0.9884721503535274,2.256831719381796,36.73168936326832,37.36184718634319,0
2020-06-25,9300.8,9327.3,9022.6,9247.5,524450.0,-0.59,-0.5858955063427262,3.2949445796161005,9403.857142857143,9507.804761904761,0.9890671273074403,2.2488138627038468,48.906584992343014,1.6809492419248562,0
2020-06-26,9247.5,9296.5,9060.1,9160.0,489840.0,-0.95,-0.9462016761286884,2.5807860262008693,9381.857142857143,9485.366666666667,0.9890874514979716,2.256506942433715,40.02342834830144,-6.599294498998953,0
2020-06-27,9160.5,9190.5,8865.3,9008.3,441930.0,-1.66,-1.6561135371179092,3.6100041073232543,9331.785714285714,9453.87619047619,0.9870856700753633,2.290759292864815,36.24970301734381,-9.780744732974034,1
2020-06-28,9008.4,9185.5,8950.2,9124.0,329010.0,1.28,1.2843710800040098,2.5789127575624646,9307.157142857142,9424.419047619047,0.9875576516526471,2.386837526564992,43.38731847247956,-25.551557939040116,1
2020-06-29,9122.8,9229.1,9033.6,9185.4,401120.0,0.67,0.6729504603244063,2.128377642780935,9235.971428571427,9396.20476190476,0.9829470155883606,1.5186879712066752,42.747491840928326,21.91726695237226,0
2020-06-30,9186.0,9199.8,9075.3,9135.4,381730.0,-0.54,-0.5443421081281152,1.3628303084703464,9166.085714285715,9366.042857142857,0.9786508404982743,1.519844492285332,37.92094615624028,-4.833964898284804,1
2020-07-01,9135.9,9289.0,9101.1,9229.9,366780.0,1.03,1.034437463055804,2.035775035482504,9155.785714285714,9335.142857142857,0.9807868882563584,1.1084318723875362,42.85366299250958,-3.916380687920784,0
2020-07-02,9229.9,9259.7,8962.1,9085.1,483100.0,-1.57,-1.5688143966890111,3.275693167934314,9132.585714285715,9325.709523809524,0.9792912475956126,1.2344751776342604,41.14242282507016,31.713833905883625,0
2020-07-03,9085.0,9120.4,9050.9,9067.1,333880.0,-0.2,-0.19812660289925121,0.7665074830982342,9119.314285714285,9306.685714285715,0.9798670080495125,1.1955475830844704,42.53762920872879,-30.88801490374664,1
2020-07-04,9067.1,9182.3,9049.6,9134.4,261250.0,0.74,0.7422439368706568,1.4527500437904943,9137.328571428572,9290.642857142857,0.9834979895286349,1.019071287836455,43.30868320610689,-21.753324547741705,0
2020-07-05,9134.3,9149.6,8932.1,9081.0,314100.0,-0.58,-0.5846032580136606,2.395110670630988,9131.185714285715,9278.057142857144,0.9841700232807361,0.9295072439103451,43.54239117400169,20.22966507177033,1
2020-07-06,9080.4,9363.0,9063.2,9339.0,510270.0,2.84,2.841096795507103,3.210193810900517,9153.128571428571,9273.942857142858,0.9869727161817442,1.4380404032540577,38.79753006174843,62.45463228271251,0
2020-07-07,9338.8,9371.2,9209.3,9256.0,420550.0,-0.89,-0.8887461184280965,1.7491356957649251,9170.357142857143,9261.204761904763,0.9901905182551072,1.4750036042360972,38.20404505888376,-17.582848296000154,1
2020-07-08,9256.3,9458.3,9233.1,9429.9,509940.0,1.88,1.8787813310285228,2.3881483366737606,9198.92857142857,9259.552380952382,0.9934528358359396,1.5853191220345286,54.5235905779161,21.25549875163477,0
2020-07-09,9430.1,9434.5,9176.0,9235.7,444270.0,-2.06,-2.0594067805597027,2.798921576058122,9220.442857142856,9252.29523809524,0.9965573535935998,1.6899924798496575,49.62018797476505,-12.877985645370039,1
2020-07-10,9239.0,9309.8,9131.9,9285.1,418470.0,0.53,0.5348809510919539,1.9159729028227983,9251.585714285715,9250.919047619047,1.0000720649119548,1.6804740952410735,54.127895466244325,-5.807279357147676,0
2020-07-11,9285.8,9295.5,9184.2,9233.3,353920.0,-0.56,-0.5578830599562878,1.2054195141498627,9265.714285714286,9244.942857142858,1.0022467882054436,1.7018701436993204,57.94828317083511,-15.425239563170601,1
2020-07-12,9234.2,9337.8,9170.4,9300.8,366880.0,0.73,0.7310495705760589,1.799845174608632,9297.114285714286,9245.152380952382,1.0056204487087697,1.6775961643698867,56.465769455822105,3.6618444846292952,0
2020-07-13,9300.5,9329.6,9207.6,9243.6,456870.0,-0.62,-0.6150008601410462,1.3198321000476005,9283.485714285713,9224.195238095239,1.0064277126253365,1.2867700515696692,52.13499633162146,24.52845617095507,1
2020-07-14,9243.1,9274.8,9135.7,9253.4,453830.0,0.11,0.10601929983988789,1.5032312447316505,9283.114285714286,9206.519047619047,1.008319674102564,1.2444649294647967,54.460235863320236,-0.6653971589292373,0
2020-07-15,9253.6,9270.2,9168.7,9198.7,429840.0,-0.59,-0.5911340696392542,1.1034167871547067,9250.085714285715,9201.6,1.0052692699406314,0.9357077326948283,48.78409976617307,-5.286120353436308,0
2020-07-16,9198.7,9224.2,9052.0,9135.3,429040.0,-0.69,-0.6892278256710349,1.8849955666480658,9235.742857142857,9196.257142857143,1.0042936722703957,0.6025883795326452,52.08888149134483,-0.18611576400521246,1
2020-07-17,9135.4,9181.9,9091.5,9155.8,310920.0,0.22,0.2244042341247754,0.9873522794294287,9217.271428571428,9196.057142857142,1.0023068892879559,0.5527576508285992,53.68324889959302,-27.531232519112436,1
2020-07-18,9155.8,9198.8,9126.7,9170.2,276400.0,0.16,0.157277354245422,0.7862423938409034,9208.257142857143,9203.766666666666,1.0004878954837848,0.5413050487743702,51.55489923558032,-11.102534413997168,1
2020-07-19,9170.1,9224.8,9106.4,9208.0,265250.0,0.41,0.4122047501690096,1.2858384013900916,9195.0,9207.766666666666,0.9986134893369004,0.4685766909540333,55.59175766114829,-4.034008683068013,0
2020-07-20,9208.1,9218.4,9139.9,9162.4,312980.0,-0.5,-0.4952215464813281,0.856762420326552,9183.4,9206.67142857143,0.9974723298477655,0.45026300129941116,40.435441941074494,17.99434495758718,1
2020-07-21,9162.3,9426.9,9155.1,9387.3,458990.0,2.46,2.4545970488081714,2.8954012335815333,9202.528571428571,9218.666666666666,0.9982494111326915,1.0824241728701285,56.16374049385032,46.65154322959935,1
2020-07-22,9387.4,9523.1,9296.0,9513.7,386000.0,1.35,1.3465000585898057,2.3870838895487596,9247.528571428571,9232.180952380952,1.0016624044878217,1.0910023765654349,54.11753144654094,-15.902307239809144,1
2020-07-23,9513.6,9646.5,9451.1,9599.6,425660.0,0.9,0.9029084373062046,2.0355014792282975,9313.857142857143,9256.680952380952,1.0061767485311768,0.9633586154412468,70.00989772352355,10.274611398963728,0
2020-07-24,9599.2,9626.2,9480.5,9546.4,359160.0,-0.55,-0.5541897579065869,1.5262297829548388,9369.657142857144,9279.504761904762,1.009715214687155,1.0685970469356003,64.30839995619311,-15.62279753794108,1
2020-07-25,9546.7,9729.3,9536.2,9704.1,306290.0,1.65,1.6519316182016297,1.9898805659463374,9445.92857142857,9306.633333333333,1.0149673069848284,1.1129938152075418,73.10107948969579,-14.720458848424101,1
2020-07-26,9690.0,10086.6,9645.9,9932.5,415070.0,2.35,2.353644335899263,4.436949408507433,9549.42857142857,9347.180952380952,1.0216372850892654,1.2309645314919198,76.76921773031613,35.51536125893762,1
2020-07-27,9932.7,11367.0,9894.6,11022.8,908990.0,10.98,10.977095393908876,13.35776753637914,9815.199999999999,9427.361904761903,1.0411396209412724,3.773426162809084,90.19882512426564,118.99679572120365,0
2020-07-28,10961.1,11046.1,10873.6,10908.5,658370.0,-1.04,-1.03694161193163,1.5813356556813496,10032.514285714284,9506.05238095238,1.0553817592901964,4.03789046083685,85.70873786407765,-27.571260409905495,1
2020-07-29,10908.4,11336.5,10771.8,11105.9,576830.0,1.81,1.809598019892733,5.084684717132342,10259.971428571429,9585.861904761905,1.0703233084835753,4.02469025537758,88.76107633525723,-12.385132979935298,0
2020-07-30,11105.8,11164.4,10861.6,11096.2,501140.0,-0.09,-0.08734096291159732,2.7288621329824556,10473.771428571428,9674.457142857143,1.082621099448917,4.098727078034619,90.74174111780597,-13.121716970337882,1
2020-07-31,11096.5,11434.8,10964.6,11333.4,530950.0,2.14,2.137668751464461,4.148799124711021,10729.057142857142,9771.995238095238,1.0979392520609184,3.9242975561939484,91.5065568770967,5.948437562357833,1
2020-08-01,11333.2,11847.7,11226.1,11803.1,611470.0,4.14,4.144387385956549,5.266413060975509,11028.914285714285,9894.366666666665,1.1146660172671607,3.942932805791045,92.76270911158034,15.165269799416148,0
2020-08-02,11802.6,12061.1,10730.7,11066.8,647950.0,-6.24,-6.23819166151266,12.021541909133623,11190.957142857142,9978.461904761905,1.1215112358665829,5.258929817305491,74.6068308181096,5.965950905195672,1
2020-08-03,11066.9,11461.1,10981.6,11224.4,470240.0,1.42,1.4240792279611059,4.271943266455223,11219.757142857143,10072.785714285714,1.1138683439820167,3.3262534475538357,76.51067112368219,-27.426498958252953,0
2020-08-04,11223.8,11407.8,11043.0,11184.7,485790.0,-0.35,-0.35369373864080345,3.26159843357443,11259.214285714286,10164.752380952381,1.107672264285828,3.2900503551075704,74.26426912900267,3.3068220483157607,1
2020-08-05,11184.8,11771.5,11114.5,11735.1,570830.0,4.92,4.921008162936857,5.598588848838101,11349.100000000002,10285.533333333333,1.1034041339616163,3.6964780668611366,76.907795920345,17.50550649457585,1
2020-08-06,11735.0,11898.4,11563.0,11757.1,554850.0,0.19,0.18747177271603022,2.8527442991894225,11443.514285714284,10410.380952380952,1.0992406846645746,3.686312765735813,76.54469844238295,-2.7994324054447017,0
2020-08-07,11757.1,11901.8,11352.4,11592.0,517000.0,-1.4,-1.4042578527017735,4.739475500345063,11480.457142857142,10526.390476190476,1.090635690251531,3.7291826117400446,74.49351022558554,-6.821663512661081,1
2020-08-08,11591.6,11805.5,11533.5,11764.3,317060.0,1.49,1.4863699102829475,2.3120797667519533,11474.914285714287,10649.919047619047,1.0774649304287134,3.4034483634454205,74.5823787705231,-38.67311411992264,0
2020-08-09,11764.4,11792.8,11527.5,11681.2,303000.0,-0.71,-0.7063743699157521,2.271170770126351,11562.685714285715,10767.690476190477,1.0738315463147026,2.1085978318852625,71.61504041927273,-4.434491894278681,1
2020-08-10,11681.1,12041.1,11546.9,11889.2,564110.0,1.78,1.7806389754477348,4.156713656091248,11657.657142857142,10897.538095238097,1.069751446700718,2.1305613292998578,63.6967244213988,86.17491749174917,0
2020-08-11,11889.2,11931.8,11146.7,11390.4,615900.0,-4.19,-4.1954042324126135,6.892646439106604,11687.042857142858,10992.923809523809,1.0631423504470843,2.8604182237609477,56.79249006286471,9.180833525376265,1
2020-08-12,11390.4,11605.4,11190.6,11557.2,549590.0,1.46,1.464391066160986,3.589104627418399,11661.628571428573,11090.233333333334,1.05152238198432,2.1352981698482227,56.41652685756536,-10.766358175028412,1
2020-08-13,11557.2,11772.9,11298.4,11770.9,545670.0,1.85,1.8490637870764548,4.031127611312644,11663.6,11193.628571428571,1.041985619370203,2.2732140123598503,59.066842260864874,-0.7132589748721774,0
2020-08-14,11771.1,11835.5,11651.5,11750.8,435440.0,-0.17,-0.17076009481008514,1.5658508356877832,11686.285714285714,11298.6,1.034312721424399,2.1889173578869685,55.95673022034478,-20.20085399600491,1
2020-08-15,11751.1,11964.0,11711.5,11845.3,499100.0,0.8,0.804200565067914,2.131647151190768,11697.857142857143,11400.561904761904,1.0260772443129371,2.13748379619358,50.67446618079528,14.619695021128054,1
2020-08-16,11845.5,11922.5,11688.9,11899.0,410810.0,0.45,0.45334436443147386,1.9631901840490826,11728.971428571429,11494.20476190476,1.0204247854923165,2.1076776398505337,67.0128383351051,-17.689841715087162,1
2020-08-17,11898.8,12444.1,11764.0,12282.6,628410.0,3.22,3.223800319354564,5.537101265204438,11785.17142857143,11554.195238095239,1.0199906774739829,2.3366585331087215,69.80312897671983,52.96852559577421,0
2020-08-18,12283.0,12381.4,11842.0,11947.6,606790.0,-2.73,-2.727435559246416,4.514714252234755,11864.771428571428,11603.676190476192,1.0225010792967089,1.8641996544308168,62.8559873276937,-3.440429019270863,0
2020-08-19,11944.4,12013.2,11602.6,11750.2,550260.0,-1.65,-1.6522146707288465,3.4944086058109676,11892.342857142856,11634.357142857143,1.0221744709327667,2.0169876132244284,50.28881833135687,-9.316237907678104,1
2020-08-20,11751.0,11881.0,11672.7,11856.9,430930.0,0.91,0.9080696498782848,1.7567829702536015,11904.628571428573,11670.580952380953,1.0200544960017497,1.9221105790428512,51.84896991255371,-21.686112019772473,0
2020-08-21,11856.9,11877.4,11495.6,11529.2,506380.0,-2.76,-2.7637915475377084,3.311591437393741,11872.971428571429,11679.904761904761,1.0165298151485254,2.2150050662111385,48.902635073740136,17.508644095328705,1
2020-08-22,11529.2,11677.0,11382.1,11661.3,433980.0,1.15,1.1457863511778577,2.528877569396205,11846.685714285715,11673.152380952382,1.014866021419929,2.2456658137047447,48.17453565858499,-14.297563094908961,0
2020-08-23,11661.1,11705.4,11520.8,11641.6,377330.0,-0.17,-0.16893485288945742,1.5856926882902724,11809.914285714285,11700.52380952381,1.0093491947857443,2.227654414347807,49.28203640583073,-13.05359693995115,1
2020-08-24,11641.6,11824.6,11587.1,11753.5,429130.0,0.96,0.9612080813633739,2.020674692644744,11734.32857142857,11725.719047619048,1.000734242716763,1.7444679562163168,47.45087725889468,13.728036466753245,0
2020-08-25,11752.9,11766.9,11131.0,11324.8,594070.0,-3.65,-3.6474241715233835,5.615110200621642,11645.357142857143,11732.390476190476,0.9925817902574964,1.9524912483771506,48.73437258836239,38.43590520355138,1
2020-08-26,11324.9,11533.6,11254.6,11462.3,513059.99999999994,1.21,1.2141494772534678,2.4340664613559237,11604.228571428572,11719.4,0.9901725831892906,2.029643841353808,48.14814814814812,-13.636440150150664,0
2020-08-27,11462.3,11580.3,11135.3,11327.4,560590.0,-1.18,-1.1769016689495149,3.9285272878153856,11528.585714285713,11698.938095238096,0.9854386458355804,1.9687453377992123,41.07106905576806,9.264023700931666,1
2020-08-28,11327.5,11539.0,11281.9,11527.4,464940.0,1.77,1.7656302417147884,2.230338150840609,11528.328571428572,11695.861904761905,0.9856758454658974,1.8949250996322968,45.806112487797556,-17.062380706041846,0
2020-08-29,11527.8,11576.8,11433.5,11468.1,389850.0,-0.51,-0.5144264968683254,1.2495531081870517,11500.72857142857,11681.757142857145,0.9845033098005067,1.8324325699968405,42.82398599802146,-16.15047102851981,1
2020-08-30,11468.1,11704.2,11462.6,11702.0,409360.0,2.04,2.039570635065968,2.06460434113827,11509.357142857143,11682.747619047619,0.9851584163379701,2.023609345167721,46.49266486255519,5.004488905989479,0
2020-08-31,11701.1,11760.2,11563.8,11644.2,496140.0,-0.49,-0.4939326610835737,1.6866766287078667,11493.742857142859,11671.080952380951,0.9848053409995486,1.993922445281505,37.14251188270359,21.19894469415673,1
2020-09-01,11644.2,12045.9,11544.6,11914.9,580690.0,2.32,2.324762542725134,4.207337031783727,11578.042857142858,11696.057142857142,0.9899099085894638,1.428735748701093,49.32390522267707,17.04156084976014,0
2020-09-02,11914.4,11947.5,11244.9,11413.3,20260000.0,-4.21,-4.209854887577746,6.155975922826881,11571.042857142858,11689.204761904763,0.9898913649671879,2.31978287547446,43.812672176308496,3388.9527975339684,0
2020-09-03,11413.2,11442.7,10009.5,10168.8,9650000.0,-10.9,-10.903945397036797,14.094091731571087,11405.528571428571,11612.914285714285,0.9821418027220926,4.75299731726007,28.13511903219954,-52.36920039486673,1
2020-09-04,10168.7,10614.2,9960.3,10472.5,12500000.0,2.99,2.9865864212099913,6.243972308426846,11254.82857142857,11552.042857142857,0.974271711991571,4.909530037607676,36.227615150014316,29.53367875647668,0
2020-09-05,10472.3,10558.7,9897.8,10092.2,14720000.0,-3.63,-3.6314156123179675,6.548621707853604,11058.27142857143,11468.561904761906,0.9642247668367105,4.9723254397274586,30.792018606928636,17.759999999999998,1
2020-09-06,10092.2,10337.7,10004.7,10296.4,12120000.0,2.02,2.0233447613007938,3.2341400877976767,10857.471428571429,11392.247619047619,0.9530578856465466,4.9702958715932635,34.244553759662665,-17.663043478260864,1
2020-09-07,10296.4,10400.9,9887.0,10376.9,12400000.0,0.78,0.7818266578609956,4.95234607638119,10676.42857142857,11301.5,0.9446912862388683,5.044750182200514,33.75731546158201,2.310231023102305,0
2020-09-08,10376.9,10434.4,9877.1,10126.6,113900.0,-2.41,-2.4120883886324385,5.503327869176221,10420.957142857142,11214.785714285714,0.9292158948327144,4.752552903445865,35.24093417422152,-99.08145161290322,1
2020-09-09,10126.8,10343.3,9984.6,10224.6,71370.0,0.97,0.9677483064404635,3.5082056999784728,10251.142857142857,11142.138095238095,0.9200337286722349,4.7894858118081665,34.60457248053336,-37.339771729587355,1
2020-09-10,10224.3,10480.3,10219.2,10339.7,88010.0,1.13,1.1257164094438998,2.5252183332204856,10275.557142857142,11069.890476190476,0.9282437947293323,2.39267766064864,37.653441336033396,23.31511839708562,1
2020-09-11,10339.8,10398.8,10212.6,10390.2,62280.0,0.49,0.48840875460602895,1.7920732998402233,10263.800000000001,11015.652380952382,0.931746903864501,2.0853169770468174,35.232703095782256,-29.23531416884445,0
2020-09-12,10390.2,10393.5,10275.9,10383.0,46190.0,-0.07,-0.06929606744817685,1.132620629875762,10305.342857142858,10954.780952380952,0.9407164690867741,1.400258511494433,35.71597820077402,-25.834938985228007,0
2020-09-13,10441.7,10579.6,10219.4,10326.0,66120.0,-1.11,-0.5489742848887591,3.4882820065853255,10309.57142857143,10892.133333333333,0.9465153531513352,1.2357212182703667,31.001822499585785,43.147867503788696,1
2020-09-14,10332.7,10744.3,10264.5,10675.3,96640.0,3.38,3.3827232229324045,4.4944872743623066,10352.199999999999,10840.790476190476,0.9549303644172846,1.769157719348012,37.619157146873135,46.15849969751966,1
2020-09-15,10675.2,10931.8,10627.8,10785.3,91700.0,1.03,1.0304160070442991,2.818651312434518,10446.300000000001,10815.1,0.9658995293617259,1.2545974137733917,34.94749746815201,-5.111754966887416,1
2020-09-16,10785.2,11093.3,10669.2,10949.5,94940.0,1.52,1.52244258388734,3.873236220831988,10549.857142857143,10790.680952380953,0.9776822416873818,1.276114899136485,43.208972707039955,3.5332606324972815,0
2020-09-17,10950.1,11039.3,10755.2,10941.3,77220.0,-0.07,-0.07488926434997545,2.596583586959489,10635.8,10772.295238095237,0.9873290477954471,1.3342261442852617,67.73008951113151,-18.66441963345271,0
2020-09-18,10941.3,11029.7,10818.7,10933.0,63480.0,-0.08,-0.07585935857712389,1.9299368883197658,10713.342857142856,10743.990476190476,0.9971474640529943,1.3739604513580268,62.2271785884977,-17.793317793317797,1
2020-09-19,10933.0,11177.1,10890.7,11081.8,51630.0,1.36,1.3610171041799957,2.584417693876443,10813.171428571428,10725.595238095239,1.0081651589988345,1.3398097349006897,79.95882780334219,-18.667296786389407,0
2020-09-20,11081.6,11081.6,10772.7,10921.5,53390.0,-1.45,-1.4465159089678492,2.828366066932195,10898.242857142857,10688.42857142857,1.0196300404977345,1.535046102115456,69.44081607265039,3.408870811543685,0
2020-09-21,10919.9,10987.2,10328.5,10416.8,109850.0,-4.62,-4.621160097056276,6.323439059980039,10861.314285714285,10629.980952380953,1.0217623469289019,2.1576276148889986,50.981839657463446,105.75014047574452,1
2020-09-22,10419.4,10570.7,10361.7,10531.5,63520.0,1.1,1.1011059058444017,1.9845226226083652,10825.057142857142,10564.104761904762,1.0247017979122472,2.1652039929659903,60.67605336708325,-42.17569412835685,0
2020-09-23,10531.5,10535.4,10146.6,10237.3,74950.0,-2.79,-2.79352418933676,3.797876393189604,10723.314285714285,10508.10476190476,1.020480336719684,2.167904846601736,50.303464755077634,17.99433249370277,1
2020-09-24,10238.1,10787.8,10201.0,10739.4,82950.0,4.9,4.904613521143264,5.463992401810151,10694.471428571427,10535.27619047619,1.0151106848284763,3.109791607075751,58.06009276063719,10.673782521681119,0
2020-09-25,10739.9,10756.0,10558.9,10688.8,71430.0,-0.47,-0.47116226232378766,1.843986228575709,10659.585714285713,10545.576190476191,1.010811123237864,3.110235272892803,56.021132440716215,-13.887884267631101,1
2020-09-26,10688.9,10793.3,10650.2,10727.9,37850.0,0.37,0.3658034578250202,1.3339050513147825,10609.028571428571,10575.847619047618,1.0031374272376232,3.0447335156098427,56.866414493330666,-47.01105977880442,1
2020-09-27,10727.9,10799.2,10602.7,10776.2,40920.0,0.45,0.45022791040185695,1.8234628162060835,10588.271428571428,10598.695238095239,0.9990165006833724,3.022783489733341,58.99392680198179,8.110964332893001,0
2020-09-28,10776.4,10946.6,10685.2,10693.2,72290.0,-0.77,-0.7702158460310637,2.444544196311671,10627.757142857143,10613.757142857143,1.0013190428056309,2.3492440473896985,50.40017885088311,76.66177908113391,1
2020-09-29,10694.3,10858.4,10642.4,10840.9,59640.0,1.38,1.3812516365540706,1.9924545010100638,10671.957142857142,10647.771428571428,1.0022714343980765,2.365545456989672,51.22240787969397,-17.498962512104022,0
2020-09-30,10843.4,10847.7,10667.6,10776.1,55550.0,-0.6,-0.5977363503030131,1.671291097892562,10748.92857142857,10674.033333333333,1.007016582743971,1.9797064532668407,46.01342652197904,-6.857813547954395,0
2020-10-01,10776.6,10913.7,10462.7,10620.5,95330.0,-1.44,-1.4439361178905208,4.246504401864319,10731.942857142858,10687.404761904761,1.004167344292681,0.9428173185607307,43.092756868486795,71.61116111611162,0
2020-10-02,10619.6,10662.9,10387.6,10572.3,77940.0,-0.45,-0.4538392731039065,2.603974537234086,10715.3,10696.076190476191,1.0017972767939822,0.9418717394738442,42.36484484145463,-18.241896569810134,0
2020-10-03,10572.2,10597.8,10501.2,10544.2,29100.0,-0.27,-0.26578890118515996,0.9161434722406492,10689.057142857144,10703.752380952381,0.9986270947260152,0.9137626151430388,38.0074953154279,-62.66358737490377,1
2020-10-04,10544.4,10693.3,10520.8,10672.9,31400.0,1.22,1.2205762409665866,1.6162430079922046,10674.300000000001,10720.271428571428,0.9957117290473724,1.0477177227668526,44.37505656620508,7.9037800687285165,1
2020-10-05,10672.5,10789.6,10623.4,10789.5,48860.0,1.09,1.0924865781559046,1.540386486862234,10688.057142857142,10725.709523809524,0.9964895207287873,1.0943555330356753,60.22945600263492,55.60509554140127,0
2020-10-06,10790.2,10800.3,10530.8,10602.6,69070.0,-1.73,-1.732239677464198,2.541829362609171,10654.014285714287,10717.009523809524,0.9941219387782307,1.1345799467486897,51.87707904324411,41.36307818256242,1
2020-10-07,10601.0,10680.1,10553.3,10670.9,49270.0,0.64,0.644181615830064,1.1882784020092128,10638.985714285713,10703.742857142855,0.9939500468460966,1.1786065837920965,62.99760191846525,-28.666570146228466,1
2020-10-08,10670.7,10948.6,10549.6,10924.1,79780.0,2.37,2.3728082917092275,3.6524748034162995,10682.357142857143,10702.923809523809,0.9980784067015067,1.343029497385829,56.5076456909309,61.92409173939517,1
2020-10-09,10923.5,11103.0,10836.9,11054.2,70950.0,1.19,1.1909447917906268,2.407229831195386,10751.199999999999,10708.695238095239,1.0039691821421486,1.309943125976735,62.191378620045434,-11.067936826272252,1
2020-10-10,11053.5,11475.0,11053.1,11298.4,65810.0,2.21,2.209115087478053,3.7341570487856655,10858.942857142858,10719.009523809524,1.0130546887772147,1.355972540931304,66.74297118037217,-7.244538407329104,1
2020-10-11,11295.6,11439.4,11277.6,11371.0,41060.0,0.64,0.642568859307513,1.422917949168932,10958.671428571428,10740.414285714285,1.0203211102524643,1.3578778512142333,67.21064814814817,-37.60826622093907,1
2020-10-12,11370.8,11715.9,11227.4,11533.9,84020.0,1.43,1.4325916805909777,4.2353410381570855,11065.014285714287,10793.609523809524,1.025144949083629,1.3712174754554247,73.25073289451852,104.62737457379446,0
2020-10-13,11533.5,11558.0,11315.9,11423.8,64670.0,-0.95,-0.9545773762560827,2.11925979096273,11182.32857142857,10836.1,1.0319514005434216,1.1257294744193862,66.46331130316896,-23.030230897405378,0
2020-10-14,11424.4,11541.0,11293.5,11420.4,59120.0,-0.03,-0.029762425812773774,2.167174529788799,11289.4,10892.438095238096,1.0364438063628238,1.1955503183507505,68.85130785885657,-8.582031854028138,1
2020-10-15,11421.4,11590.9,11276.7,11503.0,70840.0,0.72,0.7232671360022369,2.7314613579066234,11372.1,10928.8,1.040562550325745,1.0259196274934226,76.97292010514093,19.824086603518264,0
2020-10-16,11503.2,11542.2,11224.6,11322.0,71420.0,-1.57,-1.5735025645483791,2.8051580992757494,11410.357142857143,10958.952380952382,1.0411905030894506,1.316513215614692,71.19353197263533,0.8187464709203729,1
2020-10-17,11321.8,11402.7,11274.4,11362.1,29860.0,0.35,0.35417770711889673,1.1291926668485675,11419.457142857142,10989.152380952382,1.0391572295103133,1.036922548503539,72.9656876509238,-58.19098291795015,1
2020-10-18,11362.1,11506.9,11349.8,11506.9,31510.0,1.27,1.2744123005430374,1.3652677958442359,11438.871428571429,11023.947619047618,1.0376384053936258,1.117890818637189,73.2079252003562,5.525787006028127,1
2020-10-19,11507.1,11823.3,11413.9,11753.4,73040.0,2.14,2.1421929451024946,3.48324740075212,11470.22857142857,11074.433333333334,1.0357395476754478,1.272407915597586,75.01427310946178,131.7994287527769,1
2020-10-20,11753.9,12029.4,11685.7,11913.5,94590.0,1.36,1.3621590348324775,2.884962437570814,11540.185714285715,11125.509523809524,1.037272557233334,1.1979158625717699,84.49918416758777,29.504381161007665,1
2020-10-21,11913.6,13213.5,11894.6,12808.7,197720.0,7.51,7.5141646031812614,10.29690757063558,11738.514285714284,11222.300000000001,1.045998973981651,2.8217857953100522,89.1997946310694,109.02843852415688,1
2020-10-22,12805.5,13183.9,12698.2,12974.6,113310.0,1.3,1.2952134096356316,3.7434680067208155,11948.742857142857,11334.400000000001,1.0542016213600063,2.79746362406946,88.8425838226937,-42.69168521141008,0
2020-10-23,12972.7,13025.5,12738.9,12934.1,73940.0,-0.31,-0.3121483513942591,2.215848029627112,12179.042857142858,11446.866666666665,1.0639630225281032,2.578484531215567,86.86222989136829,-34.74538875650869,1
2020-10-24,12933.6,13161.5,12876.4,13117.2,51200.0,1.42,1.4156377328148118,2.173482145579852,12429.77142857143,11569.390476190476,1.0743670078515888,2.4991813915800103,86.53969784635166,-30.754665945361104,0
2020-10-25,13117.0,13345.3,12900.4,13032.2,59730.0,-0.65,-0.6480041472265441,3.4138518438943515,12647.671428571428,11681.738095238095,1.0826874670069073,2.7022467846290574,83.20806013113706,16.660156249999993,1
2020-10-26,13033.0,13229.7,12792.4,13061.6,89470.0,0.23,0.2255950645324578,3.3479818705212305,12834.557142857144,11789.933333333332,1.0886030293801898,2.761110260860697,82.26126620771213,49.79072492884649,1
2020-10-27,13061.5,13782.3,13050.3,13657.8,128639.99999999999,4.56,4.564525019905674,5.3595747484953655,13083.742857142859,11935.419047619049,1.0962114363092166,2.981248066459196,89.14079472983391,43.78003800156476,0
2020-10-28,13658.3,13851.7,12907.6,13278.9,144180.0,-2.77,-2.7742388964547726,7.109775659128395,13150.914285714287,12059.609523809524,1.0904925453639422,2.264008437602028,78.77558604031834,12.080223880597018,1
2020-10-29,13278.3,13640.0,12982.9,13457.2,111230.0,1.34,1.342731702174138,4.882887970751719,13219.857142857143,12180.233333333334,1.0853533574499512,2.266726558867154,79.38646616541354,-22.85337772229158,1
2020-10-30,13457.0,13667.9,13134.5,13559.9,108770.0,0.76,0.7631602413577854,3.9336573278563978,13309.257142857141,12299.552380952382,1.0820928055453816,2.2351837863830117,84.4642252132935,-2.211633552099257,1
2020-10-31,13560.2,14065.4,13441.7,13797.3,102750.0,1.75,1.7507503742652863,4.520449653193008,13406.414285714285,12418.547619047618,1.0795476811758142,2.2565899672298277,85.35423925667828,-5.534614323802522,0
2020-11-01,13795.5,13889.5,13628.7,13759.4,51710.0,-0.27,-0.27469142513389944,1.8954314868380835,13510.300000000001,12532.280952380954,1.0780399874001578,2.2222951902139645,83.74936321956191,-49.67396593673966,0
2020-11-02,13759.7,13828.4,13214.2,13561.4,97760.0,-1.44,-1.4390162361730852,4.529030926010582,13581.699999999999,12628.828571428572,1.0754520835548596,2.377602077253746,77.48890105211946,89.05434152001548,1
2020-11-03,13560.5,14054.0,13294.6,14019.9,108170.0,3.38,3.3809193741059174,5.416586423583618,13633.42857142857,12752.452380952382,1.0690828841511342,2.0673515447470474,79.36158349595763,10.64852700490999,1
2020-11-04,14023.0,14238.8,13544.4,14145.6,140800.0,0.9,0.8965827145700045,4.908946951702293,13757.242857142857,12882.22380952381,1.0679245338814984,1.5243747379805526,73.72493345164153,30.165480262549682,1
2020-11-05,14145.6,15739.9,14099.7,15587.1,227490.0,10.19,10.190447913131994,10.522804113658083,14061.514285714287,13076.70476190476,1.0753102208653122,3.8421155673665885,81.91346412254771,61.56960227272727,0
2020-11-06,15593.9,15955.2,15223.5,15577.9,186130.0,-0.06,-0.059023166592897525,4.697038753618914,14349.800000000001,13279.366666666667,1.0806087639721775,3.9047459985446333,82.54468462258112,-18.18101894588773,0
2020-11-07,15578.2,15754.4,14385.1,14828.4,160730.0,-4.81,-4.811303192342997,9.234307140352293,14497.1,13444.42857142857,1.0782979672939401,4.699265953023451,68.4866686832894,-13.646376188685327,1
2020-11-08,14826.6,15648.3,14720.7,15483.7,94990.0,4.42,4.419222572900661,5.9908161485949645,14743.42857142857,13633.8,1.0813880628605796,4.7998587639973165,73.5789169952871,-40.90088969078579,0
2020-11-09,15483.3,15819.6,14816.9,15327.2,165040.0,-1.01,-1.010740326924442,6.541964611931733,14995.685714285715,13803.98095238095,1.0863305133508763,4.754250902510225,71.27084272194682,73.74460469523108,0
2020-11-10,15328.0,15465.3,15096.5,15303.6,93360.0,-0.15,-0.15397463333159944,2.4098904832849737,15179.07142857143,13965.414285714283,1.0869044854686938,4.753265673279646,67.31327582579425,-43.431895298109545,1
2020-11-11,15303.1,15953.9,15281.0,15695.8,119070.0,2.56,2.562795682061725,4.287134137794822,15400.528571428571,14102.89523809524,1.0920118395142098,4.768294348631002,75.35404821349893,27.538560411311064,1
2020-11-12,15695.8,16342.7,15483.5,16294.7,165540.0,3.82,3.8156704341288927,5.272880138940886,15501.614285714284,14260.995238095236,1.0869938617120491,3.204523251942818,77.35256126009754,39.027462836986636,1
2020-11-13,16293.0,16474.1,15973.4,16324.2,113750.0,0.18,0.18104046100879678,3.067225346418194,15608.228571428572,14422.42857142857,1.0822191626137863,3.196566035011545,77.02837475800301,-31.2854899118038,0
2020-11-14,16323.1,16328.2,15717.7,16071.0,83640.0,-1.55,-1.5510714154445604,3.798767967145791,15785.742857142859,14563.085714285713,1.083955912012368,2.3939836714325016,72.16297884784092,-26.470329670329672,0
2020-11-15,16074.7,16158.1,15782.3,15953.0,58430.0,-0.73,-0.7342418020036101,2.3556697799786943,15852.785714285714,14702.171428571428,1.078261520164174,1.9903521817010232,71.05343980343979,-30.14108082257293,1
2020-11-16,15954.1,16880.7,15870.7,16715.8,118090.0,4.78,4.781545790760355,6.042187630864213,16051.157142857144,14876.180952380952,1.0789837253416936,2.4382937500518223,77.31366029371016,102.1050830053055,1
2020-11-17,16715.8,17845.4,16562.0,17662.3,175870.0,5.66,5.662307517438592,7.266324317897451,16388.114285714284,15066.87142857143,1.0876919182198217,2.8309019710384917,79.0815022994379,48.92878313150986,1
2020-11-18,17662.3,18466.1,17258.9,17774.6,233430.0,0.64,0.6358175322579651,6.791714018880859,16685.085714285717,15280.952380952382,1.0918878155188534,2.872082827234542,79.03664586333811,32.728720077329854,1
2020-11-19,17775.1,18166.0,17380.1,17803.5,135940.0,0.16,0.1625915632419428,4.41430055887888,16900.62857142857,15487.919047619047,1.0912136433219992,2.78101709433443,72.91373749069554,-41.76412629053677,1
2020-11-20,17805.5,18811.0,17758.4,18675.2,134420.0,4.9,4.896228269722247,5.636351953392726,17236.485714285714,15731.504761904764,1.0956666876537708,3.023733949262911,77.17454245556159,-1.118140356039432,1
2020-11-21,18673.8,18966.0,18397.5,18687.2,108910.0,0.06,0.06425633995887914,3.04218930604906,17610.22857142857,15964.357142857143,1.1030966304401322,2.7595230366473107,88.88821703551416,-18.97783067995834,0
2020-11-22,18689.3,18751.5,17644.6,18412.9,121760.0,-1.47,-1.4678496510980743,6.01154625289879,17961.64285714286,16185.952380952382,1.109705653050117,2.9003053393827694,81.97537332984018,11.798732898723706,0
2020-11-23,18428.1,18756.8,18016.0,18379.6,127350.0,-0.18,-0.18085146826410936,4.03055561600905,18199.32857142857,16415.390476190478,1.1086747280136642,2.739032312302904,84.2412276765682,4.590998685939551,1
2020-11-24,18394.6,19416.6,18074.8,19152.6,180790.0,4.21,4.205749853098006,7.0058373275690995,18412.22857142857,16659.804761904765,1.1051887362768498,2.3945852299341497,86.96270118695497,41.963093835885346,0
2020-11-25,19151.5,19486.7,18527.7,18723.0,146120.0,-2.24,-2.2430374988252177,5.122042407733804,18547.714285714286,16877.77619047619,1.0989430169230714,2.7290817658544584,78.86346300533943,-19.176945627523644,0
2020-11-26,18721.9,18894.9,16235.2,17162.0,312070.0,-8.34,-8.337339101639696,15.497611001048833,18456.071428571428,16952.77142857143,1.0886757664570648,4.416920085029188,56.98748005994102,113.57103750342183,0
2020-11-27,17160.9,17450.3,16481.6,17127.1,138800.0,-0.2,-0.2033562521850718,5.655948759568174,18234.914285714283,17026.542857142857,1.0709698638596208,3.7626598577638375,56.46301215487401,-55.52279937193578,1
2020-11-28,17142.6,17874.4,16874.4,17730.7,95200.0,3.52,3.5242393633481583,5.639935253543289,18098.27142857143,17164.74761904762,1.054386107517706,4.157737384562995,62.64648958380956,-31.41210374639769,1
2020-11-29,17729.7,18336.3,17530.4,18185.5,79120.0,2.57,2.565042553311492,4.431552610596342,18065.785714285714,17293.404761904763,1.0446633247191675,4.305819643372418,66.18058474785103,-16.890756302521005,1
2020-11-30,18186.0,19831.2,18186.0,19698.1,185590.0,8.32,8.317615682824231,8.352074565567241,18254.14285714286,17501.542857142857,1.04300192309576,5.349432631716414,69.49597960384388,134.56774519716888,0
2020-12-01,19697.8,19897.4,18257.0,18770.7,208720.0,-4.71,-4.708068290850376,8.739151976218263,18199.585714285713,17666.64285714286,1.0301666174752255,5.54923408005016,57.2640050331612,12.462955978231594,1
2020-12-02,18767.9,19335.5,18346.7,19218.8,91920.0,2.39,2.3872311634622,5.144962224488518,18270.414285714283,17834.404761904763,1.024447663358009,5.534801029853084,59.065685732938285,-55.96013798390188,1
2020-12-03,19219.8,19596.6,18883.7,19433.3,99970.0,1.12,1.1160946573147035,3.6684454004209157,18594.885714285712,17983.861904761907,1.0339762289523595,3.941147077318708,59.99779162781567,8.757615317667543,0
2020-12-04,19431.1,19529.5,18610.8,18658.1,110630.0,-3.99,-3.989029140701794,4.923866846034702,18813.600000000002,18095.0,1.0397126277977342,4.492202163801978,49.893845523509164,10.663198959687904,1
2020-12-05,18657.5,19172.7,18507.1,19146.5,59440.0,2.62,2.6176298765683725,3.476353380513421,19015.85714285714,18241.45238095238,1.04245302104965,4.430576946817957,52.69204168473864,-46.27135496700714,1
2020-12-06,19146.0,19417.1,18873.0,19379.9,54560.0,1.22,1.2190217533230685,2.807548026563597,19186.485714285714,18404.638095238097,1.0424810102215434,4.38980479703189,55.69506937737049,-8.209959623149398,0
2020-12-07,19368.4,19424.6,18908.8,19170.7,61980.0,-1.08,-1.0794689343082253,2.690564246480302,19111.14285714286,18521.5380952381,1.0318334664687674,2.9910398381378407,54.56454758415363,13.599706744868033,0
2020-12-08,19170.8,19288.6,18229.2,18326.6,101410.0,-4.4,-4.403073440197813,5.780668536444282,19047.7,18553.171428571426,1.026654665124638,2.9182787011747595,45.27286878490981,63.61729590190384,1
2020-12-09,18322.4,18637.9,17658.8,18546.0,129720.0,1.2,1.1971669595014944,5.279305510622248,18951.585714285717,18589.904761904763,1.019455772206113,2.766024121782077,48.96207163464922,27.916379055319986,0
2020-12-10,18546.1,18551.8,17926.8,18247.2,85310.0,-1.61,-1.6111290844386894,3.425183041781753,18782.14285714286,18611.033333333333,1.0091939829855154,2.695818120158579,57.46930235119212,-34.23527597903176,0
2020-12-11,18250.5,18288.3,17600.1,18023.6,111530.0,-1.23,-1.225393485027848,3.818327082269917,18691.5,18580.004761904762,1.0060008185963354,2.3409047094737034,56.01427593887108,30.734966592427625,1
2020-12-12,18026.7,18936.2,18025.1,18808.9,71370.0,4.36,4.357065181206887,4.843983433374637,18643.27142857143,18585.8,1.0030922224801424,2.7752331160658166,57.061088699114585,-36.00824890164082,1
2020-12-13,18808.1,19403.6,18716.8,19176.8,82450.0,1.96,1.9559889201388625,3.581410871469689,18614.257142857143,18622.17619047619,0.9995747517616604,2.851879269119545,56.566727169146375,15.524730278828635,1
2020-12-14,19176.4,19346.5,19007.0,19273.8,67110.0,0.51,0.5058195319344261,1.761458560325416,18628.985714285714,18664.757142857143,0.99808347741695,2.825397608447546,46.5404497496861,-18.605215281989086,1
2020-12-15,19273.9,19556.3,19076.2,19434.9,98390.0,0.84,0.8358497027052492,2.470298277840372,18787.314285714285,18678.2,1.0058417987661703,2.0052309537809374,56.18896757361162,46.61004321263598,1
2020-12-16,19434.7,21525.3,19299.7,21352.2,199810.0,9.87,9.865242424710186,10.423281910060783,19188.2,18803.4,1.0204643841007477,3.9661955202114463,65.60598080524343,103.07958125825793,1
2020-12-17,21352.3,23738.0,21243.1,22825.4,310740.0,6.9,6.899523234139804,10.930367047236855,19842.22857142857,19073.085714285713,1.0403260840256578,3.944196806837609,70.95466956596941,55.517741854762015,1
2020-12-18,22823.3,23272.8,22361.5,23127.9,131800.0,1.33,1.325277979794448,3.94026262652467,20571.41428571429,19358.838095238098,1.0626368268855177,3.5534602941190743,79.3247782501443,-57.58511939241811,1
2020-12-19,23127.6,24107.1,22797.0,23844.0,133880.0,3.1,3.096260360862857,5.494464016104674,21290.714285714286,19649.94761904762,1.083499798496979,3.5452371302490104,79.92457541821143,1.5781487101669267,0
2020-12-20,23843.6,24280.9,23098.9,23474.9,114090.0,-1.55,-1.5479785270927637,5.035165219021167,21904.72857142857,19901.82380952381,1.1006392570386587,4.015393902056246,75.64311299251057,-14.781894233642067,0
2020-12-21,23474.1,24101.9,22015.5,22728.5,154690.0,-3.18,-3.179566260133171,9.179664298127907,22398.257142857143,20046.12857142857,1.1173358019254165,4.596104721691445,70.87469783379098,35.58594092383207,1
2020-12-22,22730.4,23825.4,22388.6,23823.2,130750.0,4.82,4.816419913324688,6.031095738607756,23025.157142857144,20286.72380952381,1.1349864748514864,4.606363468132977,81.32894076877479,-15.476113517357293,0
2020-12-23,23820.8,24063.7,22694.7,23257.9,178470.0,-2.37,-2.37289700795863,5.88617201037067,23297.4,20479.061904761907,1.1376204685715003,3.8430491676920644,75.83760130726122,36.49713193116635,1
2020-12-24,23253.2,23783.7,22737.3,23736.5,104590.0,2.06,2.0577954157511957,4.408400564531425,23427.557142857142,20683.97619047619,1.1326428210473485,3.011028468939523,79.51839623148814,-41.396313105844115,1
2020-12-25,23728.7,24778.9,23445.3,24689.6,2400.0,4.02,4.015335032544809,5.40146458427841,23650.657142857144,20971.190476190477,1.127768934706343,3.2788735539263847,83.23826239578763,-97.7053255569366,1
2020-12-26,24714.7,26826.0,24515.1,26454.4,155770.0,7.15,7.14794893396411,8.735408854481678,24023.571428571428,21319.185714285715,1.1268522048885543,3.9936735492374122,84.72985618373596,6390.416666666667,0
2020-12-27,26460.3,28360.3,25858.2,26261.3,231230.0,-0.73,-0.7299352848675555,9.52770807233457,24421.628571428573,21646.871428571427,1.1281828254957333,3.898317105913927,82.70081146201636,48.443217564357695,1
2020-12-28,26259.2,27444.9,26144.3,27057.8,126980.0,3.03,3.032980088571402,4.806747037822743,25040.100000000002,22022.447619047616,1.137026203133859,3.26321540458879,83.75015175427946,-45.08498032262249,1
2020-12-29,27065.3,27390.7,25902.8,27376.0,119570.0,1.18,1.1760010052554115,5.43505260081824,25547.64285714286,22453.371428571427,1.1378087668667005,3.1324057325796564,83.96855136069262,-5.835564655851311,1
2020-12-30,27374.5,28979.3,27374.5,28868.7,159820.0,5.45,5.452586206896548,5.558961782137746,26349.18571428571,22944.928571428572,1.1483664301790932,2.6517280814177333,83.36425698889411,33.66228987204147,1
2020-12-31,28866.8,29298.8,28025.0,28949.4,136690.0,0.28,0.2795415103555188,4.400091193599865,27093.885714285716,23454.557142857142,1.1551650943252576,2.8529819441484676,81.01764622459936,-14.4725315980478,1
2021-01-01,28951.7,29627.1,28712.4,29359.9,100900.0,1.42,1.4179913918768605,3.1154738265457205,27761.071428571428,23994.380952380954,1.156982190274707,2.854263649740183,81.22307060261727,-26.183334552637348,1
2021-01-02,29359.7,33233.5,29008.0,32193.3,240870.0,9.65,9.65057782894354,13.12540186933306,28580.914285714283,24631.73333333333,1.1603289910189412,3.589693054812134,84.50951054384934,138.7215064420218,1
2021-01-03,32192.9,34755.9,32029.6,32958.9,155210.0,2.38,2.378134580797875,8.271817324000507,29537.714285714286,25288.02380952381,1.1680515056534384,3.2416370739084517,87.95543318178906,-35.562751691783944,0
2021-01-04,33016.6,33587.5,28204.5,32022.6,255270.0,-2.84,-2.8408108280312816,16.810002935426855,30246.971428571425,25895.109523809526,1.1680572889935272,4.005033580002134,86.63854614262623,64.46749565105341,1
2021-01-05,32015.4,34414.7,30010.5,33991.5,202130.0,6.15,6.148470142961537,12.956768603915675,31192.042857142857,26588.280952380952,1.1731500397865942,4.168292959171318,87.50009219852923,-20.8171739726564,1
2021-01-06,33999.3,36934.8,33408.3,36793.2,227560.0,8.24,8.24235470632364,9.584651511692378,32324.114285714284,27323.56666666667,1.183012257515708,4.5353872297338444,92.84922850938005,12.5810122198585,1
2021-01-07,36798.5,40340.9,36361.2,39460.2,249600.0,7.25,7.248622027983442,10.085351822849365,33825.65714285714,28115.699999999997,1.203087852796023,4.446258342203685,93.71944946475737,9.685357707857278,1
2021-01-08,39466.4,41921.7,36613.4,40599.3,251290.0,2.89,2.886706098803371,13.074855970423124,35431.28571428572,28947.671428571426,1.2239770581102751,4.303066545754251,93.78374659438036,0.6770833333333393,0
2021-01-09,40607.2,41363.5,38775.1,40151.9,128419.99999999999,-1.1,-1.101989443167739,6.446519342795737,36568.228571428575,29724.238095238095,1.2302494837466298,4.207874437232269,90.64274735773922,-48.895698197301925,0
2021-01-10,40149.7,41362.4,35141.6,38192.2,215780.0,-4.88,-4.880715482953491,16.288142605034544,37315.84285714286,30425.0619047619,1.2264837118146492,5.236044502099154,82.04182041820414,68.02678710481236,0
2021-01-11,38195.3,38217.2,30411.6,35544.3,251040.0,-6.93,-6.933091050004958,21.960201776374827,37818.94285714285,31035.338095238094,1.2185767959442853,6.061655535020843,70.73002721174844,16.340717397349145,0
2021-01-12,35426.0,36598.7,32572.7,34076.1,241930.0,-4.13,-4.130620099425242,11.814732319719676,37831.02857142857,31523.571428571428,1.2000870097206173,6.037719784612524,65.49578844632754,-3.6289037603569163,1
2021-01-13,34061.2,37764.6,32451.9,37382.2,209930.0,9.7,9.70210792901769,14.211844139724247,37915.17142857143,32196.15714285714,1.177630338314555,6.377815749916044,68.166008748533,-13.226966477906831,1
2021-01-14,37383.4,40054.3,36772.1,39175.7,172400.0,4.8,4.797737960847681,8.378152783485692,37874.52857142857,32931.357142857145,1.1501053056249038,5.994876572104766,70.33441637204565,-17.87738770066213,0
2021-01-15,39175.7,39715.0,34488.7,36845.8,118420.0,-5.95,-5.947309173799054,14.184248951033773,37338.31428571428,33510.223809523806,1.1142364938518408,6.2233249818371865,63.82963786777611,-31.310904872389788,0
2021-01-16,36751.8,37931.7,35408.4,36019.5,137020.0,-2.24,-2.2425893860358648,7.005372090117841,36747.97142857143,33965.70476190476,1.081913997844885,6.2348427271149385,57.63480939914437,15.706806282722518,0
2021-01-17,36020.1,36801.3,33883.5,35839.6,126820.0,-0.5,-0.49945168589237143,8.141273898146194,36411.88571428571,34421.81428571429,1.0578142515107734,6.0413268759899585,55.885730163983986,-7.444168734491319,1
2021-01-18,35838.2,37436.8,34801.0,36613.2,111520.0,2.16,2.1585062333284943,7.19904296810987,36564.58571428571,34876.833333333336,1.04839178961065,5.437750234592639,59.442104223915216,-12.06434316353887,0
2021-01-19,36630.6,37821.0,36001.4,36002.9,79110.0,-1.67,-1.6668851670981977,5.05403731366084,36839.84285714286,35287.63809523809,1.0439872104138992,5.156907632128057,54.382020513624916,-29.062051649928268,0
2021-01-20,35862.1,36384.4,33444.5,35476.3,153610.0,-1.46,-1.4626599523927197,8.28694085910876,36567.57142857143,35602.28571428571,1.0271130264509503,3.4123929441245835,46.81531280984741,94.17267096447983,0
2021-01-21,35472.3,35591.1,30101.8,30842.1,253270.0,-13.06,-13.062805309460135,17.79807470956906,35377.05714285714,35692.41428571429,0.9911645891944226,4.951425569830088,30.969363194318703,64.87858863355251,1
2021-01-22,30838.7,33821.2,28871.2,33000.5,243090.0,7.0,6.998226450209288,14.99977273071619,34827.728571428575,35865.776190476194,0.9710574333165203,6.0664408649209145,33.94303102020116,-4.019425909108854,0
2021-01-23,32994.1,33441.4,31418.2,32088.9,100700.0,-2.76,-2.7623823881456344,6.304983966418296,34266.21428571428,35860.80476190476,0.9555338903636534,6.081681204240893,33.28995034443882,-58.57501336953392,1
2021-01-24,32088.5,33034.8,30982.9,32241.3,88210.0,0.47,0.47493058347278794,6.364197473426944,33752.17142857143,35826.63333333334,0.9420972133925904,6.1186642274486855,36.66847380471259,-12.403177755710026,1
2021-01-25,32244.3,34854.3,31967.4,32252.3,142430.0,0.03,0.03411773098478399,8.95098954183113,33129.18571428571,35837.57142857143,0.9244260811678087,5.967506488480281,41.63702875724011,61.466953860106564,1
2021-01-26,32244.1,32917.7,30850.0,32502.1,139840.0,0.77,0.7745184064392285,6.361742779697304,32629.071428571428,35766.64761904762,0.9122764810419284,6.036303863132735,45.737559305877504,-1.8184371270097643,0
2021-01-27,32499.6,32545.4,29290.4,30404.0,194350.0,-6.46,-6.455275197602617,10.705828180502564,31904.457142857143,35462.4,0.8996699925232681,6.34751018153016,29.779897540508586,38.98026315789473,1
2021-01-28,30408.9,33790.8,29911.9,33374.8,167390.0,9.77,9.771082752269455,11.622241931037793,32266.27142857143,35172.619047619046,0.9173690302927737,5.5290985473764955,34.26481996864304,-13.871880627733468,1
2021-01-29,33381.7,38546.0,31953.3,34301.8,297730.0,2.78,2.7775447343504567,19.219691094927963,32452.17142857143,34872.73809523809,0.9305885686390312,5.004577179508258,42.53082795067528,77.8660612939841,0
2021-01-30,34300.0,34920.9,32908.5,34283.1,128570.0,-0.05,-0.05451608953467302,5.869947583503246,32765.628571428573,34593.271428571425,0.947167677942325,4.796340787374444,44.64814084229214,-56.816578779431026,0
2021-01-31,34281.6,34348.3,32189.9,33108.1,101920.0,-3.43,-3.427344668364296,6.519250576143003,32889.45714285714,34351.171428571426,0.9574479057066884,5.091480760424162,42.06766371424423,-20.72800808897877,1
2021-02-01,33106.8,34685.6,32324.9,33515.7,126320.0,1.23,1.2311186688453768,7.0435646577574005,33069.94285714286,34254.57142857143,0.9654169203693356,5.0937735727058735,40.80942349345756,23.940345368916805,1
2021-02-02,33514.0,35976.1,33462.4,35485.2,120850.0,5.88,5.876350486488424,7.083798315917614,33496.1,34321.671428571426,0.9759460599030101,5.464463596099593,48.578582921029934,-4.330272324255857,1
2021-02-03,35486.9,37646.8,35401.5,37646.8,131030.0,6.09,6.091553661808313,5.964119128319015,34530.78571428572,34334.27142857143,1.0057235606738624,4.420954352366068,55.468439006938524,8.42366570128259,0
2021-02-04,37648.9,38707.9,36380.8,36982.1,151440.0,-1.77,-1.7656215136479192,6.292503670694738,35046.114285714284,34229.81428571428,1.0238476315759821,3.6352730021286104,69.33712097353269,15.576585514767615,1
2021-02-05,36976.4,38303.6,36640.0,38297.6,100600.0,3.56,3.5571262854191543,4.343875334224595,35616.94285714285,34298.94761904762,1.0384266961404756,3.6912748440812835,67.61788828800061,-33.57105124141574,1
2021-02-06,38300.6,40939.7,38275.3,39256.6,156020.0,2.5,2.504073362299475,6.787138977904338,36327.44285714286,34453.09523809524,1.054402880382577,3.6210528974886294,73.7644804286273,55.08946322067594,0
2021-02-07,39228.9,39691.7,37381.6,38852.9,125370.0,-1.03,-1.028362109810832,5.945759518594489,37148.12857142857,34596.58571428571,1.0737512908994735,3.096201780086312,71.56144012522827,-19.64491731829253,1
2021-02-08,38853.6,46596.4,38057.0,46395.7,248470.0,19.41,19.413737455891322,18.40558500033409,38988.12857142857,35062.41904761905,1.1119634534764395,7.072529145992785,80.92967923092398,98.18935949589216,1
2021-02-09,46396.4,48143.5,45104.7,46508.6,193870.0,0.24,0.243341516562956,6.5338453533325085,40562.9,35562.69047619047,1.1406026781679304,7.267320820003752,80.81480536280793,-21.974483841107585,0
2021-02-10,46507.8,47295.3,43800.5,44836.0,151830.0,-3.6,-3.596324120700256,7.794629315728439,41589.92857142857,36008.39047619048,1.1550065976686386,7.741847698726215,82.35671303146887,-21.684634033114968,1
2021-02-11,44834.8,48622.1,44041.1,47990.7,145770.0,7.04,7.036087072887853,9.545599459895355,43162.58571428571,36824.990476190476,1.172100390418101,7.59751831111461,82.50101177213556,-3.9913060659948596,0
2021-02-12,47995.0,48927.4,46218.6,47371.7,133730.0,-1.29,-1.289833238523297,5.71818195251596,44458.88571428571,37509.333333333336,1.1852752838658567,7.862816991898889,79.46684222155085,-8.259587020648972,0
2021-02-13,47373.1,48097.3,46270.5,47168.7,89420.0,-0.43,-0.42852589204103175,3.872907245694715,45589.18571428571,38227.41904761905,1.1925781768708024,7.9909976389356325,78.81189181453921,-33.13392656845884,1
2021-02-14,47172.1,49695.1,47051.9,48643.4,106500.0,3.13,3.1264376588712617,5.433830694400467,46987.82857142857,39008.47142857143,1.2045544685714786,7.802029176301648,84.27715973929122,19.10087228807873,0
2021-02-15,48611.1,48936.5,45786.1,47936.3,123180.0,-1.45,-1.453640164955572,6.572054997986915,47207.91428571429,39755.32857142857,1.1874613034802524,3.5200384598157495,81.40265147555836,15.661971830985921,1
2021-02-16,47934.2,50515.8,47044.4,49169.7,141370.0,2.57,2.572997915984332,7.060039007762914,47588.07142857143,40549.02380952381,1.1735935161377262,3.5988098076241193,80.78669228381037,14.767007631108942,1
2021-02-17,49161.3,52577.7,49018.1,52079.2,140030.0,5.92,5.917262053663119,6.834974423570252,48622.81428571428,41581.17619047619,1.1693467751605093,3.4312152380776415,81.41220410401957,-0.9478672985781977,0
2021-02-18,52094.5,52524.0,50941.6,51582.2,94350.0,-0.95,-0.9543157344966913,3.067724912857539,49135.885714285716,42448.195238095235,1.1575494656175298,2.836220919172577,82.01088362588743,-32.62158108976648,1
2021-02-19,51590.1,56238.5,50816.8,55906.6,139430.0,8.38,8.383512141785342,9.697781657264075,50355.15714285714,43476.99523809524,1.1582023290039867,3.7151676818465633,84.10772532521366,47.77954425013249,1
2021-02-20,55922.0,57523.8,54124.1,55923.7,127850.0,0.03,0.03058672857945144,6.0791757340805495,51605.87142857142,44507.5,1.1594870848412384,3.6594754147552475,83.50588415038659,-8.3052427741519,1
2021-02-21,55907.6,58335.1,55502.7,57433.8,87260.0,2.7,2.70028628291763,4.931590805414236,52861.642857142855,45665.86666666667,1.1575745018265178,3.6511930817159053,85.76234780566858,-31.748142354321473,0
2021-02-22,57437.6,57480.8,48353.8,54111.8,244950.0,-5.78,-5.784050506844396,16.86693105755122,53743.857142857145,46646.63333333333,1.1521486826028275,4.653444807944717,67.73204642077445,180.71281228512493,0
2021-02-23,54114.1,54115.0,45093.8,48911.2,315070.0,-9.61,-9.610842736704384,18.444037357496846,53706.92857142857,47285.96666666667,1.1357900103856444,6.3147640862793395,54.47491544112169,28.626250255154105,1
2021-02-24,48911.1,51311.8,47031.7,49697.5,153750.0,1.61,1.6076072555978982,8.612304441873347,53366.68571428572,47859.80952380953,1.1150626432755986,5.845438204229585,59.36384053253411,-51.20132034151141,0
2021-02-25,49695.9,52013.8,46773.7,46928.5,83220.0,-5.57,-5.571708838472755,11.166135717101561,52701.87142857142,48333.44761904762,1.0903809685573156,6.155175648284849,47.92321649226535,-45.87317073170731,0
2021-02-26,46928.5,48413.9,44248.2,46345.6,189410.0,-1.24,-1.2421023471877457,8.988339777670381,51336.01428571429,48716.68571428572,1.0537665593014773,4.521549826205979,47.99096216876623,127.60153809180483,0
2021-02-27,46333.1,48335.1,45059.4,46136.7,98750.0,-0.45,-0.4507439756956444,7.0999876454102635,49937.87142857143,49044.30952380953,1.0182194817999854,4.4791748989656295,47.97987707003876,-47.86442109709097,0
2021-02-28,46136.0,46582.0,43100.6,45164.0,135080.0,-2.11,-2.1082999000795355,7.708351784607212,48185.042857142864,49344.8380952381,0.9764961182797526,3.8517387427206278,43.052593746256136,36.78987341772151,1
2021-03-01,45160.5,49774.0,45008.8,49595.5,137520.0,9.81,9.812018421751834,9.608129769837984,47539.857142857145,49497.20952380952,0.960455298393926,6.059285749696217,52.88402038560214,1.8063369854900868,0
2021-03-02,49595.6,50191.9,47100.6,48424.2,102100.0,-2.36,-2.3617062031837666,6.383791575286743,47470.28571428572,49588.42857142857,0.95728554184588,4.858985658990711,48.70136883215519,-25.756253635834792,1
2021-03-03,48422.2,52567.9,48159.2,50395.1,44930.0,4.07,4.070072401815628,8.748271161283547,47569.942857142865,49853.14761904762,0.954201392069527,5.082566064807589,46.96719215406614,-55.994123408423114,0
2021-03-04,50388.0,51757.7,47521.8,48428.0,9560.0,-3.9,-3.903355683389853,8.746799372263968,47784.15714285714,49873.97142857143,0.9580980975475899,4.791760570980363,44.605401781438566,-78.72245715557534,1
2021-03-05,48363.6,49429.4,46370.1,48792.5,113640.0,0.75,0.7526637482448084,6.270021007326952,48133.71428571428,49941.62857142857,0.9637994527325329,4.726631303589007,35.92655163818651,1088.702928870293,1
2021-03-06,48798.7,49191.8,47132.8,48855.6,66660.0,0.13,0.12932315417328866,4.214460573608758,48522.12857142857,50021.957142857136,0.9700165955693172,4.705470716695654,36.042952659660614,-41.341077085533264,1
2021-03-07,48899.0,51434.1,48890.6,50982.3,82910.0,4.35,4.353032201016882,4.988986373702246,49353.31428571428,50133.333333333336,0.9844411094224923,4.647413344726652,37.56337349397591,24.377437743774387,1
2021-03-08,50988.9,52384.9,49338.1,52311.0,68140.0,2.61,2.606198621874656,5.824396398463044,49741.24285714285,50341.65238095238,0.9880733051973339,3.1397836564360264,46.239590380969084,-17.814497648052107,1
2021-03-09,52352.4,54880.6,51941.3,54879.0,114060.0,4.91,4.90910133623903,5.355964941052125,50663.357142857145,50613.52380952381,1.0009845853357469,3.119552613550348,64.0012950693519,67.39066627531554,1
2021-03-10,54882.7,57328.7,53073.6,55851.9,140960.0,1.77,1.772809271305964,7.618541177650176,51442.9,50793.17619047619,1.012791557021111,2.9634252345628367,64.31375650054423,23.584078555146416,1
2021-03-11,55851.2,58135.0,54351.8,57799.5,129630.0,3.49,3.4870792220139224,6.545385340703634,52781.68571428571,51089.23809523809,1.0331272824208622,1.7975915726006244,76.28791689236245,-8.037741203178205,0
2021-03-12,57806.2,58052.3,55134.5,57265.1,116960.0,-0.92,-0.9245754721061594,5.095249986466457,53992.057142857135,51153.92857142857,1.0554821232833673,2.1565855428483194,76.46728038665329,-9.7739720743655,1
2021-03-13,57267.4,61795.8,56118.8,61195.3,134640.0,6.86,6.863167967924633,9.276856229154854,55754.87142857143,51404.95714285715,1.0846205215894964,2.486289101756402,80.92165785064232,15.116279069767447,0
2021-03-14,61192.7,61673.7,59113.7,59113.7,80290.0,-3.4,-3.4015684211042396,4.33063739877558,56916.5,51484.95238095238,1.1054977691123804,3.4695789230220515,77.39694011823161,-40.36690433749257,0
2021-03-15,59117.4,60565.9,55088.8,55791.3,117710.0,-5.62,-5.620355349098427,9.81712202440165,57413.68571428572,51564.92857142857,1.1134250992853671,4.534064790873046,62.72269542575998,46.60605305766596,1
2021-03-16,55619.5,56889.7,53342.6,56889.7,128509.99999999999,1.97,1.9687657394611646,6.235047820607243,57700.92857142857,51944.857142857145,1.110811189888178,4.239512048382705,67.43558585463308,9.175091326140494,1
2021-03-17,56892.9,58933.2,54253.2,58913.5,118260.0,3.56,3.5574102166121557,7.943849881606084,58138.299999999996,52383.71428571428,1.1098544804001242,4.373870818186078,67.50639144409644,-7.976032993541349,0
2021-03-18,58911.8,60088.0,57099.6,57656.0,102620.0,-2.13,-2.134485304726419,5.183155265713892,58117.799999999996,52894.54761904762,1.098748408221029,4.324169018277055,69.53445837814037,-13.225097243362082,1
2021-03-19,57645.0,59448.3,56305.1,58088.0,83980.0,0.75,0.7492715415568174,5.41110039939403,58235.357142857145,53453.70952380953,1.0894539904086125,4.307928192100141,69.62127384716705,-18.164100565191966,1
2021-03-20,58084.1,59882.1,57863.0,58093.4,67830.0,0.01,0.00929624018730646,3.4756099660202335,57792.22857142857,54023.07619047618,1.0697693031707969,3.1994099344938607,69.54709347597928,-19.23076923076923,0
2021-03-21,58097.4,58583.8,55583.3,57383.8,77470.0,-1.22,-1.2214812698172262,5.228827648221275,57545.1,54604.97142857142,1.0538436060766838,2.99149340163559,64.40967923466516,14.212000589709572,0
2021-03-22,57379.3,58379.9,53784.2,54158.3,95530.0,-5.62,-5.62092437238384,8.485679941947964,57311.81428571428,54822.247619047615,1.0454116125257455,2.9916593930521196,53.831094225050094,23.31224990318832,1
2021-03-23,54117.5,55813.8,52992.3,54452.5,84840.0,0.54,0.5432223685012172,5.1815802763876775,56963.642857142855,55109.30952380953,1.0336482773846436,2.8499236987498078,49.02337935930022,-11.190202030775676,0
2021-03-24,54309.1,57169.4,51725.4,52325.4,137910.0,-3.91,-3.906340388411911,10.40412495652207,56022.485714285714,55201.228571428575,1.0148775156660592,2.4013023449627853,42.330260942944015,62.553041018387546,0
2021-03-25,52330.0,53175.4,50441.3,51322.3,143350.0,-1.92,-1.917042201301855,5.327313857718766,55117.67142857143,55339.05238095239,0.9959995528861432,2.3954575788292356,35.30927367408779,3.9446015517366373,1
2021-03-26,51317.4,55074.1,51302.0,55036.1,100300.0,7.24,7.236230644378749,6.8538650086034405,54681.68571428572,55636.366666666676,0.9828407027708922,4.108560866020402,45.581694060559926,-30.0313916986397,1
2021-03-27,55033.8,56531.1,54010.2,55862.9,73870.0,1.5,1.502286680923981,4.512655089513794,54363.04285714286,55970.04761904762,0.9712881294501906,4.18927944999259,37.9473084642786,-26.35094715852443,0
2021-03-28,55856.9,56504.2,54711.3,55765.2,58710.0,-0.17,-0.1748924599331625,3.215087545637771,54131.81428571429,56197.80476190476,0.9632371676270359,4.177207656160671,41.68582679902469,-20.522539596588608,1
2021-03-29,55764.7,58392.6,54951.1,57616.2,107910.0,3.32,3.3192743861763185,5.973146441452231,54625.8,56450.43333333333,0.9676772484179338,3.620996234088648,54.88832577052271,83.80173735309147,1
2021-03-30,57614.6,59366.9,57077.1,58771.3,86210.0,2.0,2.004818089356819,3.896119364383641,55242.771428571425,56635.78095238095,0.9754040731780363,3.6361933243886306,55.02494311687481,-20.109350384579738,0
2021-03-31,58771.4,59795.6,56991.6,58763.7,98060.0,-0.01,-0.012931481862754612,4.771653248519069,56162.52857142857,56774.438095238096,0.9892220945844843,2.9702911714913123,49.55166882152946,13.745505161814165,0
2021-04-01,58763.2,59406.5,58040.7,58718.3,69040.0,-0.08,-0.07725857970140027,2.326021019000896,57219.1,56818.19047619047,1.0070560065438467,2.661376058279449,53.42803482571011,-29.5941260452784,1
2021-04-02,58718.2,60134.9,58466.5,58977.3,72370.0,0.44,0.441089064226996,2.828885011690941,57782.12857142857,56899.723809523806,1.015508067576192,1.324150931027718,52.90216887600922,4.823290845886441,0
2021-04-03,58976.8,59770.5,56906.7,57059.9,68740.0,-3.25,-3.251081348247553,5.018936240687423,57953.12857142858,56702.79999999999,1.0220505613731348,2.045935323017508,47.001444877069396,-5.015890562387726,1
2021-04-04,57059.7,58464.8,56470.6,58199.9,57210.0,2.0,1.9979004519811605,3.4264663684989225,58300.942857142865,56659.28571428572,1.0289741941177213,2.121536730166667,52.31010490440847,-16.773348850741932,1
2021-04-05,58202.3,59205.1,56842.7,58993.4,54130.0,1.36,1.3634044044749327,4.004515759390036,58497.68571428571,56811.76666666666,1.0296755258027952,1.8152733606766887,65.87183308494784,-5.383674182835174,0
2021-04-06,59169.0,59487.0,57403.3,57996.3,77150.0,-1.69,-1.690189071997883,3.5928154037412683,58386.971428571436,56864.461904761905,1.0267743591130691,1.7917236502561154,61.1198272940645,42.527249214853136,0
2021-04-07,57996.3,58627.7,55489.3,55948.7,110690.0,-3.53,-3.530570053606874,5.60942434766133,57984.82857142857,56723.28095238095,1.022240385215141,2.187976841023594,61.42629185561741,43.473752430330514,1
2021-04-08,55948.0,58136.7,55721.6,58077.4,64780.0,3.8,3.804735409401827,4.158416182542604,57893.27142857143,56743.34761904762,1.0202653501736265,2.7780516227167698,69.89052276996823,-41.47619477820942,1
2021-04-09,58076.8,58890.9,57686.0,58118.7,59220.0,0.07,0.07111199881537633,2.073170941538612,57770.61428571429,56744.80952380953,1.0180775082428348,2.7690239222382504,61.58158128071413,-8.582895955541836,1
2021-04-10,58127.4,61229.0,57900.0,59748.4,103720.0,2.8,2.804088873288646,5.571697317417705,58154.68571428571,56823.619047619046,1.0234245317171933,2.5883246361030543,63.76753052561457,75.1435325903411,1
2021-04-11,59772.4,60667.1,59250.3,59978.7,58200.0,0.39,0.38544965220825844,2.362171904359374,58408.799999999996,56947.18571428571,1.0256661372705487,2.5233205863226527,64.79074959455758,-43.887389124566134,0
2021-04-12,59982.1,61259.9,59569.2,59863.8,81880.0,-0.19,-0.19156800664235085,2.824244368048811,58533.142857142855,57218.876190476185,1.0229691100938718,2.498684476708769,58.98493715820782,40.68728522336771,1
2021-04-13,59863.6,63659.0,59839.4,63540.9,126560.0,6.14,6.142443346396309,6.011246299627482,59325.22857142857,57651.65714285715,1.0290290255564452,3.1588431292121424,65.8673550859637,54.567659990229615,0
2021-04-14,63544.2,64778.0,61366.3,62980.4,130430.0,-0.88,-0.8821090038069967,5.417082139840327,60329.75714285715,58159.038095238095,1.0373238471390192,2.5820866551714334,63.53024225894435,3.0578381795195897,1
2021-04-15,62978.6,63729.1,62067.5,63216.0,76970.0,0.37,0.37408463585495433,2.628448494052136,61063.84285714286,58725.40476190476,1.0398198719058476,2.4453815081031065,64.25786327008058,-40.98750287510542,0
2021-04-16,63211.6,63518.5,60027.3,61379.7,136850.0,-2.9,-2.90480258162491,5.687874003945925,61529.7,59027.480952380945,1.042390747618684,2.899633985590283,56.923342939481245,77.79654410809407,0
2021-04-17,61358.3,62509.1,59672.1,60041.9,84080.0,-2.18,-2.179547961296646,4.725033684810107,61571.62857142858,59226.48095238096,1.0395962681107653,2.942283042185153,58.89066450412632,-38.560467665327,0
2021-04-18,60043.2,60362.1,51817.6,56207.1,216810.0,-6.39,-6.386873166905116,15.201816140665503,61032.82857142857,59247.52380952381,1.0301329852644032,3.8182284123682564,44.88112118036289,157.8615604186489,0
2021-04-19,56208.1,57517.0,54272.3,55646.1,117510.0,-1.0,-0.9980945467743418,5.830956706759319,60430.3,59153.70952380953,1.021580903149897,3.806805795972886,41.29789369147336,-45.8004704580047,1
2021-04-20,55645.1,57054.9,53422.5,56483.2,115490.0,1.5,1.5043282458249596,6.430938757010937,59422.057142857135,59044.752380952385,1.0063901489411016,2.5610353985353704,46.033335605341655,-1.7190026380733525,0
2021-04-21,56479.5,56764.4,53657.6,53820.2,100260.0,-4.71,-4.714676222310354,5.772553799502795,58113.45714285714,58809.34761904762,0.988167009083347,2.7731429527939513,44.59445045484328,-13.187288942765607,0
2021-04-22,53821.3,55408.4,50590.9,51729.5,168130.0,-3.88,-3.8846009490860256,9.312867899361098,56472.528571428564,58476.54761904762,0.9657295252675573,2.578044161414645,33.847664897379644,67.69399561141034,0
2021-04-23,51707.1,52099.9,47659.4,51143.6,214460.0,-1.13,-1.1326225847920424,8.682415786139419,55010.22857142857,58103.514285714286,0.9467625021943594,2.6514235460311943,32.73036984951497,27.556057812407065,0
2021-04-24,51140.8,51183.0,48775.2,50088.9,82250.0,-2.06,-2.0622326156156334,4.80705305965993,53588.37142857142,57771.561904761904,0.9275908364207534,2.654463409154994,25.383160802662616,-61.647859740744195,0
2021-04-25,50088.2,50532.4,47098.5,48963.6,59200.0,-2.25,-2.246605535358137,7.013168966334178,52553.58571428571,57331.73809523809,0.916657813984027,2.040890095831073,23.15315359230209,-28.024316109422486,1
2021-04-26,48963.5,54320.9,48815.9,54020.5,129759.99999999999,10.33,10.32787621825193,10.190575799927805,52321.357142857145,57094.933333333334,0.9163922976736489,5.1011828354612145,38.523060726645625,119.18918918918915,1
2021-04-27,54011.1,55427.8,53345.0,55036.5,84080.0,1.88,1.8807674864171897,3.7843976270293407,52114.68571428572,56953.990476190476,0.9150313310543565,5.125491419746595,31.34640018249135,-35.203452527743515,0
2021-04-28,55036.0,56419.9,53876.4,54841.4,86960.0,-0.35,-0.35449201893288373,4.637919527947864,52260.57142857143,56901.26190476191,0.9184431008936532,4.744961225767983,31.85704987026419,3.4253092293054177,0
2021-04-29,54838.6,55173.7,52400.0,53560.8,83900.0,-2.34,-2.335097207584047,5.178600767725645,52522.18571428571,56686.18571428571,0.9265429496176065,4.545845682758201,29.435318974918218,-3.5188592456301793,1
2021-04-30,53562.3,57925.6,53088.7,57720.3,103740.0,7.77,7.7659407626473165,8.37989407539462,53461.71428571428,56667.21428571428,0.9434328995980291,5.185495055520218,42.907699702307134,23.647199046483912,1
2021-05-01,57719.1,58449.4,57029.5,57807.1,63410.0,0.15,0.15038036877839112,2.456272672387996,54564.31428571429,56574.771428571425,0.9644637160329416,4.969966152725099,45.447990418537195,-38.8760362444573,0
2021-05-02,57807.2,57868.4,56110.5,56603.8,53610.0,-2.08,-2.0815782144407824,3.1056218840431233,55655.771428571425,56414.061904761904,0.9865584847006652,4.945857890396083,50.905050670974056,-15.454975555906003,1
2021-05-03,56605.8,58925.1,56562.4,57169.8,89240.0,1.0,0.9999328666979945,4.132776395929314,56105.67142857144,56285.776190476194,0.9968001727240065,3.4057216521775078,53.4754503692823,66.46148106696512,0
2021-05-04,57170.6,57201.3,53741.5,53741.5,132330.0,-6.0,-5.996697557101827,6.437855288743341,55920.67142857144,55819.13809523809,1.001818969923185,4.217310131390574,44.4074559095304,48.28552218735993,1
2021-05-05,53872.5,57936.4,53872.5,57441.3,119820.0,6.88,6.884437538959665,7.0748746981701345,56292.08571428572,55555.37142857143,1.0132609010932723,5.005457903905806,57.08660646838026,-9.453638630695982,0
2021-05-06,57441.0,58364.9,55294.5,56405.4,109020.0,-1.8,-1.8034062599558198,5.443450449779633,56698.45714285714,55231.05714285714,1.0265683851787324,4.9542652731695975,59.54495164141569,-9.013520280420629,1
2021-05-07,56411.4,58639.3,55300.1,57337.2,110010.0,1.65,1.6519694922826567,5.823793279057932,56643.72857142857,55038.55714285714,1.0291644896214316,3.972554950412938,62.46698872785829,0.9080902586681372,1
2021-05-08,57330.3,59471.1,56972.2,58840.1,101270.0,2.62,2.621160433366132,4.246933638793955,56791.299999999996,54981.32857142857,1.0329197470413982,4.098791443598869,67.30293180218442,-7.944732297063906,0
2021-05-09,58840.6,59227.0,56414.4,58238.3,103590.0,-1.02,-1.0227718851599454,4.829467893121878,57024.8,55078.05238095239,1.0353452516000885,4.013830622869296,68.72564577806314,2.2909055001481216,0
2021-05-10,58251.2,59523.9,53678.3,55848.9,142610.0,-4.1,-4.10279833030841,10.46681313329358,56836.1,55087.70952380952,1.0317383040845944,4.352011747981405,54.13717575077386,37.667728545226375,1
2021-05-11,55846.1,56871.1,54550.4,56695.7,96470.0,1.52,1.5162339813317605,4.093255749554194,57258.12857142857,55097.82857142857,1.0392084417119887,3.552241200147519,53.78329076979204,-32.35397237220391,0
2021-05-12,56694.5,57938.5,49187.0,49384.2,160740.0,-12.9,-12.896039734935805,17.721254976287966,56107.114285714284,54886.59047619048,1.022237194894685,5.3415789076737585,40.60541791188662,66.62174769358349,1
2021-05-13,49398.2,51337.3,46331.1,49704.6,236710.0,0.65,0.6487905038453645,10.071904813638987,55149.857142857145,54790.166666666664,1.0065648728243295,5.43657634241488,43.13457388852093,47.26266019659078,1
2021-05-14,49704.9,51459.2,48874.0,49839.8,118840.0,0.27,0.2720070174591527,5.187019209547384,54078.799999999996,54728.08095238095,0.9881362375387163,5.320464412351362,33.62316551606614,-49.79510793798318,0
2021-05-15,49839.1,50640.9,46650.2,46708.8,131910.0,-6.28,-6.2821279379130734,8.54378618161889,52345.75714285715,54567.123809523815,0.9592911168559893,5.133847183584344,29.526529196689808,10.99798047795355,0
2021-05-16,46729.3,49764.3,43920.8,46426.4,180070.0,-0.6,-0.6045969924296957,12.586588665069872,50658.34285714285,54446.30476190476,0.930427566731539,5.164710661921651,30.56501879067494,36.50974149041013,0
2021-05-17,46424.2,46545.4,42201.5,43541.3,274760.0,-6.21,-6.2143521789326694,9.976505065305815,48900.11428571429,53947.295238095234,0.906442372502545,5.295497492820334,26.092280272118387,52.58510579219193,0
2021-05-18,43538.5,45770.9,42293.9,42897.3,154960.0,-1.48,-1.4790555174053144,8.105405235294528,46928.91428571429,53369.23809523809,0.8793251685918588,4.944661627901064,28.91710086320866,-43.601688746542436,0
2021-05-19,42898.3,43516.6,30261.7,36720.5,607100.0,-14.4,-14.399041431512016,36.0967307090045,45119.81428571429,52506.3380952381,0.8593212919147811,5.415968044191471,13.25447774428089,291.77852348993287,1
2021-05-20,36706.8,42425.9,35010.4,40717.2,269750.0,10.88,10.884111055132696,18.21220516145511,43835.90000000001,51894.73809523809,0.8447079917727233,7.7580765804135075,24.822986410235004,-55.567451820128476,0
2021-05-21,40611.2,42108.3,33592.3,37297.4,315500.0,-8.4,-8.398907586965699,22.832690750561703,42044.12857142858,50922.21904761905,0.8256538964280351,7.9235785362665965,20.21769241286657,16.960148285449495,1
2021-05-22,37291.0,38776.0,35314.9,37448.3,185830.0,0.4,0.40458584244478235,9.242342108987586,40721.200000000004,49952.752380952385,0.8151943198134466,7.975234031028514,16.87734966771751,-41.09984152139461,0
2021-05-23,37446.8,38248.7,31192.4,34679.7,325730.0,-7.39,-7.393125989697813,20.34706182579433,39043.1,48908.747619047615,0.798284599395356,8.071737952286583,15.816080746170769,75.28386159392994,1
2021-05-24,34720.3,39851.7,34474.6,38750.6,244880.0,11.74,11.738567519326871,13.8761722399137,38358.71428571428,48031.642857142855,0.7986134140737579,9.835905190975366,26.3444207403964,-24.821170908421088,0
2021-05-25,38753.6,39740.8,36540.7,38378.3,163010.0,-0.96,-0.9607593172750728,8.338305761328682,37713.142857142855,47300.061904761904,0.7973169873028455,9.835709926630999,24.32063388811629,-33.43270173146031,1
2021-05-26,38375.7,40750.0,37847.0,39249.2,153800.0,2.27,2.2692511132593074,7.396329097153573,38074.385714285716,46433.771428571425,0.8199718554598809,7.929545646848806,32.66039349871686,-5.649960125145692,0
2021-05-27,39249.0,40322.2,37190.8,38417.3,122930.0,-2.12,-2.119533646545646,8.151015297795508,37745.82857142857,45577.195238095235,0.8281735717664149,6.7191398481054545,31.021135641383495,-20.071521456436937,0
2021-05-28,38543.2,38844.1,34772.4,35662.5,199580.0,-7.17,-7.1707277710823085,11.417315106905004,37512.271428571425,44545.066666666666,0.8421195484850869,6.494975816852721,28.091766312998146,62.35255836655007,0
2021-05-29,35664.5,37227.1,33664.2,34584.6,160430.0,-3.02,-3.022502628811785,10.301984120099702,37103.17142857143,43390.04285714286,0.855107969142361,6.547745549211093,29.995049995049982,-19.616194007415576,1
2021-05-30,34589.3,36388.6,33441.0,35652.8,104180.0,3.09,3.0886579575880813,8.26751335098505,37242.18571428571,42314.54285714286,0.880127332109393,6.005077895684239,32.67285967937006,-35.06202081904881,1
2021-05-31,35644.0,37480.7,34213.2,37298.6,131700.0,4.62,4.616187227931601,8.76038242722247,37034.75714285715,41431.195238095235,0.8938858010257053,4.0909179742723,39.543040921958486,26.415818775196765,0
2021-06-01,37294.3,37850.3,35742.7,36687.6,113480.0,-1.64,-1.6381311899106188,5.744720286963459,36793.22857142857,40478.42857142857,0.9089589163893289,4.112379137340398,39.5868059631412,-13.834472285497345,1
2021-06-02,36687.7,38199.9,35981.1,37555.8,96890.0,2.37,2.3664671442122254,5.908008882782427,36551.31428571429,39915.17142857143,0.9157248479096025,4.123706839943777,51.70414437793528,-14.619316179062391,1
2021-06-03,37555.7,39462.3,37193.6,39187.3,106440.0,4.34,4.3442024933565415,5.789375639556703,36661.31428571429,39414.347619047614,0.9301514930567345,4.427294301217543,46.54536257999252,9.856538342450193,0
2021-06-04,39191.4,39255.4,35659.9,36851.3,127710.0,-5.96,-5.961114953058766,9.756779272373024,36831.142857142855,38795.84761904762,0.9493578596040223,4.095099664291653,48.940827868502154,19.983089064261563,0
2021-06-05,36841.2,37887.6,34832.0,35520.0,101480.0,-3.61,-3.6126269629565333,8.602477477477473,36964.77142857143,38263.04761904762,0.9660697129146112,4.1857795927642805,45.66465671131734,-20.538720538720533,1
2021-06-06,35518.7,36434.0,35265.3,35815.4,62200.0,0.83,0.8316441441441391,3.2631214505491966,36988.0,37757.76190476191,0.9796131479746201,4.033495227334136,52.87284795685543,-38.70713441072132,0
2021-06-07,35815.4,36754.6,33410.1,33578.0,119500.0,-6.25,-6.247033399040635,9.960390732026921,36456.485714285714,37283.31904761905,0.9778229687041198,4.111170911188281,35.577663027112635,92.12218649517685,0
2021-06-08,33574.6,34047.8,31158.1,33382.9,193540.0,-0.58,-0.5810352016201059,8.656228188683441,35984.385714285716,36830.252380952385,0.9770333730565439,4.121082637964722,35.932730324295704,61.95815899581589,1
2021-06-09,33385.5,37517.6,32428.6,37332.2,209820.0,11.83,11.83030833151102,13.631663818365917,35952.44285714286,36859.380952380954,0.9753946465783085,6.4215358978557,45.39930305561155,8.41169784023974,0
2021-06-10,37375.2,38340.8,35824.0,36649.4,154320.0,-1.83,-1.828984094159991,6.867233842846003,35589.88571428571,36665.676190476195,0.970659467164827,6.157809637164233,45.72655150908643,-26.451243923362878,1
2021-06-11,36654.3,37641.1,36003.3,37314.6,109150.0,1.81,1.8150365353866604,4.389166706865398,35656.07142857143,36666.49523809524,0.9724428581744018,5.759129545858602,54.44229931541105,-29.27034733022291,0
2021-06-12,37334.4,37437.3,34703.3,35467.5,87730.0,-4.95,-4.950073161711499,7.708465496581378,35648.57142857143,36572.171428571426,0.9747458254754201,5.930788671344788,52.279710601467656,-19.624370132844703,1
2021-06-13,35467.5,39321.6,34827.0,39022.9,123320.0,10.02,10.02438852470573,11.517852337986152,36106.78571428572,36778.990476190476,0.9817231317879722,7.029523461087956,57.71136992883784,40.567650746608905,1
2021-06-14,39024.1,40970.4,38769.9,40529.4,157350.0,3.86,3.8605536748934632,5.429391996920754,37099.84285714286,36863.69523809524,1.006405967104556,6.173994736633662,57.44005674229236,27.594875121634765,0
2021-06-15,40522.5,41318.0,39589.9,40156.1,117550.0,-0.92,-0.9210597738925408,4.303455763881449,38067.44285714285,36948.35238095238,1.0302879669613463,6.207025999058502,58.075857412279674,-25.29393072767715,0
2021-06-16,40148.1,40494.4,38156.4,38336.0,123520.0,-4.53,-4.5325616780514055,6.098706176961603,38210.84285714286,36904.86666666667,1.0353876414802436,5.263237571567417,51.73946777012805,5.078689919183321,0
2021-06-17,38337.8,39529.9,37425.3,38052.0,109580.0,-0.74,-0.7408180300500833,5.530852517607481,38411.21428571428,36887.47142857143,1.041307869532164,5.19882181430192,47.30702266247289,-11.285621761658026,0
2021-06-18,38045.5,38166.0,35198.5,35749.4,102840.0,-6.05,-6.051193104173236,8.300838615473266,38187.614285714284,36891.60952380953,1.0351300682901439,5.728405839362973,47.382100686607586,-6.150757437488597,0
2021-06-19,35770.0,36357.3,34845.5,35513.4,105460.0,-0.66,-0.6601509395961935,4.25698468747009,38194.17142857143,36935.8380952381,1.034068086666634,5.389021100260343,49.98345881244299,2.547646830027217,1
2021-06-20,35510.9,36097.9,33378.0,35595.8,137480.0,0.23,0.2320250947529745,7.641070013878045,37704.58571428572,36933.12380952381,1.0208880762087873,3.236655753823457,49.44369008775308,30.362222643656356,0
2021-06-21,35597.9,35708.4,31284.1,31692.0,256870.0,-10.97,-10.967024199484221,13.960305439858647,36442.1,36666.142857142855,0.9938896529690684,4.0719063342504445,45.59419910669233,86.84172243235379,1
2021-06-22,31682.7,33272.5,28901.8,32496.4,309650.0,2.54,2.5381799823299245,13.449797516032547,35347.857142857145,36466.561904761904,0.9693224503909519,4.59587720626222,47.98640796987221,20.54735858605521,1
2021-06-23,32498.3,34784.3,31736.5,33674.3,173340.0,3.62,3.6247091985573743,9.050819170702889,34681.9,36281.72857142857,0.9559053927577086,5.11300869390394,40.49476392173168,-44.02066849668981,1
2021-06-24,33678.1,35249.9,32356.7,34665.8,119250.0,2.94,2.944381917367256,8.345977880216237,34198.15714285715,36066.41904761905,0.9481994067030828,5.4113791944815945,44.92690611860749,-31.204569055036345,0
2021-06-25,34660.5,35490.9,31337.9,31594.0,193430.0,-8.86,-8.861183068038248,13.144900930556435,33604.52857142857,35816.07142857143,0.9382527795782022,5.912961894905579,36.97305618305036,62.20545073375261,1
2021-06-26,31592.1,32643.0,30206.9,32243.4,156670.0,2.06,2.0554535671330143,7.555344659682286,33137.385714285716,35660.04285714286,0.9292581572892911,6.071308364046332,42.23448993453474,-19.004290957969296,1
2021-06-27,32247.1,34685.5,32041.7,34678.5,148800.0,7.55,7.552243249781343,7.623743818215896,33006.34285714286,35605.90476190476,0.9269907078012743,6.929774753166727,38.939242723588,-5.023297376651559,0
2021-06-28,34682.2,35231.2,33944.9,34475.9,112000.0,-0.58,-0.5842236544256529,3.73101209830634,33404.04285714286,35648.6619047619,0.9370349705238386,5.100628114912919,33.491865240606714,-24.731182795698924,1
2021-06-29,34477.3,36590.3,34247.6,35834.7,97270.0,3.94,3.9413039253507476,6.537518103960699,33880.942857142865,35765.41428571429,0.9473102306737676,5.183187773402898,38.816484130763335,-13.151785714285714,0
2021-06-30,35832.6,36089.5,34126.6,35026.9,107070.0,-2.25,-2.2542396057452563,5.603978656404082,34074.17142857143,35655.63809523809,0.9556460983129098,5.261893889393644,40.962743266641546,10.075048833144852,0
2021-07-01,35030.7,35032.7,32839.2,33543.6,27410.0,-4.23,-4.2347452957584135,6.539250408423664,33913.857142857145,35507.74285714285,0.9551116014132935,5.444551109672473,38.44438520766479,-74.39992528252546,1
2021-07-02,33542.2,33925.9,32734.6,33813.4,78930.0,0.8,0.8043263096388031,3.523159457493192,34230.91428571429,35341.01904761905,0.9685887732776186,3.941797805563822,44.460531285408535,187.96059832178037,1
2021-07-03,33814.2,34909.8,33363.3,34742.8,55690.0,2.75,2.7486144546245095,4.451281992240118,34587.97142857143,35306.509523809524,0.9796485660879749,3.980079034394587,47.879238221048006,-29.44381097174712,1
2021-07-04,34742.8,35957.6,34740.1,35298.2,56130.0,1.6,1.598604602968079,3.4491843776736495,34676.5,35129.142857142855,0.9871148903637192,2.8596185579471722,49.20175956225523,0.7900879870712973,0
2021-07-05,35297.0,35300.5,33164.1,33687.8,88360.0,-4.56,-4.562272297170944,6.3417617060182065,34563.91428571429,34803.35238095238,0.9931202577091642,3.405199925242657,56.10425995253127,57.420274363085696,1
2021-07-06,33688.5,35062.0,33581.7,34225.6,83630.0,1.6,1.5964236311067914,4.32512505259222,34334.04285714286,34520.94761904762,0.9945857580745658,3.0135651601744966,55.3765313102419,-5.353100950656408,0
2021-07-07,34228.7,35036.6,33801.3,33867.8,72030.0,-1.05,-1.0454162965733094,3.6474173108380104,34168.45714285714,34308.17619047619,0.995927529145142,2.937636799398842,50.63397309464055,-13.870620590697113,0
2021-07-08,33859.4,33923.2,32146.9,32866.3,108090.0,-2.96,-2.9570860817649813,5.4046241895193425,34071.700000000004,34061.23809523809,1.000307149867326,2.6921481122880877,44.10807483514395,50.06247396917951,1
2021-07-09,32866.3,34079.2,32367.0,33797.4,67140.0,2.83,2.832993065845568,5.06607017107824,34069.41428571429,33968.28571428572,1.0029771467503301,2.9248933285388268,58.39058049382342,-37.88509575353872,0
2021-07-10,33797.7,34221.0,33056.8,33510.6,50940.0,-0.85,-0.8485859859042488,3.474124605348747,33893.385714285716,33872.91428571429,1.000604359825634,2.6728392301577495,54.962561483755756,-24.12868632707775,1
2021-07-11,33510.8,34580.6,33319.8,34227.7,35720.0,2.14,2.139919905940202,3.6835662343657205,33740.45714285714,33807.76666666666,0.9980090514563363,2.749844214413568,47.96010715320009,-29.878288182175105,0
2021-07-12,34228.3,34598.0,32662.8,33113.0,63240.0,-3.26,-3.256718973229278,5.844230362697432,33658.34285714286,33875.433333333334,0.9935915070353696,2.448779214281769,44.30306728976648,77.04367301231802,0
2021-07-13,33106.1,33307.7,32259.5,32728.1,60040.0,-1.16,-1.1623833539697426,3.2027523748705153,33444.41428571429,33886.46666666666,0.9869548989777913,2.3267189644240873,35.863412148018696,-5.060088551549658,1
2021-07-14,32727.8,33051.9,31611.2,32820.7,69560.0,0.28,0.28293729241843923,4.389607778018144,33294.82857142857,33845.81904761905,0.9837205748983272,2.339791815675877,39.26172536650893,15.856095936042646,0
2021-07-15,32820.5,33157.0,31175.8,31840.5,76950.0,-2.99,-2.9865298424469833,6.222264097611535,33148.28571428572,33711.280952380956,0.9832995002803216,2.3451246206370167,41.28358667280821,10.62392179413456,0
2021-07-16,31842.3,32239.8,31062.2,31394.0,70480.0,-1.4,-1.4023020995273305,3.7510352296617144,32804.94285714286,33701.75714285715,0.9733896876084883,1.8595451152002482,37.83756610564836,-8.408057179987004,1
2021-07-17,31384.4,31914.8,31207.8,31518.6,58060.0,0.4,0.39689112569281093,2.2431199355301317,32520.371428571427,33667.24285714285,0.9659350950287838,1.93809932988841,32.36484564727496,-17.622020431328032,1
2021-07-18,31517.9,32408.2,31220.6,31785.4,57010.0,0.85,0.8464842981604548,3.7363066061776853,32171.471428571425,33529.47619047619,0.9594981814153573,1.6443186911707695,30.159949394541826,-1.808473992421633,0
2021-07-19,31782.9,31887.0,30478.2,30837.2,77480.0,-2.98,-2.983130619718488,4.568508165462491,31846.357142857138,33356.20476190476,0.9547356292532423,1.585036863950907,32.59834444363047,35.90598140677075,0
2021-07-20,30835.4,31040.8,29310.2,29793.8,97460.0,-3.38,-3.3835756813199724,5.808591049144448,31427.17142857143,33068.54285714286,0.950364567448218,1.8266181927739256,24.518755318414918,25.787299948373764,1
2021-07-21,29794.7,32794.6,29519.3,32131.4,118340.0,7.85,7.845927676227937,10.193455622848676,31328.7,32930.6619047619,0.9513534860187474,3.942703889486644,41.86774072686399,21.424174020110808,1
2021-07-22,32131.7,32585.4,31729.4,32298.9,64870.00000000001,0.52,0.5212969245037558,2.6502450547851475,31394.18571428571,32871.39047619047,0.9550610807603428,3.753531657794804,47.11745580166631,-45.18336995098867,1
2021-07-23,32297.9,33605.6,32041.1,33603.3,66150.0,4.04,4.038527627875865,4.655792734642133,31709.8,32861.385714285716,0.9649562643432564,3.911212741484407,49.04995448004464,1.9731771234777096,1
2021-07-24,33600.5,33955.0,33412.9,33824.8,67140.0,0.66,0.659161451405077,1.602670230127003,32039.257142857143,32817.67142857143,0.976280636259994,3.905273179867495,51.54778325123154,1.4965986394557929,1
2021-07-25,34392.5,35391.1,33881.3,35391.1,65099.99999999999,4.63,4.630626049525777,4.266044287970693,32554.35714285714,32822.09523809524,0.9918427482067829,4.123716830295468,55.288566441195734,-3.0384271671135,1
2021-07-26,35392.3,40522.9,35236.7,37276.6,177630.0,5.33,5.327610613967915,14.181014362897917,33474.27142857143,32992.990476190476,1.014587369784751,3.7582665732921186,67.68734069668648,172.85714285714292,1
2021-07-27,37294.3,39455.9,36427.4,39452.0,100240.0,5.84,5.835832667142404,7.676416911690155,34854.014285714286,33241.86666666666,1.048497505727144,2.6919737090327605,74.79222742524243,-43.568090975623484,1
2021-07-28,39450.4,40862.2,38883.8,40003.2,148920.0,1.4,1.3971408293622645,4.945604351651854,35978.55714285714,33534.02857142857,1.0728969549907088,2.2769042317845214,75.61683702948122,48.56344772545891,0
2021-07-29,40009.0,40630.7,39340.8,40001.4,75300.0,-0.0,-0.004499640028787777,3.2246371377001655,37078.91428571429,33873.795238095234,1.0946194255792898,2.38611127954975,81.29011479445123,-49.435938759065266,1
2021-07-30,40001.1,42264.4,38358.4,42203.4,98450.0,5.5,5.504807331743389,9.255178492728074,38307.5,34274.08095238095,1.1176813188141477,2.5389970180625214,86.52762195698897,30.74369189907038,0
2021-07-31,42201.4,42285.3,41066.4,41553.7,44650.0,-1.54,-1.539449428245132,2.9333127976570115,39411.62857142858,34657.08571428571,1.1371881899228196,3.0164049337091927,82.74885290412692,-54.64702894870492,0
2021-08-01,41510.0,42565.0,39556.5,39878.3,80330.0,-4.03,-4.031891263593845,7.5442032383526865,40052.65714285714,34926.1619047619,1.146780950396851,3.895237033321118,74.1869347694846,79.9104143337066,0
2021-08-02,39869.8,40449.0,38692.5,39168.4,74810.0,-1.78,-1.7801661555281956,4.4844823888644925,40322.91428571429,35214.514285714286,1.1450651841610764,3.740972924172591,75.2589196924495,-6.8716544254948335,0
2021-08-03,39167.4,39766.6,37688.2,38130.3,260.0,-2.65,-2.650350792986178,5.450783235379741,40134.1,35471.76190476191,1.1314380184372008,3.154297701396427,75.28311385817318,-99.65245288063093,1
2021-08-04,38188.4,39956.5,37556.0,39736.9,79220.0,4.21,4.2134470486725695,6.040984576048962,40096.05714285715,35801.10476190476,1.1199670348028634,3.57918996882247,74.13632238040535,30369.23076923077,1
2021-08-05,39734.4,41366.3,37365.4,40867.2,130600.0,2.84,2.8444594319134042,9.790002740584141,40219.74285714286,36230.94761904762,1.1100935940190044,3.7423151683891174,75.62581872341954,64.85735925271396,1
2021-08-06,40868.4,43253.4,39905.4,42795.4,111930.0,4.72,4.718209224023195,7.823270725358332,40304.31428571429,36773.87142857143,1.0960041116149626,3.570137094641847,76.50257468904793,-14.295558958652377,1
2021-08-07,42784.7,44697.3,42611.0,44614.2,112840.0,4.25,4.249989484851158,4.676313819366935,40741.52857142857,37397.47142857143,1.0894193381294304,3.7515486802071996,78.48430767931065,0.8130081300812941,0
2021-08-08,44584.9,45284.1,43314.4,43792.8,105250.0,-1.84,-1.8411178503704995,4.49777132313987,41300.74285714286,37969.252380952385,1.0877417980940216,3.320598514631475,73.0888245219657,-6.726338177951085,1
2021-08-09,43794.9,46460.7,42824.1,46284.3,117080.0,5.69,5.689291390365536,7.85709192966081,42317.299999999996,38704.828571428574,1.0933338697497321,3.3309052206211844,73.95626665531937,11.239904988123506,0
2021-08-10,46281.8,46663.4,44681.2,45593.8,80550.0,-1.49,-1.4918665724662605,4.347520934863961,43383.51428571429,39457.20952380953,1.099507917799801,3.0517239678439787,67.73507975559332,-31.200888281516914,0
2021-08-11,45593.2,46736.5,45367.9,45564.3,75430.0,-0.06,-0.06470177962792922,3.003667344829172,44216.0,40096.87142857142,1.1027294256302862,3.108693608909074,66.55710177030676,-6.356300434512729,0
2021-08-12,45562.3,46213.8,43814.7,44403.4,81070.0,-2.55,-2.54782801447625,5.402964637843061,44721.17142857143,40673.276190476194,1.0995222322179956,3.510942273681168,62.25992602825187,7.477131114941016,1
2021-08-13,44404.0,47836.0,44242.4,47809.1,75270.0,7.67,7.669908160185934,7.516560654770742,45437.41428571429,41349.74285714285,1.0988560301981496,4.121780767183063,64.63132618171377,-7.154311089182186,0
2021-08-14,47809.6,48090.9,46117.2,47081.5,64290.00000000001,-1.52,-1.5218860007822799,4.192092435457673,45789.885714285716,41981.014285714286,1.0907284279186067,4.096006523876907,64.36956702574557,-14.587485053806294,0
2021-08-15,47082.6,47344.1,45564.1,46991.3,58110.0,-0.19,-0.19158268109553678,3.7879352135395274,46246.81428571429,42533.40476190476,1.0873057199299374,3.9611680962152085,70.15105500532604,-9.612692487167529,0
2021-08-16,46991.6,48002.4,45672.1,45996.3,2410.0,-2.12,-2.117413223298781,5.066277070112167,46205.67142857144,42948.62857142858,1.0758357825495177,3.5207714699925567,69.03586981370896,-95.8526931681294,0
2021-08-17,45907.5,47140.6,44441.3,44691.6,84140.0,-2.84,-2.8365325037013944,6.039837463863446,46076.78571428572,43198.13333333334,1.066638351216234,3.6477158342191873,68.02465812130168,3391.2863070539415,1
2021-08-18,44691.1,46004.9,44230.0,44723.8,22360.0,0.07,0.07204933365554389,3.9685804873467845,45956.71428571428,43422.92380952381,1.0583514478966234,3.649114618584727,64.9968423901603,-73.4252436415498,1
2021-08-19,44725.9,47012.3,43986.7,46755.9,77920.0,4.54,4.543665788685214,6.47105498985156,46292.78571428572,43744.566666666666,1.058252241176292,3.8697673455750037,66.7976928738098,248.479427549195,1
2021-08-20,46756.7,49343.3,46646.8,49324.0,83190.0,5.49,5.492568852273183,5.466912659151731,46509.200000000004,44083.642857142855,1.0550217038713745,3.266221817735513,67.96710736341521,6.763347022587274,0
2021-08-21,49330.0,49719.1,48293.5,48875.8,18200.0,-0.91,-0.9086854269726663,2.9167809017959776,46765.52857142857,44432.31428571429,1.052511653359106,3.2109771267004383,62.685145496975785,-78.12237047722081,1
2021-08-22,48870.4,49480.3,48151.0,49254.5,49320.0,0.77,0.774821077097454,2.6988396999259012,47088.84285714286,44878.8,1.049244695872948,3.1930413384023177,66.69744235672489,170.989010989011,1
2021-08-23,49255.4,50498.8,49038.6,49539.7,75370.0,0.58,0.5790333878122667,2.947535007277001,47595.04285714286,45372.671428571426,1.048980396317859,2.9472696318849447,61.50431844846839,52.818329278183285,0
2021-08-24,49532.5,49847.4,47623.6,47714.7,74260.0,-3.68,-3.6839141133272912,4.660618216189148,48026.91428571429,45829.071428571435,1.0479573944797982,3.1466768986465614,56.93871007845266,-1.472734509751894,1
2021-08-25,47707.4,49230.2,47163.3,48994.5,63540.0,2.68,2.6821922803664355,4.218636785761655,48637.014285714286,46269.909523809525,1.0511586209323944,3.1754831587096244,60.373546880859344,-14.435766226770808,0
2021-08-26,48994.4,49347.8,46360.4,46831.6,73790.0,-4.41,-4.4145771464144,6.379026127657397,48647.82857142857,46553.92857142857,1.044977944166136,3.467580244793585,56.92370861229284,16.131570664148565,1
2021-08-27,46830.2,49142.0,46371.5,49064.3,62470.0,4.77,4.7675074095269165,5.646671816371578,48610.72857142857,46852.44761904762,1.0375280490504435,3.284773211691128,53.83562313597028,-15.340832091069245,0
2021-08-28,49062.8,49289.4,48428.5,48897.1,36730.0,-0.34,-0.3407773065141173,1.7606361113440296,48613.77142857143,47056.39523809524,1.033095951838134,3.2663893350879687,55.74484242500948,-41.203777813350406,0
2021-08-29,48899.7,49621.7,47870.1,48777.4,47620.0,-0.24,-0.24479979385280126,3.5910073107627687,48545.614285714284,47293.75714285714,1.0264698179735592,3.251486343023105,55.64096895429996,29.648788456302743,0
2021-08-30,48777.1,48886.0,46876.9,46992.7,61680.0,-3.66,-3.6588666062561837,4.275344893994171,48181.75714285714,47327.490476190476,1.0180501154418156,3.491079630869588,52.997376844030484,29.525409491810173,1
2021-08-31,46989.1,48217.0,46709.3,47130.4,71480.0,0.29,0.29302423567916236,3.1989968258279093,48098.28571428572,47400.6619047619,1.0147175963687067,3.238854092668215,57.89041166802552,15.88845654993516,1
2021-09-01,47129.2,49121.0,46533.1,48819.4,74380.0,3.58,3.583674231493905,5.300966419087497,48073.271428571425,47555.666666666664,1.010884186852701,3.3840196039867676,61.96774005026006,4.0570789031896926,1
2021-09-02,48817.8,50355.3,48612.9,49274.3,80210.0,0.93,0.9318017017824864,3.5361232934815945,48422.22857142857,47787.614285714284,1.013279890515564,2.769733148309276,58.106194234507974,7.838128529174515,1
2021-09-03,49269.5,51008.8,48377.3,49999.0,88080.0,1.47,1.4707464134447346,5.263105262105242,48555.75714285714,47891.89523809524,1.0138616753724508,2.1958979034794317,52.46523111085139,9.811744171549686,0
2021-09-04,49999.3,50534.6,49461.4,49918.4,48140.0,-0.16,-0.16120322406447674,2.149908650918293,48701.65714285714,48026.985714285714,1.0140477570794275,2.1883272470252293,53.91284114450415,-45.345140781108086,1
2021-09-05,49918.7,51878.2,49492.4,51768.6,57300.0,3.71,3.7064489246450227,4.608585126891582,49128.97142857143,48254.47619047619,1.0181225723939749,2.5060022234922945,58.49685351790892,19.02783547985043,1
2021-09-06,51769.4,52726.2,51002.8,52672.1,69460.0,1.75,1.7452664356385927,3.271940932675922,49940.31428571429,48572.37142857142,1.028162982718571,1.5081378762249114,60.16181565731933,21.221640488656202,0
2021-09-07,52674.2,52885.3,43072.4,46779.6,187560.0,-11.19,-11.187137023205828,20.97687881042164,49890.200000000004,48671.799999999996,1.0250329759737673,5.128915795507035,47.5998583169491,170.02591419522028,0
2021-09-08,46774.1,47316.9,44493.7,46061.4,100480.0,-1.54,-1.5352846112407947,6.129210141246259,49496.200000000004,48735.49523809524,1.0156088443995157,4.8944984679961925,42.24806406427572,-46.42780976754105,1
2021-09-09,46057.6,47305.7,45609.0,46385.6,73630.0,0.7,0.7038431311249704,3.657816218826526,49083.52857142857,48717.86190476191,1.0075058028486863,4.88243179225591,48.69436410262415,-26.721735668789815,0
2021-09-10,46385.9,47021.6,44283.6,44842.8,75620.0,-3.33,-3.326032216894892,6.105773948103152,48346.92857142857,48504.47142857143,0.996751993115215,4.855169484751568,37.121641986833346,2.7027027027026973,1
2021-09-11,44844.9,45975.6,44766.6,45161.9,41580.0,0.71,0.7115969564790658,2.6770352885950324,47667.42857142857,48327.619047619046,0.9863392716380263,4.904331211831471,38.70981392593309,-45.01454641629199,1
2021-09-12,45162.6,46386.4,44755.2,46062.3,44520.0,1.99,1.9937159419776362,3.5412908170021997,46852.24285714286,48175.60952380953,0.9725303596623385,4.6482966993041215,42.16308269591572,7.070707070707072,0
2021-09-13,46060.8,46807.7,43463.2,44949.5,96150.0,-2.42,-2.4158585220451445,7.4405721976885175,45749.014285714286,47957.02857142858,0.9539584842621012,4.415974578773153,43.86448536389079,115.97035040431267,1
2021-09-14,44950.2,47247.6,44718.7,47077.5,65330.0,4.73,4.734201715258224,5.371780574584465,45791.57142857143,47926.68571428571,0.9554504081829748,2.785022871174638,49.85810770939171,-32.05408216328654,1
2021-09-15,47070.8,48436.5,46743.9,48130.6,63400.0,2.24,2.2369497105836134,3.516681695220917,46087.17142857143,47885.54761904762,0.9624442805837133,2.7754453911159316,48.08719800055539,-2.954232358793818,0
2021-09-16,48132.3,48480.6,47040.3,47748.0,60910.0,-0.8,-0.7949204871744775,3.0164614224679474,46281.8,47929.18571428572,0.9656287564719737,2.8290293264378303,45.74436643673288,-3.9274447949526836,0
2021-09-17,47748.2,48155.9,46788.8,47282.8,50160.0,-0.97,-0.9742816453045089,2.891326232795009,46630.37142857143,47844.35238095238,0.9746264524031,2.415486440617571,42.3154833306928,-17.648990313577407,1
2021-09-18,47283.9,48761.0,47070.5,48306.7,43640.0,2.17,2.165480893686489,3.4995145600920785,47079.62857142858,47816.23809523809,0.9845949921375585,2.4700645572331834,45.67131308248058,-12.998405103668265,0
2021-09-19,48299.9,48341.9,46866.6,47238.7,41980.0,-2.21,-2.2108734399162056,3.1230749364398322,47247.68571428571,47742.96666666667,0.9896260960103522,2.6875736732435396,37.30003420375342,-3.803849679193405,0
2021-09-20,47240.8,47323.9,42547.1,42870.6,77960.0,-9.25,-9.246867504821255,11.142367963126253,46950.700000000004,47546.67619047619,0.9874654499908964,4.503507318115682,26.990595758466384,85.70747975226298,0
2021-09-21,43012.3,43619.3,39646.8,40651.3,142550.0,-5.18,-5.176741169939292,9.772135208468118,46032.67142857143,47238.14761904762,0.9744808750716104,4.091872618932958,32.61544222357125,82.85017957927141,1
2021-09-22,40660.8,43976.7,40585.7,43551.6,93980.0,7.13,7.134581181905619,7.786166294694111,45378.528571428564,46987.3,0.9657615690075523,5.204556162419164,43.66461696907277,-34.07225534900034,1
2021-09-23,43550.7,44949.8,43090.1,44869.2,74540.0,3.03,3.0253767944231624,4.144713968602081,44967.271428571425,46777.53333333333,0.9613006121579325,5.460421363314079,46.355017979731926,-20.68525218131517,0
2021-09-24,44867.4,45112.0,40908.5,42819.9,128880.0,-4.57,-4.567275547591654,9.816697376687006,44329.71428571428,46435.671428571426,0.9546478584659515,5.650074623488091,45.25312445735578,72.9004561309364,0
2021-09-25,42818.7,42959.3,41714.5,42686.8,46350.0,-0.31,-0.3108367838318138,2.9161239540092083,43526.87142857142,46091.30952380953,0.944361787032469,5.474047603758696,44.14085987396847,-64.03631284916202,1
2021-09-26,42685.8,43907.3,40786.6,43203.4,69910.0,1.21,1.210210182070326,7.2232740941685245,42950.4,45683.44285714286,0.9401743238641321,5.5646581132410216,43.10706484263111,50.83063646170443,0
2021-09-27,43200.9,44293.2,42143.9,42172.6,54120.0,-2.39,-2.385923330108286,5.096437023090812,42850.68571428572,45183.46666666667,0.9483709169641488,4.374241334408697,43.27819170309692,-22.586182234301244,0
2021-09-28,42169.9,42758.8,40906.4,41022.3,60010.0,-2.73,-2.727600385084139,4.515592738583651,42903.68571428571,44909.30952380953,0.9553405779160222,3.9861707360695613,34.61444644327224,10.883222468588327,1
2021-09-29,41023.1,42571.2,40815.0,41536.8,48210.0,1.25,1.2541958885776694,4.22805801120933,42615.857142857145,44693.85238095238,0.953506016434134,2.6890004306485733,32.77445714643983,-19.663389435094146,1
2021-09-30,41534.5,44101.2,41416.7,43823.3,64319.99999999999,5.5,5.504757227326129,6.12573676560186,42466.442857142865,44571.8380952381,0.9527640023820295,3.337780831799299,40.674792691329856,33.41630367143744,1
2021-10-01,43824.4,48435.2,43292.9,48146.0,94660.0,9.86,9.86393083131576,10.68063805923648,43227.31428571429,44729.13333333334,0.9664241415896191,4.5068371375397405,51.73326372434841,47.17039800995026,0
2021-10-02,48147.2,48306.9,47451.7,47666.9,39820.0,-1.0,-0.9950982428446831,1.794117091734525,43938.75714285714,44848.41904761905,0.9797169683106097,4.566584195467745,48.68657672379108,-57.93365729980984,1
2021-10-03,47665.4,49165.2,47123.0,48200.1,42410.0,1.12,1.118595922957022,4.23692067028906,44652.57142857143,44950.219047619044,0.9933782832352319,4.56826900782364,52.017933454792754,6.50426921145153,1
2021-10-04,48200.4,49481.7,46958.6,49227.3,66920.0,2.13,2.1311159105479094,5.12540805609895,45660.385714285716,45153.92380952381,1.0112163431665064,4.205859891516326,65.51890822977958,57.79297335534073,1
2021-10-05,49229.5,51872.4,49060.1,51469.3,76630.0,4.55,4.554383441708154,5.464033899819897,47152.81428571429,45363.05714285714,1.0394540680364828,3.6115989614640416,76.38124780522068,14.509862522414817,1
2021-10-06,51470.0,55676.1,50439.5,55323.2,116260.0,7.49,7.487764550907028,9.46546837493131,49122.3,45705.561904761904,1.0747554116577247,3.7742946194952376,77.43093098691327,51.71603810518073,0
2021-10-07,55325.2,55325.6,53476.4,53783.9,75680.0,-2.78,-2.782377013621762,3.4382036259921596,50545.24285714286,45992.985714285714,1.098977204287983,4.533956581314402,70.56115506146647,-34.90452434199208,1
2021-10-08,53785.5,55977.9,53659.3,53914.7,64050.0,0.24,0.24319545440176782,4.300496896022789,51369.34285714285,46308.79047619048,1.1092784399876356,3.455533124266531,78.07388663967613,-15.367336152219869,1
2021-10-09,53924.1,55430.8,53711.7,54942.5,64650.00000000001,1.91,1.9063446518296612,3.128907494198491,52408.71428571428,46624.780952380956,1.1240527722637583,3.2490695601557413,79.66806586394382,0.936768149882905,0
2021-10-10,54942.5,56432.2,54100.8,54687.7,104430.0,-0.46,-0.4637575647267633,4.263115837747783,53335.514285714286,46979.49523809524,1.1352934725119186,3.3806360189339646,78.15759406460091,61.531322505800446,1
2021-10-11,54686.9,57814.1,54457.8,57477.3,73840.0,5.1,5.100964202188063,5.8393487515941,54514.08571428571,47675.05238095239,1.1434509872938434,3.598482528208915,84.54520420554633,-29.292348941874934,0
2021-10-12,57480.6,57635.7,54155.4,56015.9,74850.0,-2.54,-2.5425689794057904,6.2130573640698366,55163.6,48406.7,1.1395860490386662,3.8461884798569344,83.37428993714052,1.367822318526546,1
2021-10-13,56014.5,57697.4,54314.4,57380.1,73620.0,2.44,2.4353799546200205,5.895772227653839,55457.44285714285,49065.200000000004,1.1302805829211509,2.8253565685667157,83.98026809651475,-1.6432865731462964,0
2021-10-14,57370.4,58506.5,56866.8,57345.8,59840.0,-0.06,-0.0597768215809924,2.8593201245775575,55966.28571428572,49659.32380952381,1.127004586871808,2.451778010513265,82.10424352929448,-18.71773974463461,1
2021-10-15,57348.2,62892.8,56874.8,61672.5,121480.0,7.54,7.544929184003002,9.757995865255989,57074.542857142864,50557.06666666667,1.128913258228514,3.4522306918792576,82.10764183951046,103.00802139037435,0
2021-10-16,61669.2,62329.2,60161.9,60861.1,49930.0,-1.32,-1.315659329522889,3.5610595273499754,57920.05714285715,51422.509523809524,1.1263560973436963,3.672803430784375,80.83246870998197,-58.898584129074735,1
2021-10-17,60865.5,61651.4,59143.4,61527.5,53390.0,1.09,1.0949522765773212,4.076226077770103,58897.17142857143,52295.08571428571,1.1262467710705404,3.5779113225437285,80.9510538880993,6.929701582215109,1
2021-10-18,61525.8,62623.6,60026.9,62056.3,80150.0,0.86,0.8594530900816855,4.184426077610165,59551.31428571429,53241.92857142857,1.1185040790891174,3.261204069209262,80.49963388076876,50.12174564525191,1
2021-10-19,62030.2,64454.0,61451.0,64278.5,80160.0,3.58,3.580941822184047,4.671857619577309,60731.68571428571,54349.366666666676,1.117431341689091,2.909427193659024,80.48125797178702,0.01247660636307657,1
2021-10-20,64276.9,66967.1,63543.7,65979.1,79870.0,2.65,2.645674681269794,5.1886127576763075,61960.11428571429,55513.28571428572,1.116131273594738,2.9155101596509465,78.25254662403293,-0.36177644710578827,0
2021-10-21,66004.6,66616.9,62092.1,62210.2,105380.0,-5.71,-5.712263428873698,7.273405325814732,62655.028571428564,56388.852380952376,1.1111243787715894,4.127937977855039,69.97899269249189,31.939401527482158,0
2021-10-22,62200.8,63699.7,60055.7,60690.3,75690.0,-2.44,-2.443168483624858,6.004254386615323,62514.71428571428,56986.2,1.097014966530744,3.2107255152581673,65.0722961249277,-28.174226608464604,1
2021-10-23,60693.2,61728.7,59738.3,61312.5,37050.0,1.03,1.0252050162876003,3.24632008154943,62579.200000000004,57635.990476190476,1.0857660202066204,3.195117405725106,64.43043939215454,-51.05033690051526,0
2021-10-24,61308.2,61469.9,59523.7,60866.5,42670.0,-0.73,-0.7274209989806324,3.197489587868539,62484.77142857143,58239.15238095238,1.072899739677661,3.1795063359010256,63.87708533594459,15.168690958164643,1
2021-10-25,60864.3,63694.8,60655.8,63067.0,51060.0,3.62,3.615289198491789,4.818684890671825,62629.15714285715,58898.18571428571,1.0633461181074462,3.476343835178623,62.895240731769206,19.662526365127732,0
2021-10-26,63067.5,63275.1,59907.3,60310.8,57130.0,-4.37,-4.3702728843927785,5.584074494120449,62062.34285714286,59319.20952380953,1.0462435921745095,3.5180970268260308,59.3496253532042,11.887974931453194,0
2021-10-27,60312.5,61452.9,58112.6,58438.1,88110.0,-3.11,-3.105082340144727,5.715962702415039,60985.057142857135,59467.538095238095,1.0255184441163296,3.2242667266444767,52.25328835275676,54.227201120252055,1
2021-10-28,58437.2,62251.3,58128.1,60582.5,88470.0,3.67,3.669523820931886,6.805925803656178,60752.528571428564,59791.280952380956,1.0160767189419,3.215750138723409,56.32491626574535,0.40858018386107364,1
2021-10-29,60579.9,62952.2,60322.2,62242.8,63390.0,2.74,2.740560392852731,4.225388318006259,60974.31428571429,60187.857142857145,1.0130667078076974,3.24573649029107,51.24408280796667,-28.348592743302813,0
2021-10-30,62245.0,62338.5,60786.0,61840.1,40510.0,-0.65,-0.6469824622285736,2.5105069364376837,61049.68571428571,60516.31428571429,1.0088136799946743,3.254164070797068,52.17441519558632,-36.094021138980914,0
2021-10-31,61842.2,62393.7,60005.7,61309.6,50060.0,-0.86,-0.8578576037231556,3.894985450891867,61112.98571428571,60831.64285714287,1.0046249426109293,3.2605128167153015,49.5130922108161,23.57442606763762,0
2021-11-01,61310.1,62430.1,59612.7,60915.3,61210.0,-0.64,-0.6431292978587244,4.625110604396599,60805.6,60995.357142857145,0.9968889903798298,2.8812622048550005,47.43496362639042,22.273272073511798,1
2021-11-02,60912.2,64256.4,60651.5,63221.7,65260.00000000001,3.79,3.786240895144566,5.701997889964998,61221.44285714285,61338.490476190476,0.9980917753577085,2.6780124403305297,47.633210305658075,6.616565920601225,0
2021-11-03,63223.5,63508.6,60883.0,62918.5,61050.0,-0.48,-0.47958216878065674,4.173017474987482,61861.5,61602.22380952382,1.0042088771223239,2.1956796540398926,42.68785657629417,-6.45111860251304,0
2021-11-04,62915.4,63077.6,60742.9,61412.6,49910.0,-2.39,-2.393413701852398,3.8016628509458923,61980.08571428572,61795.880952380954,1.0029808582556936,2.2003373322191586,47.86340355313632,-18.247338247338252,0
2021-11-05,61411.5,62560.3,60742.4,60974.3,44460.0,-0.71,-0.7136971891761545,2.981420040902481,61798.87142857142,61762.63333333334,1.0005867317062487,1.9074065315533402,50.807570690871046,-10.919655379683435,1
2021-11-06,60973.2,61543.2,60093.6,61483.9,34890.0,0.84,0.8357619521667248,2.357690387239584,61747.985714285714,61792.29047619047,0.999283005022741,1.9416687707054205,50.490527159292554,-21.524966261808366,1
2021-11-07,61483.8,63273.2,61347.2,63273.2,34340.0,2.91,2.910192749646656,3.0439427751401857,62028.5,61875.41904761905,1.0024740188387757,2.191909154798646,56.39593288084063,-1.57638291774147,1
2021-11-08,63276.4,67763.3,63276.4,67527.9,81080.0,6.72,6.724331944646389,6.6445128606102095,62973.15714285714,62135.97142857142,1.0134734469428568,3.133798227923961,60.68811845604619,136.10949330227143,0
2021-11-09,67528.7,68493.3,66334.9,66904.4,66130.0,-0.92,-0.9233220639172868,3.2260957425819665,63499.25714285715,62261.01428571428,1.0198879326228223,3.0721788912292456,67.59625956724558,-18.438579181055747,0
2021-11-10,66942.6,68990.6,62951.3,64932.6,96210.0,-2.95,-2.947190319321291,9.30087506121733,63786.985714285714,62211.18095238096,1.0253299284434247,3.3768312601957597,67.24060122432294,45.48616361711779,0
2021-11-11,64922.8,65583.3,64121.9,64806.7,50370.0,-0.19,-0.19389336019195458,2.2550137562937187,64271.857142857145,62334.82380952381,1.0310746580314771,3.1580865722951756,62.559763088413696,-47.6457748674774,0
2021-11-12,64782.6,65449.7,62309.7,64134.5,63270.0,-1.04,-1.0372384336804652,4.8959608323133414,64723.31428571429,62498.833333333336,1.0355923596288084,3.1863981241045973,55.9756891138025,25.610482430017868,1
2021-11-13,64133.3,64906.0,63381.4,64398.6,30340.0,0.41,0.4117908458006303,2.3674427704950087,65139.7,62645.79047619048,1.0398096904014225,3.1889005752776245,58.15343824292372,-52.046783625730995,1
2021-11-14,64397.2,65508.2,63608.3,65508.2,33980.0,1.72,1.7230188233905652,2.900247602590201,65458.985714285714,62866.82380952381,1.0412325889505047,3.081935233856358,62.903840479937074,11.997363216875412,0
2021-11-15,65514.9,66311.2,63439.5,63597.9,53530.0,-2.92,-2.916123477671495,4.515400665745248,64897.557142857135,62892.10476190476,1.031887188201835,1.7004844237829855,57.541833475777075,57.533843437316065,0
2021-11-16,63605.1,63605.6,58655.9,60089.1,115360.0,-5.52,-5.517163302561878,8.237267657528566,63923.942857142865,62881.54761904762,1.0165771244119235,2.456289444910054,41.75075840566276,115.5053241173174,1
2021-11-17,60074.2,60814.5,58531.9,60367.8,73930.0,0.46,0.4638112403081429,3.781154854077834,63271.82857142857,62973.438095238096,1.0047383545382929,2.4589156782128088,43.27442821961008,-35.91366158113731,0
2021-11-18,60368.2,60936.9,56524.4,56955.3,100370.0,-5.65,-5.652848041505576,7.747303587199084,62150.2,62800.714285714275,0.9896416100817781,2.9697640392665297,39.320916369978875,35.76356012444204,1
2021-11-19,56908.3,58335.9,55626.3,58083.4,74440.0,1.98,1.9806760740440188,4.665016166408988,61285.75714285714,62602.647619047624,0.9789643006122667,3.298047364200652,43.29540658005204,-25.834412673109497,1
2021-11-20,58080.8,59854.6,57435.3,59717.6,44530.0,2.81,2.813540529652192,4.051234476938115,60617.04285714286,62501.57619047618,0.9698482270656642,3.6218965295539127,46.10667571868786,-40.18001074691027,0
2021-11-21,59724.0,60002.6,58528.3,58714.3,40980.0,-1.68,-1.6800742159765236,2.51097262506748,59646.485714285714,62377.99047619047,0.9562104399155442,3.415646916319801,39.59045927197833,-7.972153604311705,0
2021-11-22,58719.7,59288.3,55656.8,56308.8,76450.0,-4.1,-4.0969576406429065,6.449258375245077,58605.18571428572,62158.63333333334,0.9428325973643625,3.5245966820569237,22.02010125445794,86.55441678867741,1
2021-11-23,56304.8,57855.1,55542.5,57573.2,72480.0,2.25,2.245474952405302,4.016799483092825,58245.77142857143,61889.65714285713,0.9411228647482295,3.3280730347558367,27.44932187496977,-5.192936559843031,0
2021-11-24,57559.4,57697.4,55910.6,57171.7,56680.0,-0.7,-0.6973730833095937,3.125322493471425,57789.18571428571,61615.999999999985,0.937892523277813,3.2972808406872383,29.703804049353764,-21.79911699779249,1
2021-11-25,57167.1,59387.3,57029.8,58935.1,56790.0,3.08,3.084393152556242,4.000162891044556,58072.01428571429,61498.02380952381,0.9442907379524779,2.725982607444597,35.856065058824655,0.1940719830628046,0
2021-11-26,58937.3,59151.1,53533.5,53730.9,104030.0,-8.83,-8.830391396637992,10.45506403205604,57450.22857142857,61153.09999999999,0.9394491623716308,4.343865514517689,29.430257111900218,83.18365909491108,1
2021-11-27,53747.2,55280.3,53654.3,54765.9,40710.0,1.93,1.9262658916936015,2.9690007833341547,56742.84285714286,60833.19523809524,0.9327611780879972,4.224562467385546,31.517872560870302,-60.86705757954436,1
2021-11-28,54758.0,57392.3,53448.3,57291.5,49280.0,4.61,4.611628768996767,6.884092753724374,56539.58571428571,60548.352380952376,0.9337923079814842,4.731798034185082,35.047223890375065,21.051338737410962,1
2021-11-29,57288.1,58855.2,56726.7,57794.8,58650.0,0.88,0.8784898283340503,3.6828572812779,56751.87142857142,60084.87142857143,0.9445284658058682,4.421299497736838,38.86951684983793,19.01379870129871,0
2021-11-30,57795.2,59174.4,55936.9,56882.9,73660.0,-1.58,-1.5778236104286192,5.69151713432332,56653.25714285715,59607.65714285715,0.9504358979766742,4.400042763840768,43.17004379761073,25.592497868712694,1
2021-12-01,56891.7,59064.3,56496.5,57210.3,66750.0,0.58,0.5755684045644749,4.4883526218181045,56658.77142857143,59239.92857142857,0.9564287600423942,4.396887022664051,43.28771316692389,-9.380939451534076,0
2021-12-02,57207.8,57377.5,55807.9,56496.0,54940.0,-1.25,-1.2485513972134488,2.778249787595579,56310.32857142857,58844.18095238096,0.9569396269955243,4.2068628394674645,48.897085308398275,-17.692883895131082,0
2021-12-03,56495.2,57543.6,52008.9,53631.5,89200.0,-5.07,-5.070270461625603,10.319867988029417,56296.12857142858,58344.038095238095,0.9648994209062697,3.0505572278660074,40.132544273777064,62.35893702220605,0
2021-12-04,53620.7,53847.2,42587.8,49195.2,168000.0,-8.27,-8.271817868230425,22.887192246398012,55500.31428571429,57620.066666666666,0.9632115597294395,4.202544757859232,29.254434043358586,88.3408071748879,1
2021-12-05,49196.4,49689.3,47797.8,49405.5,72030.0,0.43,0.4274807298273009,3.828521116070073,54373.74285714286,56853.271428571425,0.9563872313918864,3.4230913460125194,31.05472248001432,-57.125,1
2021-12-06,49412.1,50913.3,47237.9,50562.1,89680.0,2.34,2.341034905020689,7.269080991493632,53340.5,56232.519047619055,0.9485703451205872,3.6669362042631017,37.67791514964383,24.503679022629466,1
2021-12-07,50547.4,51918.6,50070.9,50595.2,56290.0,0.07,0.06546405311487202,3.651927455568902,52442.25714285714,55780.42857142857,0.9401551491434527,3.737840250208156,34.203663627226376,-37.23238180196253,0
2021-12-08,50596.6,51204.7,48700.7,50473.9,55590.0,-0.24,-0.23974606286761846,4.960979833141485,51479.91428571429,55309.29047619047,0.930764322638985,3.670952043362529,34.643145383176204,-1.2435601350150982,0
2021-12-09,50477.6,50790.2,47341.9,47596.6,58690.0,-5.7,-5.700569997563099,7.244845220036717,50208.57142857143,54863.6380952381,0.9151520601206592,3.9518342399174715,25.266239403868056,5.576542543622964,0
2021-12-10,47591.7,49974.8,47007.1,47137.2,68060.0,-0.97,-0.9651949929196602,6.2958767173273005,49280.81428571429,54342.39047619047,0.9068576824441712,3.781766590019118,31.86182006238893,15.96524109729085,1
2021-12-11,47138.4,49487.0,46834.0,49314.5,45230.0,4.62,4.619069439847934,5.379756461081427,49297.857142857145,53847.00476190477,0.9155171649906512,3.174009604108865,35.89079954033937,-33.543931824860415,1
2021-12-12,49332.5,50779.2,48670.5,50081.0,40300.0,1.55,1.554309584402147,4.21057886224316,49394.357142857145,53435.89523809524,0.924366606431311,3.2228736641441853,29.46837894017486,-10.89984523546319,0
2021-12-13,50075.9,50196.1,45848.2,46703.6,80370.0,-6.74,-6.7438749226253485,9.30956071908804,48843.142857142855,52978.50476190477,0.9219426459212656,3.976519194240227,22.860386813875195,99.42928039702232,1
2021-12-14,46709.8,48635.0,46338.3,48366.5,62540.0,3.56,3.5605392303805328,4.74853462623923,48524.75714285714,52540.09047619048,0.9235758199702194,4.3436624412492515,29.899549672875594,-22.184894861266645,1
2021-12-15,48366.2,49477.9,46572.6,48871.5,80280.0,1.04,1.0441111099624756,5.944773538770046,48295.84285714286,52144.84285714285,0.9261863726285493,4.386302502956711,30.482347323777518,28.365845858650474,0
2021-12-16,48876.6,49387.8,47543.9,47628.2,48200.0,-2.54,-2.5440184974883207,3.8714459080964674,48300.357142857145,51606.41904761905,0.9359370022998247,3.8807946504556416,29.745742581493943,-39.960139511709016,0
2021-12-17,47630.4,47997.2,45523.8,46172.2,67500.0,-3.06,-3.0570124422086065,5.3569030715452035,48162.5,51246.48095238096,0.9398206297277926,4.051044385986958,31.79121893109796,40.0414937759336,1
2021-12-18,46171.8,47330.2,45513.4,46856.2,36930.0,1.48,1.4814108922684976,3.877395093925661,47811.31428571428,50869.82857142857,0.9398756714617252,3.5710283568958925,43.0097307894611,-45.28888888888889,0
2021-12-19,46855.7,48270.2,46438.4,46704.5,44050.0,-0.32,-0.323756514612783,3.9221060069158127,47328.957142857136,50365.68571428571,0.9397063987442696,3.444176659595523,41.899494955553685,19.279718386135936,1
2021-12-20,46703.4,47488.9,45577.3,46895.2,57530.0,0.41,0.40831183290688244,4.076323376379669,47356.32857142857,49846.65714285715,0.9500402090296353,2.3095717875006696,38.326361431054565,30.601589103291715,1
2021-12-21,46900.1,49306.1,46654.0,48902.0,57880.0,4.28,4.279329227724804,5.4232955707333,47432.82857142857,49466.614285714284,0.9588856900021746,2.498304980644011,45.21143012285347,0.6083782374413316,0
2021-12-22,48898.7,49540.3,48449.7,48599.7,40890.0,-0.62,-0.618175125761733,2.2440467739512915,47394.0,49056.58571428571,0.9661088171939053,2.4818775366443604,44.75325576968297,-29.353835521769177,1
2021-12-23,48599.6,51355.6,48053.4,50801.0,56240.0,4.53,4.52945182789195,6.500265742800333,47847.25714285714,48785.39523809523,0.9807701036209803,2.7267244945977698,59.32346403174935,37.53974076791391,0
2021-12-24,50807.4,51795.3,50428.4,50786.1,45970.0,-0.03,-0.02933013129663431,2.69148448098988,48506.38571428571,48649.899999999994,0.9970500600059962,2.166436184018317,60.89868041409549,-18.261024182076813,0
2021-12-25,50789.6,51140.2,50196.8,50406.4,26670.0,-0.75,-0.7476455171789076,1.871587734890796,49013.55714285715,48707.57619047619,1.0062819991531582,2.3097718913658527,53.65367241090849,-41.98390254513813,1
2021-12-26,50404.0,51247.0,49527.0,50779.9,32340.000000000004,0.74,0.7409773362112793,3.3871669696080535,49595.75714285714,48773.02380952381,1.0168686144321581,2.236497802590408,52.40180074916664,21.259842519685044,0
2021-12-27,50783.6,52016.3,50459.0,50678.2,43900.0,-0.2,-0.2002760934936898,3.072918927665156,50136.18571428571,48778.55238095238,1.0278325876243812,2.2847667637933133,67.62759672869838,35.74520717377858,0
2021-12-28,50703.4,50703.8,47345.7,47545.2,74390.0,-6.18,-6.182145380064796,7.062963243397874,49942.357142857145,48633.31428571428,1.0269165874538677,3.145579470074842,46.77767402443521,69.45330296127563,0
2021-12-29,47548.4,48121.7,46127.8,46461.7,63920.0,-2.28,-2.278884093452127,4.29149170176725,49636.92857142857,48442.25714285714,1.0246617622512577,3.229953301314366,40.95583378370263,-14.074472375319258,1
2021-12-30,46470.7,47901.4,46003.0,47123.3,60960.0,1.42,1.4239685590497153,4.028580341359797,49111.54285714286,48419.719047619044,1.0142880591447345,2.5505414085275095,48.01855471049474,-4.630788485607007,0
2021-12-31,47123.3,48553.9,45693.6,46219.5,58180.0,-1.92,-1.9179471726301078,6.188513506204098,48459.17142857143,48376.01904761905,1.0017188760586218,2.5256995510226714,50.19403536120114,-4.560367454068237,1
2022-01-01,46217.5,47917.6,46217.5,47738.0,31240.0,3.29,3.285409837839004,3.561313838032591,48077.97142857143,48300.94761904762,0.995383606296199,3.075266305850469,53.38554864470553,-46.30457201787556,0
2022-01-02,47738.7,47944.9,46718.2,47311.8,27020.0,-0.89,-0.8927898110519861,2.5927992593813896,47582.52857142857,48169.08095238095,0.9878230522701432,3.0059986909665874,52.283511938334286,-13.508322663252237,0
2022-01-03,47293.9,47556.0,45704.0,46430.2,41060.0,-1.86,-1.8633829192717388,3.9887831626829096,46975.67142857143,48156.061904761904,0.9754882266219168,3.001102135058202,48.33790855280089,51.961509992598074,0
2022-01-04,46435.7,47505.4,45602.1,45837.3,55590.0,-1.28,-1.2769705924161268,4.152295183180517,46731.68571428571,48035.62380952381,0.9728547691936172,2.074556377485275,37.81382957572868,35.38723818801755,0
2022-01-05,45833.1,47019.4,42535.1,43425.9,83740.0,-5.26,-5.260781066947661,10.326325994395056,46298.0,47776.30952380953,0.9690576869887197,2.7091056690806643,32.38238579095048,50.6386040654794,0
2022-01-06,43431.6,43772.3,42481.1,43097.5,63080.0,-0.76,-0.7562307286665404,2.9959974476477855,45722.885714285716,47560.561904761904,0.9613613440027041,2.5116457630385414,19.933336976121552,-24.671602579412465,0
2022-01-07,43097.9,43127.7,40810.0,41546.7,88360.0,-3.6,-3.598352572655028,5.578541737370229,45055.34285714286,47340.3,0.951733361578673,2.662946795598973,17.799339216260307,40.07609384908053,1
2022-01-08,41551.3,42304.4,40574.3,41672.0,52540.0,0.3,0.3015883331287439,4.15170858130159,44188.77142857143,47093.433333333334,0.9383212966401847,1.9034229913588316,19.00980684350212,-40.53870529651425,1
2022-01-09,41681.2,42764.4,41260.9,41848.3,37510.0,0.42,0.4230658475715243,3.592738534181795,43408.27142857143,46862.18571428572,0.9262963467651195,2.0772803969214326,17.860381432169902,-28.606775789874384,0
2022-01-10,41848.9,42243.8,39697.0,41832.2,85500.0,-0.04,-0.0384722915865332,6.088133064959536,42751.41428571429,46621.090476190475,0.9169973042039323,2.1686064446857016,17.971092154619384,127.93921620901094,1
2022-01-11,41829.1,43090.2,41287.6,42733.2,61780.0,2.15,2.153843211688611,4.218265891625244,42307.97142857143,46327.3380952381,0.9132398529264989,2.5673727048646167,29.218131877623676,-27.742690058479536,1
2022-01-12,42735.0,44243.6,42476.7,43901.0,53950.0,2.73,2.732769837035387,4.024737477506211,42375.84285714285,46103.590476190475,0.9191440931054434,2.0690783942871414,39.02089746777917,-12.67400453221107,0
2022-01-13,43900.0,44404.7,42337.5,42560.0,53420.0,-3.05,-3.0546001230040365,4.8571428571428505,42299.057142857135,45711.1619047619,0.9253551075990192,2.3975869052055176,31.511777718355745,-0.9823911028730259,1
2022-01-14,42562.2,43435.1,41848.7,43073.3,50500.0,1.21,1.2060620300752056,3.683024054344574,42517.142857142855,45343.885714285716,0.9376598892526696,1.8789278038936155,36.83664418522923,-5.466117558966676,1
2022-01-15,43073.6,43777.9,42586.1,43097.0,31440.0,0.06,0.055022484926858795,2.765389702299471,42720.71428571428,44995.81904761904,0.9494374186300061,1.8862647967845214,27.80657625432778,-37.742574257425744,0
2022-01-16,43079.2,43462.0,42643.3,43079.1,28660.0,-0.04,-0.041534213518346075,1.9004575304497937,42896.54285714286,44629.114285714284,0.9611784491737937,1.89743301186464,28.936551380940557,-8.842239185750634,0
2022-01-17,43080.5,43179.6,41559.4,42209.3,41440.0,-2.02,-2.0190765359536234,3.8384905696137985,42950.41428571429,44225.833333333336,0.971161220682805,2.1142915241055715,28.970575047081965,44.59176552686672,1
2022-01-18,42209.9,42674.2,41300.7,42364.6,47320.0,0.37,0.3679283949271639,3.2420936347799816,42897.75714285714,43979.13809523809,0.9754115019253176,1.9317047316029814,31.90944041008116,14.18918918918919,0
2022-01-19,42365.3,42558.0,41160.9,41677.8,53770.0,-1.62,-1.6211648404564127,3.352144307041155,42580.15714285714,43751.333333333336,0.9732310743182792,1.522261815655767,38.89883787388075,13.630600169061701,0
2022-01-20,41683.6,43487.1,40568.3,40715.9,65280.0,-2.31,-2.3079433175455577,7.168698223544108,42316.71428571428,43446.219047619044,0.9740022311109104,1.3484324639254412,36.002115904549214,21.405988469406733,0
2022-01-21,40698.1,41104.6,35503.9,36475.5,155800.0,-10.41,-10.414604613922329,15.354690134473817,41374.17142857143,42982.219047619044,0.9625880735178868,3.7449796725465436,27.3538395584374,138.66421568627453,0
2022-01-22,36467.7,36749.8,34116.0,35075.2,138090.0,-3.84,-3.8390152294005664,7.5090092144877385,40228.200000000004,42379.22857142857,0.9492433287735975,3.627153098849484,23.552711761121273,-11.367137355584077,1
2022-01-23,35072.9,36513.0,34655.2,36269.5,70430.0,3.4,3.404969893257914,5.122210121451917,39255.4,41853.40476190476,0.9379260832736485,4.250573361209879,29.321847942118367,-48.99703092186255,1
2022-01-24,36268.6,37424.0,32985.6,36686.3,153770.0,1.15,1.1491749265912121,12.098249210195634,38466.4,41389.409523809525,0.9293778394657203,4.455069957255482,31.476641973175546,118.33025699275876,1
2022-01-25,36691.3,37501.8,35729.3,36950.6,79680.0,0.72,0.7204324230025705,4.796945110498883,37692.97142857143,40966.23333333334,0.9200985387617141,4.486783236246089,28.184795074545775,-48.18235026338037,0
2022-01-26,36962.3,38862.6,36280.0,36800.4,107870.0,-0.41,-0.40648866324226596,7.017858501538023,36996.200000000004,40650.73333333334,0.9100992028024095,4.520202827716607,20.98479895390649,35.379016064257016,1
2022-01-27,36800.1,37215.4,35543.2,37164.3,83520.0,0.99,0.9888479473049161,4.499479339043125,36488.82857142857,40368.200000000004,0.9039003119145407,4.613503455858015,26.038067662027373,-22.573468063409663,1
2022-01-28,37195.6,37995.9,36176.5,37745.1,69450.0,1.56,1.5627900969478636,4.820228321027105,36670.2,40187.171428571426,0.9124852209411533,2.233278903466673,26.478845882186704,-16.84626436781609,1
2022-01-29,37736.5,38663.7,37350.2,38170.8,42770.0,1.13,1.127828512840079,3.441112054240414,37112.42857142857,40020.44761904762,0.9273366686124974,1.1440838046145205,28.998840421540876,-38.41612670986321,0
2022-01-30,38167.5,38313.3,37390.6,37917.7,34100.0,-0.66,-0.6630722961006974,2.4334281878911552,37347.885714285716,39833.276190476194,0.9376051705035321,0.8436110368642005,28.428733825938664,-20.271218143558567,1
2022-01-31,37923.8,38701.4,36672.8,38498.6,61270.0,1.53,1.5320022047750737,5.269282519364337,37606.78571428572,39674.53333333334,0.9478822447216949,0.8930848144699505,34.10794281651775,79.67741935483872,1
2022-02-01,38475.6,39230.0,38037.9,38709.7,55200.0,0.55,0.5483316276436057,3.079589870239239,37858.08571428572,39482.938095238096,0.9588467206510058,0.8946233557833465,34.42138016282341,-9.906969152929657,0
2022-02-02,38711.2,38853.8,36682.3,36890.2,53740.0,-4.7,-4.700372258116181,5.886387170576468,37870.91428571428,39149.090476190475,0.9673510629511674,2.230491362323291,31.390322781267486,-2.644927536231889,1
2022-02-03,36890.2,37304.3,36297.3,37287.8,50350.0,1.08,1.0777930181999684,2.7006152146278404,37888.55714285715,38898.03333333333,0.9740481432100805,2.236931123743898,36.06338778264725,-6.308150353554154,1
2022-02-04,37287.8,41689.0,37041.1,41567.6,95490.0,11.48,11.477748754284223,11.181545241967306,38434.62857142858,38826.333333333336,0.989911363544379,4.897295412086024,70.63533874196605,89.6524329692155,0
2022-02-05,41566.5,41899.8,40963.3,41412.1,46320.0,-0.37,-0.37408943504074754,2.2614163493278534,38897.67142857143,38746.1,1.0039119144525883,4.948226316602316,78.56131969171135,-51.49230285893811,1
2022-02-06,41411.9,42614.8,41176.3,42392.2,31200.0,2.37,2.366699587801624,3.3933129207731616,39536.885714285716,38713.39047619047,1.0212715866000348,4.88291345726339,78.13921851589714,-32.64248704663213,1
2022-02-07,42385.2,44468.3,41695.4,43833.9,76600.0,3.4,3.400861479234396,6.32592582453307,40299.07142857143,38790.752380952385,1.038883469771514,4.922868577115473,80.02133700710672,145.51282051282053,1
2022-02-08,43833.9,45399.8,42705.0,44038.2,92880.0,0.47,0.46607762485197934,6.119232847845741,41060.28571428572,38870.44761904761,1.0563368376073194,4.926926848983614,79.92012968372704,21.25326370757181,1
2022-02-09,44038.2,44800.4,43163.0,44388.9,50920.0,0.8,0.796354074417227,3.6887600278448023,42131.52857142857,38999.54761904762,1.0803081354423525,4.048315918196226,81.50140725796405,-45.176571920757965,0
2022-02-10,44388.9,45755.2,43242.5,43521.0,89690.0,-1.96,-1.9552185343633233,5.773534615472983,43021.985714285714,39133.12380952381,1.0993751974335224,4.403188231760971,75.32812163809794,76.13904163393559,0
2022-02-11,43519.3,43915.1,42023.4,42388.4,69950.0,-2.6,-2.6024218193515747,4.462777552349221,43139.24285714286,39414.69047619047,1.0944965528323076,2.1650634107291538,67.72184267776038,-22.009142602296805,0
2022-02-12,42388.4,43006.4,41776.8,42205.2,37880.0,-0.43,-0.43219371337442913,2.913385080511403,43252.54285714286,39754.21428571428,1.0879989363212166,2.1681865450425573,65.68828744750346,-45.8470335954253,0
2022-02-13,42205.5,42725.1,41880.1,42061.1,25880.0,-0.34,-0.3414271227242138,2.0089821711747913,43205.24285714286,40030.00476190476,1.0793214518490357,1.968602275454428,66.24990195309437,-31.678986272439282,1
2022-02-14,42061.1,42799.7,41591.3,42550.3,53600.0,1.16,1.1630699149570711,2.839932973445532,43021.87142857142,40309.24285714285,1.0672954483675667,1.4081179513872923,66.00538819495469,107.10973724884082,1
2022-02-15,42550.3,44722.6,42460.1,44544.4,56340.0,4.69,4.686453444511551,5.079201874983163,43094.18571428571,40670.85238095238,1.059584031104995,2.401447899155485,70.202835121154,5.111940298507456,0
2022-02-16,44540.9,44552.9,43377.6,43883.6,41400.0,-1.48,-1.4834636901608356,2.6782214768159474,43022.0,41008.14761904762,1.049108591776942,2.4590647630384717,76.32740031321525,-26.517571884984026,0
2022-02-17,43885.5,44167.1,40103.8,40552.8,72630.0,-7.59,-7.590079209545242,10.01977668619675,42597.97142857143,41169.50476190476,1.0346972030615356,3.741179253189921,60.06796260206725,75.43478260869566,0
2022-02-18,40532.5,40935.5,39505.0,40000.1,64959.99999999999,-1.36,-1.3629145213154281,3.576241059397352,42256.78571428572,41276.885714285716,1.0237396785887085,3.678345776721295,43.72382424305517,-10.560374500894953,1
2022-02-19,40000.1,40434.3,39666.6,40090.3,25780.0,0.23,0.22549943625143065,1.914927052179715,41954.65714285714,41368.29047619048,1.0141743025857968,3.6966413705711436,44.679772024729544,-60.31403940886699,0
2022-02-20,40089.6,40120.3,38042.2,38355.0,47920.0,-4.33,-4.328478459876839,5.418068048494344,41425.21428571428,41389.114285714284,1.0008722100151937,3.936619906254641,34.68158086449736,85.88052754072926,0
2022-02-21,38355.0,39444.1,36868.9,37017.7,91820.0,-3.49,-3.4866379872246167,6.956672078492174,40634.84285714286,41318.59523809524,0.9834517031130341,3.8547110791463957,23.93063672245512,91.6110183639399,1
2022-02-22,37018.3,38414.9,36399.6,38248.2,82750.0,3.32,3.3240855050421736,5.269006123163974,39735.38571428571,41296.619047619046,0.9621946452436437,3.482860738290776,29.467211370696646,-9.878022217381833,0
2022-02-23,38248.2,39194.5,37099.5,37224.6,64840.0,-2.68,-2.6762043704017358,5.627998689038969,38784.1,41312.54285714285,0.9387972106707131,3.4768255946145588,25.75089864137611,-21.64350453172206,1
2022-02-24,37250.2,39351.6,34357.4,38339.2,180470.0,2.99,2.9942564863020715,13.026354227526912,38467.87142857142,41362.60952380953,0.9300155834323797,3.053668025915989,32.74918436646914,178.33127698951265,1
2022-02-25,38339.2,39683.7,38042.6,39209.6,83780.0,2.27,2.270261246974381,4.185454582551208,38354.94285714285,41250.323809523805,0.9298094975993262,3.2370930046738353,39.22937222161986,-53.57677176261982,0
2022-02-26,39221.6,40094.5,38639.1,39115.5,41550.0,-0.24,-0.23999224679669418,3.7207756515959187,38215.68571428571,41140.961904761905,0.9288962616564975,3.2307210840327776,39.467673868432016,-50.40582477918358,0
2022-02-27,39116.6,39838.5,37062.3,37689.1,66140.0,-3.65,-3.6466362439442235,7.366055437779086,38120.557142857135,40917.00476190476,0.9316556127380267,3.0967346412473673,36.29467084639499,59.18170878459688,1
2022-02-28,37707.2,43977.8,37458.9,43188.2,108070.0,14.59,14.590690677145378,15.094169240672226,39002.057142857135,40886.25714285715,0.9539160556219027,6.043333151751033,51.52171527535912,63.39582703356517,1
2022-03-01,43187.2,44900.5,42876.6,44420.3,90670.0,2.85,2.852862587466043,4.556250182911869,39883.78571428572,40904.45238095238,0.9750475411047931,6.033599970665698,49.692789844488786,-16.100675488109562,0
2022-03-02,44420.3,45294.2,43361.3,43912.8,80820.0,-1.14,-1.1424956607677172,4.401677870689171,40839.24285714286,40881.780952380956,0.9989594852707703,5.847482038220013,50.07283757221397,-10.863571192235577,0
2022-03-03,43912.8,44077.2,41840.8,42463.0,74110.0,-3.3,-3.30154305806053,5.266702776534852,41428.357142857145,40831.4,1.0146200508152339,6.234732517220025,55.258318835473126,-8.3024003959416,0
2022-03-04,42463.0,42848.7,38594.9,39142.7,3210000000.0,-7.82,-7.819277959635452,10.867415891085685,41418.799999999996,40676.84285714285,1.0182402834325883,7.158796011322261,47.95186133618712,4331299.271353394,1
2022-03-05,39142.8,39600.2,38626.1,39395.8,1500000000.0,0.65,0.6466084352893642,2.472598601881415,41458.84285714286,40543.061904761904,1.0225878586706691,7.157870774212861,48.353805092419215,-53.271028037383175,0
2022-03-06,39396.3,39668.1,38115.0,38403.1,1930000000.0,-2.52,-2.5198117565832012,4.044204764719511,41560.84285714286,40368.87142857143,1.0295269941018912,7.066103017564888,50.11817310763334,28.666666666666664,0
2022-03-07,38420.6,39532.0,37182.1,38024.8,3020000000.0,-0.99,-0.9850767255768278,6.179914161284218,40823.21428571428,40153.37142857143,1.0166821074622447,3.359569068193299,52.59662240556918,56.476683937823836,1
2022-03-08,38020.6,39351.5,37886.6,38744.8,2670000000.0,1.89,1.8935010835033905,3.780894468418991,40012.42857142857,39877.2,1.003391125039586,3.153631899113621,51.315009003283556,-11.589403973509938,1
2022-03-09,38731.5,42538.5,38663.3,41929.0,3600000000.0,8.22,8.218393177923232,9.242290538767909,39729.02857142857,39784.12380952381,0.9986151451177103,4.979459262596653,61.17827644872781,34.8314606741573,0
2022-03-10,41933.9,42029.1,38603.5,39416.3,3620000000.0,-5.99,-5.992749648214835,8.690820802561372,39293.78571428572,39730.00476190476,0.9890204129037177,5.319378646368821,52.399880574135395,0.5555555555555536,0
2022-03-11,39422.5,40177.0,38236.4,38730.2,2790000000.0,-1.74,-1.740650441568603,5.010560234648927,39234.857142857145,39669.53333333333,0.9890425685922819,4.430486994901924,48.92300641613199,-22.928176795580114,1
2022-03-12,38730.2,39355.3,38666.5,38814.3,1110000000.0,0.22,0.21714321124084446,1.7746036898771917,39151.78571428572,39608.771428571425,0.988462512271813,4.4218985051336395,49.32303653624857,-60.215053763440864,0
2022-03-13,38813.2,39272.3,37603.4,37792.4,1550000000.0,-2.63,-2.6327925532600105,4.415967231506867,39064.54285714286,39581.98095238095,0.986927433069593,4.432269721838127,50.23647210178603,39.63963963963963,1
2022-03-14,37789.5,39914.3,37613.6,39671.1,2330000000.0,4.97,4.9711053015950135,5.799435861370127,39299.728571428575,39708.333333333336,0.989709848598411,4.800749697804711,40.34903822407596,50.32258064516129,0
2022-03-15,39673.0,39854.7,38220.9,39285.7,2250000000.0,-0.97,-0.9714880605781073,4.158765148641861,39377.0,39757.73809523809,0.9904235473777193,4.804647217073142,35.22400257844694,-3.433476394849788,1
2022-03-16,39282.5,41701.6,38953.2,41118.7,4470000000.0,4.67,4.66581987847996,6.684063455313523,39261.24285714286,39943.17142857143,0.9829275306131353,3.937697478148939,42.529264236402625,98.66666666666666,0
2022-03-17,41118.7,41406.0,40557.8,40914.8,1900000000.0,-0.5,-0.4958814359403263,2.0730884667650753,39475.31428571429,40065.81904761904,0.985261632585049,3.038068829656085,45.56501512512605,-57.494407158836694,1
2022-03-18,40914.6,42308.4,40234.8,41767.8,2310000000.0,2.08,2.0848201628750562,4.964589947279959,39909.25714285714,40187.63809523809,0.9930729705557406,2.8930585263400403,58.75786509731704,21.578947368421055,1
2022-03-19,41768.0,42386.0,41529.6,42233.0,224590000.0,1.11,1.1137766413361394,2.027798167309927,40397.642857142855,40336.090476190475,1.0015259877748617,2.866155677328129,59.3333859676825,-90.27748917748917,0
2022-03-20,42241.0,42301.0,40922.0,41276.0,308450000.0,-2.27,-2.2660005209196643,3.340924508188778,40895.299999999996,40506.89523809524,1.0095886085473043,2.7856054581866365,59.47307679625417,37.33915134244623,0
2022-03-21,41282.0,41532.0,40530.0,41022.0,406620000.0,-0.62,-0.6153697063668973,2.442591780020477,41088.28571428572,40403.74285714285,1.016942560484142,2.3199950529742757,59.96462577796691,31.82687631706922,1
2022-03-22,41022.0,43327.9,40893.0,42373.0,537060000.0,3.29,3.293354785237179,5.746347910225855,41529.32857142857,40306.252380952385,1.030344577285835,2.426049644212633,61.57675077535704,32.07909104323448,1
2022-03-23,42373.0,43027.0,41795.0,42912.0,433960000.0,1.27,1.2720364382979632,2.870991797166294,41785.514285714286,40258.59523809524,1.0379277776233529,1.873566450286632,53.77351247600768,-19.1971101925297,1
2022-03-24,42911.0,44251.0,42658.0,44013.0,491660000.0,2.57,2.5657158836688954,3.6193851816508755,42228.114285714284,40332.40476190476,1.0470021446774749,1.9244995062102161,69.79067104096164,13.296156327772145,1
2022-03-25,44013.0,45112.0,43622.0,44331.0,494090000.0,0.72,0.7225138027401101,3.3610791545419683,42594.28571428572,40579.46666666667,1.049651195866359,1.87224168122198,74.90306975420626,0.4942439897490214,1
2022-03-26,44331.0,44818.0,44090.0,44548.0,196300000.0,0.49,0.4894994473393366,1.6341923318667504,42925.0,40824.80952380953,1.0514439748938844,1.8735307104311254,75.19621026357652,-60.27039608168552,1
2022-03-27,44542.0,46947.0,44445.0,46859.0,388790000.0,5.19,5.187662745802291,5.339422522887812,43722.57142857143,41227.47142857143,1.0605203257328764,1.9693323963127656,85.78770367563473,98.05909322465614,1
2022-03-28,46859.0,48199.0,46672.0,47105.0,610270000.0,0.52,0.5249791928978453,3.2416940876764673,44591.57142857143,41659.86190476191,1.0703725214094963,1.7688391141286173,83.68480674248949,56.966485763522726,1
2022-03-29,47126.0,48127.0,47029.0,47449.0,478820000.0,0.73,0.7302834094045307,2.3140635208328946,45316.71428571428,42074.34761904762,1.077062791229086,1.7231039409927353,87.12919922496843,-21.539646386025858,0
2022-03-30,47449.0,47714.0,46601.0,47075.0,467760000.0,-0.79,-0.7882147147463603,2.3643122676579926,45911.42857142857,42319.39523809524,1.084879127244707,1.9568872684568483,81.23682361208718,-2.3098450357127986,0
2022-03-31,47071.0,47624.0,45228.0,45525.0,520000000.0,-3.29,-3.292618162506633,5.263042284459089,46127.42857142857,42610.28571428572,1.0825421092157492,2.520586050783783,71.18619143030458,11.168120403625782,1
2022-04-01,45529.0,46728.0,44261.0,46297.0,632930000.0,1.7,1.6957715540911522,5.328639004687129,46408.28571428572,42970.60952380953,1.0800006383100387,2.5607471546870704,70.9700718571746,21.717307692307685,0
2022-04-02,46299.0,47212.0,45641.0,45811.0,345930000.0,-1.05,-1.0497440438905326,3.4293073715919755,46588.71428571428,43303.78571428572,1.0758577689512463,2.641599850107974,66.53419593345656,-45.344666866794114,1
2022-04-03,45813.0,47435.0,45554.0,46407.0,398860000.0,1.3,1.3009975770011506,4.05326782597453,46524.142857142855,43714.00476190476,1.0642846179512482,1.723923293727299,74.52911368199636,15.30078339548464,1
2022-04-04,46407.0,46899.0,45152.0,46629.0,446120000.0,0.48,0.47837610705281364,3.7465954663406893,46456.142857142855,44045.333333333336,1.0547347321806968,1.7210801570807666,76.88692816725808,11.848768991626123,0
2022-04-05,46614.0,47201.0,45388.0,45506.0,421110000.0,-2.41,-2.4083724720667443,3.984090010108557,46178.57142857143,44341.538095238095,1.041429174815445,1.862019602209942,65.35934895577998,-5.606114946651131,0
2022-04-06,45494.0,45519.0,43122.0,43173.0,649520000.0,-5.13,-5.12679646640003,5.552081161837259,45621.142857142855,44439.36190476191,1.026593112540941,2.5409627264527517,51.08813474526808,54.23998480207073,1
2022-04-07,43166.0,43893.0,42747.0,43448.0,390850000.0,0.64,0.6369721816876339,2.637635794512981,45324.42857142857,44559.990476190476,1.0171552571503926,2.4334848096909045,47.470224769409874,-39.82479369380466,0
2022-04-08,43450.0,43979.0,42113.0,42275.0,467830000.0,-2.7,-2.6997790462161664,4.4139562389118865,44749.857142857145,44584.142857142855,1.0037168884516918,2.2937187834711636,41.44901014806189,19.695535371625937,1
2022-04-09,42275.0,42809.0,42129.0,42767.0,165160000.0,1.16,1.1638083973979807,1.5900109897818413,44315.0,44609.57142857143,0.9933966765620447,2.474136800919758,42.758396356835,-64.69657781672831,0
2022-04-10,42760.0,43421.0,41884.0,42138.0,255830000.0,-1.47,-1.4707601655482017,3.647539038397646,43705.142857142855,44650.619047619046,0.9788250149573994,2.266826051266695,27.762600094206306,54.89828045531606,0
2022-04-11,42144.0,42418.0,39202.0,39497.0,608380000.0,-6.27,-6.267502017181636,8.142390561308453,42686.28571428572,44578.0,0.9575639489049692,2.7451193621645227,20.76095311299001,137.80635578313723,1
2022-04-12,39507.0,40678.0,39265.0,40078.0,468270000.0,1.47,1.4709977973010657,3.5256250311891812,41910.857142857145,44468.71428571428,0.9424796245193251,3.0917393023854327,22.17860647693817,-23.0300141359019,1
2022-04-13,40072.0,41515.0,39581.0,41133.0,406700000.0,2.63,2.632366884575088,4.701820922373763,41619.42857142857,44384.0,0.9377124317643424,3.0727375300690367,28.66886846639862,-13.148397292160507,0
2022-04-14,41133.0,41494.0,39585.0,39936.0,294290000.0,-2.91,-2.9100722047990635,4.780148237179487,41117.71428571428,44189.857142857145,0.9304785519624735,3.1177150950330366,29.414364640883974,-27.639537742807963,1
2022-04-15,39936.0,40850.0,39781.0,40560.0,233090000.0,1.56,1.5625,2.6356015779092705,40872.71428571428,44010.28571428572,0.9287082240515203,3.181171578380803,28.636329783272515,-20.795813653199225,0
2022-04-16,40571.0,40691.0,40003.0,40382.0,151310000.0,-0.44,-0.4388560157790877,1.7037293843791788,40532.0,43811.90476190476,0.9251366773544916,3.094127400617297,29.3086363289885,-35.08516023853447,0
2022-04-17,40382.0,40599.0,39561.0,39703.0,210010000.0,-1.68,-1.6814422267346862,2.6144120091680727,40184.142857142855,43471.142857142855,0.9243866210096682,3.1030410275662628,24.609907589759132,38.79452779062851,1
2022-04-18,39700.0,41095.0,38577.0,40803.0,484260000.0,2.77,2.7705714933380365,6.17111486900473,40370.71428571428,43171.04761904762,0.9351339963291094,2.2000643603077057,29.311079545454547,130.58901957049662,1
2022-04-19,40809.0,41746.0,40585.0,41503.0,268279999.99999997,1.72,1.7155601303825652,2.797388140616341,40574.28571428572,42887.90476190476,0.9460542765970203,2.22015270147843,35.344511971882554,-44.60000826002562,0
2022-04-20,41499.0,42203.0,40915.0,41368.0,382840000.0,-0.33,-0.3252776907693433,3.1135176948365886,40607.857142857145,42616.142857142855,0.9528750004190231,2.0242769844296276,42.12409459813247,42.7016549873267,0
2022-04-21,41370.0,42969.0,39793.0,40482.0,493050000.0,-2.14,-2.141752078901571,7.845462180722295,40685.857142857145,42376.0,0.9601155640659134,1.8469935479923714,37.713338856669424,28.787483021627835,0
2022-04-22,40487.0,40792.0,39200.0,39709.0,421300000.0,-1.91,-1.9094906378143373,4.009166687652673,40564.28571428572,42062.28571428572,0.9643861484329362,1.8885870293651033,39.00599828620394,-14.552276645370654,0
2022-04-23,39709.0,39973.0,39291.0,39418.0,190600000.0,-0.73,-0.7328313480571169,1.730174032168045,40426.57142857143,41757.857142857145,0.9681189168847607,1.8957752820408822,35.399773301944364,-54.75907904106337,1
2022-04-24,39434.0,39929.0,39033.0,39464.0,283630000.0,0.12,0.11669795524886784,2.2704236772754913,40392.42857142857,41427.23809523809,0.9750210351597524,1.801493967767137,37.71817012676833,48.80902413431269,1
2022-04-25,39464.0,40599.0,38233.0,40427.0,654600000.0,2.44,2.4401986620717686,5.852524303064784,40338.71428571428,41131.90476190476,0.9807159313243108,1.7169440938830032,55.04995655951346,130.7936396008885,0
2022-04-26,40443.0,40770.0,37708.0,38113.0,681470000.0,-5.72,-5.723897395305122,8.03400414556713,39854.42857142857,40779.857142857145,0.9773067235574986,2.5107058423020043,41.020016451878256,4.104796822487011,1
2022-04-27,38113.0,39447.0,37869.0,39243.0,426830000.0,2.96,2.964867630467305,4.0210993043345304,39550.857142857145,40592.71428571428,0.9743338882065397,2.964798359166956,41.42156862745098,-37.36628171452888,1
2022-04-28,39243.0,40382.0,38888.0,39748.0,542390000.0,1.29,1.2868537063934982,3.758679681996578,39446.0,40416.52380952381,0.9759869548876167,2.9724913579095618,49.08950019372337,27.074010730267318,0
2022-04-29,39748.0,39919.0,38175.0,38581.0,382900000.0,-2.94,-2.935996779712191,4.520359762577435,39284.857142857145,40240.619047619046,0.97624882699665,3.0924854124435592,40.894451090457345,-29.40504065340438,0
2022-04-30,38590.0,38776.0,37596.0,37650.0,248220000.0,-2.41,-2.4131048961924306,3.1341301460823376,39032.28571428572,39996.95238095238,0.9758814957330083,3.1891201686473245,38.244406196213426,-35.17367458866545,1
2022-05-01,37642.0,38676.0,37397.0,38461.0,276990000.0,2.15,2.1540504648074332,3.3254465562517876,38889.0,39821.857142857145,0.9765742431471589,3.3550600297698736,44.71579305650102,11.590524534686963,1
2022-05-02,38472.0,39134.0,38061.0,38514.0,580790000.0,0.14,0.1378019292270105,2.7859998961416625,38615.71428571428,39775.04761904762,0.9708527480736906,3.1459152248263376,39.308734236338154,109.67904978519081,0
2022-05-03,38515.0,38647.0,37513.0,37718.0,367210000.0,-2.07,-2.066780910837618,3.00652208494618,38559.28571428572,39662.666666666664,0.972180868178784,2.3703511596325737,32.47847421535043,-36.774049139964525,1
2022-05-04,37717.0,40021.0,37660.0,39688.0,691490000.0,5.22,5.222970465029952,5.948901431163072,38622.857142857145,39593.857142857145,0.9754759937508344,2.944903081572925,43.35232668566002,88.30914190790011,0
2022-05-05,39686.0,39833.0,36183.0,36544.0,1040000000.0,-7.92,-7.921789961701265,9.987959719789842,38165.142857142855,39432.333333333336,0.9678641772101453,4.176629617949583,36.779911373707534,50.39986116935893,0
2022-05-06,36540.0,36646.0,35267.0,36009.0,752840000.0,-1.46,-1.4639886164623417,3.829598156016551,37797.71428571428,39215.619047619046,0.9638433665886283,4.106278458698462,37.377183406113545,-27.611538461538466,0
2022-05-07,36003.0,36119.0,34773.0,35468.0,288860000.0,-1.5,-1.502402177233464,3.7949701139054923,37486.0,38981.619047619046,0.961632710899154,4.064834659728914,36.75030189185563,-61.63062536528345,0
2022-05-08,35468.0,35497.0,33727.0,34060.0,671050000.0,-3.97,-3.969775572346901,5.196711685261303,36857.28571428572,38712.90476190476,0.9520671709076954,3.9870776809013933,33.39070567986231,132.3097694384823,0
2022-05-09,34041.0,34227.0,30095.0,30095.0,268090.0,-11.64,-11.641221374045807,13.72985545771723,35654.57142857143,38203.0,0.9332924489849338,5.356323858024008,23.191489361702125,-99.96004917666343,1
2022-05-10,30098.2,32621.2,29831.0,31007.5,235610.0,3.03,3.0320651270975274,8.998468112553416,34695.92857142857,37703.21428571428,0.9202379486402259,5.878710267076709,30.117245431905303,-12.115334402625988,0
2022-05-11,31008.0,32113.6,27835.5,29068.2,296900.0,-6.25,-6.254293316133186,14.717457565311918,33178.81428571429,37117.509523809524,0.893885788981378,4.8398936160281005,22.762316761074644,26.01332710835702,0
2022-05-12,29073.4,30136.7,26500.5,28976.0,309480.0,-0.32,-0.31718510262073174,12.549006073992272,32097.67142857143,36569.60476190476,0.8777144745629893,4.729497055212858,20.511908020804825,4.237116874368474,1
2022-05-13,28994.3,31002.7,28755.0,29284.4,141230.0,1.06,1.064329099944783,7.675417628498452,31137.014285714286,36073.195238095235,0.8631620814346915,4.970946365371366,23.295454545454547,-54.36538710094352,1
2022-05-14,29285.2,30277.4,28666.7,30080.4,70460.0,2.72,2.718170766688055,5.3546495392348525,30367.35714285714,35628.54761904762,0.8523321654184478,5.392427706085779,28.086316106395543,-50.10975005310486,1
2022-05-15,30078.6,31383.8,29499.4,31308.7,65440.0,4.08,4.083389848539243,6.018774334290462,29974.314285714285,35240.2,0.8505716280189751,5.794824195451984,29.782855721449295,-7.124609707635543,0
2022-05-16,31308.3,31312.4,29135.8,29849.0,100250.0,-4.66,-4.662282368798454,7.292036584140179,29939.17142857143,34736.485714285714,0.8618940809046396,3.985939854116728,27.31128962996324,53.19376528117359,1
2022-05-17,29856.7,30720.1,29484.5,30437.5,79630.0,1.97,1.9715903380347788,4.059466119096505,29857.742857142857,34370.985714285714,0.8686903280964967,3.8677651548006873,30.727079241207335,-20.568578553615957,0
2022-05-18,30437.5,30687.9,28648.1,28683.7,92030.0,-5.76,-5.761971252566733,7.111355926885314,29802.81428571429,33868.1619047619,0.8799655077095866,3.7417364816538896,20.5321422259355,15.572020595253043,1
2022-05-19,28700.4,30525.1,28682.1,30305.9,101380.0,5.66,5.655476803899084,6.081324098607861,29992.8,33418.538095238095,0.8974898876343654,4.326928221254012,31.81301348695912,10.159730522655664,0
2022-05-20,30305.9,30735.1,28738.5,29178.6,98780.0,-3.72,-3.719737740835949,6.842686078153163,29977.685714285715,32970.804761904765,0.909219108564879,4.631345661044264,30.750977894511394,-2.56460840402446,1
2022-05-21,29188.7,29623.2,28953.9,29434.6,32270.000000000004,0.88,0.8773553220510877,2.2738545793046256,29885.428571428572,32579.595238095237,0.9173050909019157,4.504499484641117,32.71945100016039,-67.33144361206722,1
2022-05-22,29433.0,30462.0,29260.1,30286.6,50600.0,2.89,2.8945526693075596,3.968421678233944,29739.414285714283,32190.338095238094,0.9238615076898998,4.334300548116496,38.8368873216103,56.8019832661915,0
2022-05-23,30287.3,30644.8,28913.6,29093.3,92100.0,-3.94,-3.9400262822502308,5.950510942381926,29631.457142857143,31741.733333333334,0.933517298242182,4.22287094615587,46.45528858062917,82.01581027667983,1
2022-05-24,29091.6,29810.8,28706.1,29648.7,79420.0,1.91,1.9090306015474345,3.7259643761783847,29518.77142857143,31357.480952380953,0.9413629708776109,4.217352036538368,45.06694548517324,-13.767643865363732,0
2022-05-25,29648.7,30202.3,29353.5,29540.6,78850.0,-0.36,-0.3646028325019368,2.8733336492826798,29641.18571428571,30874.271428571425,0.9600610586993609,3.4809744647978698,51.97802565906272,-0.7177033492822948,0
2022-05-26,29537.9,29868.9,28077.9,29203.5,126710.0,-1.14,-1.1411413444547436,6.13282654476347,29483.7,30524.723809523806,0.9658957173201678,2.641129067024457,50.93344055932578,60.69752694990489,0
2022-05-27,29194.0,29377.1,28282.2,28601.2,116410.0,-2.06,-2.062424024517606,3.8281610561794537,29401.214285714286,30171.97142857143,0.974454531594602,2.36390015035297,47.26282051282051,-8.128798042774843,1
2022-05-28,28620.1,29194.4,28537.2,29027.1,43870.0,1.49,1.4890983595093887,2.264091142415194,29343.0,29865.261904761905,0.9825127297919785,2.4235551818175223,45.65107886935482,-62.31423417232196,1
2022-05-29,29027.1,29556.5,28838.7,29465.2,36870.0,1.51,1.5092792597262594,2.43609410423143,29225.657142857144,29646.4619047619,0.985805902800254,2.1750852836126016,41.85711635467371,-15.956234328698427,1
2022-05-30,29465.2,32185.6,29307.2,31723.3,129560.0,7.66,7.663616741104762,9.073457048919872,29601.371428571427,29724.0,0.9958744256685313,3.1880169687459627,57.73347306921051,251.39679956604283,1
2022-05-31,31730.2,32377.5,31221.2,31793.4,86600.0,0.22,0.2209732278798393,3.6369183541238095,29907.757142857146,29761.42380952381,1.004916879456772,3.1968777595352336,55.84454770381993,-33.158382216733564,0
2022-06-01,31793.1,31969.9,29396.6,29798.5,135090.0,-6.27,-6.2745727100593225,8.6356695806836,29944.600000000002,29796.200000000004,1.0049805008692383,4.241055539076114,54.70745219917573,55.993071593533486,1
2022-06-02,29798.6,30638.5,29604.4,30455.5,81400.0,2.2,2.2048089668943005,3.3954458143849173,30123.457142857143,29866.652380952386,1.008598377837234,4.253154789112033,50.68777814557357,-39.743874454067665,0
2022-06-03,30455.7,30674.8,29330.8,29700.9,72130.0,-2.48,-2.477713385102853,4.5251154005434175,30280.557142857142,29886.48571428571,1.0131856061076818,4.300397003914762,52.486456121642604,-11.38820638820639,1
2022-06-04,29700.9,29963.8,29489.5,29864.3,33510.0,0.55,0.5501516789053529,1.5881838851069647,30400.15714285714,29876.195238095235,1.0175377721489047,4.283356891547937,52.063821407644355,-53.54221544433662,1
2022-06-05,29865.1,30166.9,29539.0,29913.0,30330.0,0.16,0.16307095763168356,2.0990873533246464,30464.12857142857,29809.733333333334,1.0219524016125126,4.259872161017825,48.05558446965755,-9.489704565801249,1
2022-06-06,29911.2,31753.4,29888.6,31367.6,94010.0,4.86,4.862768695884734,5.944987821828903,30413.314285714285,29882.04761904762,1.0177787905781939,3.519342965213731,61.52326135200592,209.95713814704914,0
2022-06-07,31370.3,31556.6,29235.0,31128.8,140320.0,-0.76,-0.7612950943011287,7.458045282824903,30318.371428571427,29914.966666666667,1.013485048016258,3.523656356410946,57.74783546384412,49.260716945005846,0
2022-06-08,31127.2,31312.1,29874.8,30201.6,87960.0,-2.98,-2.978592171879424,4.759019389701206,30375.95714285714,29987.247619047615,1.0129624942157953,2.710428053791383,53.18683225980638,-37.31470923603193,0
2022-06-09,30202.1,30691.4,29953.8,30097.8,61720.0,-0.34,-0.34369040050857835,2.4506774581530952,30324.85714285714,29977.338095238094,1.0115927253619044,2.5672897096599216,54.41085080147965,-29.831741700773073,0
2022-06-10,30097.4,30325.6,28884.9,29083.3,104260.0,-3.37,-3.370678255553561,4.953701952666985,30236.62857142857,29972.799999999996,1.0088022664358542,2.720385156088076,52.284899096656765,68.92417368762152,0
2022-06-11,29083.3,29426.6,28161.8,28403.4,82920.0,-2.34,-2.3377677223698767,4.452988022560676,30027.928571428572,29923.695238095235,1.0034833042010347,2.7935709018061656,47.11348889732223,-20.468060617686557,0
2022-06-12,28404.0,28534.8,26606.3,26606.3,120020.0,-6.33,-6.3270594365463335,7.248283301323371,29555.54285714286,29748.442857142858,0.9935156269883995,3.463473109724582,38.247264176539744,44.741919922817175,0
2022-06-13,26606.3,26857.6,22006.3,22448.0,379260.0,-15.63,-15.62900516043193,21.611279401282964,28281.31428571429,29432.0,0.9609035840484604,5.2710250611133995,17.022093593782216,215.99733377770374,0
2022-06-14,22449.1,23200.3,20860.9,22157.3,251010.0,-1.29,-1.2949928724162563,10.558145622435937,26999.67142857143,29075.266666666666,0.928613028320913,5.210851933801138,16.26842160534882,-33.81585192216422,1
2022-06-15,22137.5,22754.4,20125.8,22577.9,280410.0,1.9,1.8982457248852613,11.642358235265467,25910.571428571428,28743.709523809524,0.9014345002028601,5.7624128468413796,21.593019230163975,11.712680769690454,0
2022-06-16,22577.9,22942.1,20231.1,20386.6,144000.0,-9.71,-9.70550848395999,13.297950614619408,24523.257142857143,28323.85714285714,0.865816298224112,5.880586226777771,14.654403763120015,-48.64662458542848,1
2022-06-17,20391.3,21315.4,20244.1,20444.6,136270.0,0.28,0.2845006033374897,5.240014478150725,23289.157142857144,27935.447619047616,0.8336776077637493,6.227566453171559,15.836095342845965,-5.368055555555551,0
2022-06-18,20446.4,20744.7,17630.5,18986.5,267250.0,-7.13,-7.1319566046780025,16.402180496668688,21943.885714285716,27457.323809523805,0.799199727785353,6.184072089808156,13.353681543768872,96.11800102737213,1
2022-06-19,18983.4,20763.5,17983.7,20577.2,169390.0,8.38,8.378058093908836,13.509126606146605,21082.585714285717,27034.085714285717,0.7798519963686056,8.041401709991948,21.508703825777005,-36.61739943872778,0
2022-06-20,20576.9,20996.8,19658.8,20572.3,140600.0,-0.02,-0.02381276364131768,6.5038911546108125,20814.62857142857,26503.08571428571,0.7853662322877768,5.949423241978736,13.85639384219796,-16.996280772182537,1
2022-06-21,20571.6,21689.3,20371.7,20720.4,136320.0,0.72,0.719900059789147,6.35895059940927,20609.35714285714,25975.799999999996,0.7934060603660771,5.986202004489004,14.938827207071284,-3.044096728307255,0
2022-06-22,20720.2,20864.3,19780.2,19965.8,125940.0,-3.64,-3.6418215864558734,5.429784932234114,20236.2,25507.57619047619,0.7933407646766386,5.936458479755616,15.114582907311245,-7.614436619718312,1
2022-06-23,19967.3,21189.8,19907.5,21100.7,110700.0,5.68,5.684220016227748,6.077049576554329,20338.214285714286,25062.109523809526,0.8115124653171178,5.238098582756519,21.349917524854035,-12.101000476417346,1
2022-06-24,21100.9,21488.7,20743.9,21226.9,104560.0,0.6,0.5980844237394978,3.508755399987748,20449.971428571425,24658.585714285713,0.8293245876110378,5.236192742134409,23.48211754222531,-5.546522131887988,1
2022-06-25,21226.9,21553.4,20917.5,21489.9,66630.0,1.24,1.2389939180944998,2.9590644907607824,20807.600000000002,24259.804761904765,0.8576985760690965,3.962444726506581,25.98895564894248,-36.27582249426167,0
2022-06-26,21489.9,21837.4,20989.7,21043.5,67210.0,-2.08,-2.077254896486258,4.028322284791032,20874.214285714286,23837.44761904762,0.8756899907788146,2.927120137602994,28.67972834168853,0.8704787633198263,0
2022-06-27,21037.7,21497.5,20568.0,20730.2,84690.0,-1.49,-1.4888207760115901,4.483796586622415,20896.771428571432,23330.904761904763,0.895669141073867,3.010075682548855,40.66494217894098,26.00803451867282,0
2022-06-28,20727.9,21200.2,20210.5,20278.0,83830.0,-2.18,-2.181358597601568,4.880658842094885,20833.571428571428,22814.2,0.913184395182449,3.1160195401449755,39.96347051472396,-1.015468178061163,0
2022-06-29,20278.0,20415.8,19880.7,20111.3,98970.0,-0.82,-0.8220731827596417,2.6606932421076634,20854.35714285714,22333.709523809524,0.9337614568965682,2.7700619073894828,36.45975143823284,18.06036025289275,0
2022-06-30,20111.3,20155.1,18682.7,19926.6,127730.0,-0.92,-0.9183891643006703,7.389118063292273,20686.62857142857,21849.36666666667,0.9467838993698627,1.3000177083809155,46.76138443774818,29.059310902293632,0
2022-07-01,19926.6,20785.6,18980.1,19262.9,150180.0,-3.33,-3.3307237561851832,9.372939692362001,20406.057142857146,21381.728571428575,0.9543689171194898,1.4334154040318536,42.3340901719105,17.57613716433102,0
2022-07-02,19275.4,19425.4,19006.4,19243.2,58570.0,-0.1,-0.10226912873970706,2.1773925334663673,20085.100000000002,20945.528571428575,0.9589206560963914,1.0704631294820512,52.047343318817695,-61.00013317352511,1
2022-07-03,19243.4,19626.4,18794.4,19309.9,65269.99999999999,0.35,0.3466159474515784,4.3086706818782075,19837.442857142858,20598.08095238095,0.963072380529208,1.2519510440051096,36.64622452635354,11.43930339764383,1
2022-07-04,19310.6,20303.8,19052.5,20215.8,92790.0,4.69,4.6913759263382815,6.189712996764904,19763.957142857143,20491.785714285714,0.9644819352702303,2.5411312959305437,46.84295354315368,42.16332158725295,0
2022-07-05,20215.8,20706.9,19315.4,20200.6,122430.0,-0.08,-0.07518871377834024,6.8884092551706395,19752.899999999998,20398.609523809522,0.9683454147668328,2.4066535391320305,45.285859392004625,31.943097316521186,1
2022-07-06,20180.4,20654.9,19785.3,20561.1,105240.0,1.78,1.7846004574121554,4.229345706212227,19817.157142857144,20302.571428571428,0.9760909948071322,2.4646531151420765,55.81449864233946,-14.04067630482725,1
2022-07-07,20557.9,21817.8,20282.7,21637.8,115810.0,5.24,5.236587536659032,7.09452901866178,20061.614285714284,20362.152380952382,0.9852403572267127,2.983286178006628,55.30636843249223,10.043709616115537,0
2022-07-08,21637.1,22482.1,21207.0,21611.2,439900.0,-0.12,-0.12293301537124046,5.900181387428733,20397.085714285717,20417.704761904763,0.9989901388104349,2.3457156718714396,53.87297684074738,279.84629997409553,0
2022-07-09,21610.4,21944.1,21338.4,21587.5,190110.0,-0.11,-0.10966535870289285,2.8057903879559793,20731.985714285714,20541.561904761904,1.0092701718791728,2.346653665488352,51.03346039813637,-56.7833598545124,0
2022-07-10,21587.4,21599.2,20689.7,20847.4,204680.0,-3.43,-3.4283729009843555,4.362654335792473,20951.62857142857,20554.428571428572,1.0193243027223886,3.0362582839352945,48.04513826584526,7.663984009257807,0
2022-07-11,20847.2,20855.0,19897.0,19963.2,160200.0,-4.24,-4.241296276753936,4.79882984691833,20915.54285714286,20525.42380952381,1.019006625696958,3.168888855327211,43.13535961049655,-21.731483290990816,0
2022-07-12,19963.2,20051.7,19279.6,19330.9,167910.0,-3.17,-3.167327883305282,3.994123398289796,20791.3,20459.257142857143,1.016229467904155,3.3681527030112814,41.78819775608235,4.812734082396997,1
2022-07-13,19331.6,20250.8,18942.2,20250.0,249380.0,4.75,4.754563936495448,6.462222222222215,20746.85714285714,20472.790476190476,1.013386874006521,3.8657258542179758,51.06379714991334,48.520040497885766,1
2022-07-14,20250.0,20862.2,19664.9,20586.0,205280.0,1.66,1.6592592592592492,5.8160886039055635,20596.600000000002,20448.280952380952,1.0072533748907524,3.2162052470019318,54.94273207004079,-17.68385596278771,1
2022-07-15,20586.1,21178.1,20393.4,20825.1,164670.0,1.16,1.161468959487033,3.7680491330173544,20484.3,20429.14761904762,1.002699690754643,3.288125681987485,62.50600403471131,-19.782735775526106,1
2022-07-16,20825.2,21561.3,20484.4,21209.9,136890.0,1.85,1.8477702387983852,5.077345956369421,20430.35714285714,20415.814285714285,1.0007123329463783,3.406146005986747,64.87467667034747,-16.87010384405174,0
2022-07-17,21209.8,21654.4,20755.2,20785.6,132810.0,-2.0,-2.000480907500757,4.326071895927954,20421.528571428575,20403.533333333333,1.0008819667555249,3.2183002908932408,60.58836191432875,-2.9804952881876012,1
2022-07-18,20785.6,22714.9,20770.6,22525.8,279720.0,8.37,8.37214225232854,8.631435953440068,20787.614285714284,20489.038095238095,1.0145724845201778,3.904489038076427,64.80237863331112,110.61667043144342,1
2022-07-19,22529.3,23757.3,21581.8,23410.2,308910.0,3.93,3.926164664518028,9.292957770544463,21370.37142857143,20638.190476190477,1.0354769936456223,3.267840277313589,68.50553505535055,10.435435435435437,0
2022-07-20,23412.0,24258.0,22944.4,23215.2,281310.0,-0.83,-0.8329702437399056,5.658361762982867,21793.971428571425,20785.995238095238,1.0484930444239124,3.3956773274276797,65.60042320578381,-8.934641157618728,0
2022-07-21,23219.9,23403.8,22360.2,23153.0,217080.0,-0.27,-0.26792790930080246,4.507407247440931,22160.68571428571,20939.63333333333,1.058312978146022,3.5060421501512367,60.112119594233846,-22.832462408019627,0
2022-07-22,23150.0,23741.4,22524.2,22675.2,197540.0,-2.06,-2.063663456139586,5.367979113745417,22424.985714285714,21102.123809523808,1.0626885671178212,3.7952894784366404,56.69755262362775,-9.001289847060988,0
2022-07-23,22683.6,22991.0,21971.7,22460.4,137420.0,-0.95,-0.947290431837422,4.538209470890987,22603.62857142857,21255.32380952381,1.0634337436581713,3.8722202713473686,55.36555081568174,-30.43434241166346,1
2022-07-24,22449.8,22987.9,22281.3,22582.1,126660.0,0.54,0.5418425317447406,3.12902697269077,22860.27142857143,21411.14285714286,1.0676810472517646,3.6705927814711834,61.54020143961466,-7.830010187745595,0
2022-07-25,22582.3,22653.3,21275.4,21301.9,206930.0,-5.67,-5.669091891365275,6.468437087771503,22685.428571428572,21462.861904761907,1.056961959317989,2.8791255912995073,58.460041203756376,63.37438812569083,0
2022-07-26,21301.6,21322.3,20737.3,21248.7,201570.0,-0.25,-0.24974298067308442,2.753109601999181,22376.64285714286,21512.77142857143,1.0401562128542914,2.0637208785615235,63.07686013528256,-2.5902479099212283,1
2022-07-27,21248.0,23027.8,21047.5,22958.3,242660.0,8.05,8.045668676201355,8.625638657914564,22339.942857142858,21626.92380952381,1.0329690460788075,4.131222793853421,66.66994940479853,20.384977923302074,1
2022-07-28,22957.7,24190.5,22611.6,23850.0,268320.0,3.88,3.883998379670972,6.620125786163528,22439.514285714286,21732.26666666667,1.032543665596208,4.390840696886939,68.8040096785344,10.574466331492616,0
2022-07-29,23850.2,24340.0,23451.4,23774.3,221660.0,-0.32,-0.3174004192872171,3.7376494786386925,22596.528571428575,21835.27142857143,1.0348636446012318,4.268415316797117,67.3164545070224,-17.389683959451396,0
2022-07-30,23774.2,24605.3,23521.8,23634.2,168720.0,-0.59,-0.5892917982863732,4.584458115781367,22764.214285714286,21932.733333333334,1.0379105029794562,4.246703219675095,64.6555997533521,-23.883425065415498,0
2022-07-31,23634.2,24179.3,23236.2,23303.4,138840.0,-1.4,-1.3996665848643008,4.047048928482533,22867.257142857143,22049.68571428571,1.0370785978161012,4.329469377427064,65.39486878469933,-17.709815078236137,0
2022-08-01,23303.4,23484.4,22863.8,23271.2,162330.0,-0.14,-0.1381772616871335,2.6668156347760417,23148.585714285717,22207.20952380952,1.0423905664269477,3.418628852409117,55.76096701394258,16.918755401901464,0
2022-08-02,23271.1,23423.3,22670.8,22988.6,177300.0,-1.21,-1.2143765684623165,3.2733615792175255,23397.14285714286,22381.385714285716,1.0453840149052434,3.5106245575201203,46.40738973345148,9.22195527628904,0
2022-08-03,22988.7,23623.7,22698.6,22820.8,174660.0,-0.73,-0.7299270072992692,4.053757975180547,23377.5,22503.804761904765,1.0388243342554349,1.8019760177304036,46.62351893705909,-1.4890016920473759,0
2022-08-04,22822.2,23214.5,22438.7,22612.1,181190.0,-0.91,-0.9145165813643774,3.4309064615847236,23200.657142857144,22600.285714285714,1.0265647716210922,0.45681338053311094,45.48263709098196,3.738692316500636,1
2022-08-05,22613.3,23447.6,22593.5,23308.2,208900.0,3.08,3.078440304084995,3.664375627461574,23134.071428571428,22718.52857142857,1.0182909230162667,1.5343978895646917,55.10056081995746,15.293338484463813,0
2022-08-06,23308.2,23344.4,22923.6,22944.2,94440.0,-1.56,-1.5616821547781434,1.8340146965246245,23035.5,22801.114285714288,1.0102795728028329,1.61001102521224,53.806811028578615,-54.79176639540451,1
2022-08-07,22944.2,23387.7,22852.3,23175.3,99360.0,1.01,1.0072262271074939,2.3102182064525656,23017.200000000004,22914.90952380952,1.0044639266886128,1.6207572768034773,54.5886320740122,5.209656925031769,1
2022-08-08,23175.3,24234.1,23160.6,23816.3,197940.0,2.77,2.765875738393886,4.507417189067992,23095.071428571428,22976.361904761903,1.0051665935756748,1.9399220031426367,71.5843148027332,99.21497584541063,0
2022-08-09,23818.1,23912.0,22886.5,23146.7,169620.0,-2.81,-2.811519841453114,4.430437168149239,23117.65714285714,22963.814285714285,1.0066993599246516,2.226905791968498,64.73373699736067,-14.307365868444988,1
2022-08-10,23150.3,24209.9,22714.7,23962.9,243610.0,3.53,3.526204599359728,6.239645451927775,23280.81428571429,22999.41904761905,1.0122348846078515,2.5184030693252004,59.05436585189993,43.621035255276496,0
2022-08-11,23963.3,24873.5,23864.0,23935.3,285360.0,-0.12,-0.1151780460628804,4.21762000058491,23469.842857142856,23036.67142857143,1.0188035597900738,2.448717317502057,50.91064374933276,17.138048520175687,1
2022-08-12,23935.3,24440.8,23616.4,24398.7,194960.0,1.94,1.9360526084903906,3.3788685462749974,23625.628571428573,23118.742857142857,1.0219253147724296,2.3088466445124816,56.156333806594105,-31.679282310064483,1
2022-08-13,24398.9,24882.9,24318.7,24442.5,170590.0,0.18,0.17951776119218277,2.3082745218369674,23839.67142857143,23213.128571428573,1.0269908838532875,2.112792276841674,58.12378138254033,-12.5,0
2022-08-14,24442.1,24997.3,24172.2,24302.8,177250.0,-0.57,-0.5715454638437145,3.395082048159054,24000.742857142857,23295.06666666667,1.0302929457371313,2.1857914235466165,60.44567080563565,3.9040975438185077,0
2022-08-15,24303.3,25205.7,23784.5,24101.7,279280.0,-0.83,-0.8274766693549651,5.89667948733907,24041.514285714286,23428.390476190478,1.0261701208261365,2.0370120357080297,58.38431562582026,57.562764456981675,0
2022-08-16,24102.6,24240.8,23693.8,23856.8,201700.0,-1.02,-1.0161108967417287,2.2928473223567285,24142.957142857143,23552.585714285713,1.0250660982931206,1.6777338260887105,58.8321464903357,-27.778573474649093,0
2022-08-17,23855.8,24423.5,23191.6,23338.0,239530.0,-2.17,-2.174642030783669,5.27851572542635,24053.68571428571,23570.666666666668,1.020492379551662,1.2654959636396135,54.91074819597417,18.75557759048092,0
2022-08-18,23337.7,23578.0,23131.3,23203.6,160970.0,-0.58,-0.5758848230353997,1.925132307055805,23949.157142857144,23539.885714285712,1.017386296328663,1.2620152041626982,55.696592638249506,-32.79756189203857,0
2022-08-19,23201.6,23202.3,20807.8,20831.3,339470.0,-10.22,-10.223844575841678,11.494721884855963,23439.528571428567,23399.742857142857,1.0017002628844516,3.619730646081298,31.96755922479943,110.89022799279368,1
2022-08-20,20830.7,21357.4,20784.8,21138.9,206940.0,1.48,1.4766241185139695,2.7087502187909593,22967.58571428571,23280.91904761905,0.986541195702264,3.789445552526024,36.748146516919924,-39.04026865407842,1
2022-08-21,21138.9,21692.4,21077.4,21517.2,177520.0,1.79,1.789591700608817,2.8581785734203335,22569.64285714286,23195.861904761907,0.9730029843171945,4.033706164321283,38.08613677842128,-14.216681163622303,0
2022-08-22,21516.8,21517.4,20912.1,21416.3,251830.0,-0.47,-0.4689271838343334,2.826351890849507,22186.014285714282,23107.533333333333,0.9601204060024126,4.048145955730029,31.304334278503106,41.860072104551605,1
2022-08-23,21416.5,21661.0,20919.6,21517.2,228650.0,0.47,0.4711364708189558,3.4456156005428284,21851.785714285714,23037.466666666667,0.9485324940655677,4.122190261032148,36.0724114942136,-9.204622165746734,0
2022-08-24,21516.2,21832.3,21171.1,21365.2,202400.0,-0.71,-0.7064116148941313,3.0947522138805192,21569.957142857143,22968.152380952382,0.9391246098116812,4.112750451299199,24.953236785776298,-11.480428602667835,1
2022-08-25,21365.4,21801.2,21324.8,21565.4,190150.0,0.94,0.9370377997865775,2.20909419718624,21335.928571428572,22918.309523809523,0.9309555990271867,4.188646723582526,27.885710019969068,-6.052371541501977,0
2022-08-26,21564.2,21815.3,20122.4,20249.9,322160.0,-6.1,-6.100049152809595,8.360041284154478,21252.87142857143,22772.67619047619,0.9332619166411209,2.6909143643622144,16.597964704366902,69.42413883775967,0
2022-08-27,20249.9,20343.6,19849.8,20033.9,187340.0,-1.07,-1.066671934182395,2.4648221264955863,21095.014285714286,22634.09047619048,0.932001853924937,2.5687029637856917,15.46391752577324,-41.84877079711944,0
2022-08-28,20034.2,20150.8,19542.9,19550.2,159600.0,-2.41,-2.4144075791533437,3.109431105564126,20814.014285714286,22461.466666666667,0.9266542828480012,2.363341657762708,14.673088930514709,-14.807302231237319,1
2022-08-29,19551.3,20394.5,19551.2,20295.8,248040.0,3.81,3.813771726120452,4.1550468569851855,20653.942857142858,22293.823809523812,0.9264423650966325,3.0728891088206067,23.828581645143117,55.413533834586474,0
2022-08-30,20295.6,20558.2,19559.7,19792.6,308410.0,-2.48,-2.4793306989623454,5.044814728737003,20407.571428571428,22134.104761904764,0.9219966946074598,3.0840217101204663,23.01112970489018,24.338816319948386,1
2022-08-31,19793.4,20469.1,19793.4,20043.9,318170.0,1.27,1.2696664409931113,3.3711004345461566,20218.81428571429,21947.48571428571,0.9212360153196855,3.2183886328041793,27.319296602817488,3.1646185272851124,1
2022-09-01,20049.9,20202.7,19584.4,20126.1,275080.0,0.41,0.4100998308712134,3.0721302189693946,20013.2,21766.095238095237,0.9194667110053207,3.175145305614119,28.657225682067235,-13.543074457051263,0
2022-09-02,20131.6,20428.2,19764.7,19952.7,272220.0,-0.86,-0.861567814926878,3.325364487011783,19970.742857142857,21554.380952380954,0.9265282496984371,2.23343960260276,41.23293685639022,-1.03969754253308,0
2022-09-03,19952.8,20043.8,19660.7,19831.4,157850.0,-0.61,-0.6079377728327451,1.9317849471040798,19941.81428571429,21334.80476190476,0.9347080748225179,2.210028889672298,36.449372992019896,-42.0138123576519,1
2022-09-04,19832.2,20017.8,19594.7,19999.9,158270.0,0.85,0.8496626561916854,2.1155105775528806,20006.057142857142,21129.904761904763,0.9468124616882413,1.9785089947910515,33.56014475480529,0.2660753880266098,0
2022-09-05,19999.9,20042.9,19650.7,19793.1,238710.0,-1.03,-1.0340051700258646,1.9814986030485409,19934.242857142857,20924.73333333333,0.952664129075776,1.2890827346152043,32.807270262254804,50.824540342452764,0
2022-09-06,19793.4,20169.3,18723.3,18786.4,402430.0,-5.09,-5.08611586866129,7.697057445811863,19790.5,20683.285714285714,0.9568354019463611,2.117146159519408,25.732262192520963,68.58531272255037,1
2022-09-07,18786.3,19445.9,18548.4,19281.5,319100.0,2.64,2.635417110249949,4.654720846407178,19681.585714285717,20490.119047619046,0.9605403301242761,2.3782105385756105,32.54711449870172,-20.70670675645454,1
2022-09-08,19281.5,19444.7,19034.5,19317.4,291430.0,0.19,0.18618883385630447,2.123474173543027,19566.057142857142,20305.061904761907,0.9636048998337968,2.364962425289271,30.63804864604147,-8.671262926982138,1
2022-09-09,19318.8,21545.7,19294.1,21365.2,480370.0,10.6,10.60080549142224,10.538632917080122,19767.842857142856,20330.485714285714,0.9723251640393665,4.817608560842702,58.530019120458896,64.83203513708267,1
2022-09-10,21363.8,21790.6,21139.9,21650.4,331120.0,1.33,1.3348810214741658,3.00548719654139,20027.700000000004,20354.84285714286,0.9839280087083524,4.759929904302953,62.233792967744876,-31.06980036222079,1
2022-09-11,21650.4,21836.4,21363.0,21834.9,297120.0,0.85,0.8521782507482589,2.1680887020320743,20289.842857142856,20369.97142857143,0.9960663385459548,4.759885464684392,68.11097899326201,-10.268180719980668,1
2022-09-12,21836.6,22465.4,21581.6,22395.3,431980.0,2.57,2.566533393787007,3.9463637459645677,20661.585714285717,20416.59047619048,1.0119998115444861,4.6519363012350174,67.14633389412478,45.38906838987615,0
2022-09-13,22395.3,22702.5,19909.6,20175.5,485320.0,-9.91,-9.911901157832226,13.843027434264338,20860.028571428575,20352.7,1.0249268436830776,6.013064591348796,52.44230695633317,12.34779387934626,1
2022-09-14,20175.5,20503.7,19654.2,20222.5,374220.0,0.23,0.23295581274318522,4.2007664729880085,20994.457142857143,20298.285714285714,1.034297055345983,5.984683213329896,51.16967490110811,-22.892112420670895,0
2022-09-15,20222.3,20321.4,19532.3,19701.7,358420.0,-2.58,-2.5753492397082467,4.0052381266591315,21049.35714285714,20209.5380952381,1.0415555785422392,6.124157270468236,47.37155031462123,-4.222115333226439,1
2022-09-16,19701.9,19883.0,19352.9,19802.4,315590.0,0.51,0.5111234055944491,2.67694824869712,20826.100000000002,20188.22857142857,1.0315962059927426,4.229061362520369,49.060683707268296,-11.94966798727749,1
2022-09-17,19802.8,20178.6,19761.0,20113.5,204580.0,1.57,1.571021694340069,2.0762174658811174,20606.542857142857,20192.019047619047,1.0205290916448837,4.251657990942013,51.722159139469845,-35.17538578535442,0
2022-09-18,20113.9,20113.9,19347.7,19418.8,273110.0,-3.45,-3.453899122479931,3.9456609059262195,20261.385714285716,20185.761904761905,1.0037463936154905,4.256467190854175,46.66666666666666,33.49789813275981,1
2022-09-19,19417.4,19666.6,18277.8,19538.9,423430.0,0.62,0.6184728201536815,7.107871988699461,19853.328571428574,20149.719047619048,0.9852905901322978,3.9958886532960225,48.52719645878237,55.04009373512504,0
2022-09-20,19538.9,19626.3,18742.6,18872.4,361180.0,-3.41,-3.4111439231481855,4.6824993111633955,19667.17142857143,20105.9,0.9781791130251035,2.133678166350106,50.51872225439105,-14.701367404293508,0
2022-09-21,18875.1,19758.4,18191.8,18489.0,446850.0,-2.03,-2.0315381191581383,8.473146195034897,19419.528571428575,20031.85714285714,0.9694322614692313,2.099440865166573,45.154624047738416,23.719475053989704,1
2022-09-22,18488.1,19490.9,18371.0,19404.0,448630.0,4.95,4.948888528314144,5.771490414347564,19377.0,19997.47142857143,0.9689725058096631,3.029677127270567,50.47808325052444,0.39834396329865296,0
2022-09-23,19404.1,19477.3,18554.8,19293.5,431150.0,-0.57,-0.5694702123273498,4.781403063207816,19304.3,19966.08095238095,0.9668547395976558,3.0162027790942094,35.45093192128881,-3.8963065332233704,0
2022-09-24,19288.4,19310.6,18812.0,18925.2,258500.0,-1.91,-1.9089330603571097,2.6345824614799236,19134.542857142857,19922.928571428572,0.9604282216111372,2.935882662677067,31.08235686122063,-40.04406818972516,0
2022-09-25,18925.1,19125.1,18659.6,18803.2,209710.0,-0.64,-0.6446431213408599,2.4756424438393463,19046.600000000002,19865.942857142858,0.9587564072324783,2.6998959167241314,28.770499838942328,-18.874274661508707,1
2022-09-26,18803.1,19304.8,18695.2,19225.7,516030.0,2.25,2.24695796460177,3.170755811231833,19001.85714285714,19838.92380952381,0.9578068510820719,2.869935304068596,27.36775962527136,146.06838014400842,0
2022-09-27,19228.8,20361.2,18850.4,19081.0,660120.0,-0.75,-0.7526383954810534,7.917824013416484,19031.657142857144,19852.95238095238,0.9586310780212611,2.5291828197826165,38.89351165952956,27.922795186326365,1
2022-09-28,19083.4,19757.8,18505.3,19411.0,581190.0,1.73,1.7294691053928002,6.452526917727062,19163.37142857143,19859.119047619046,0.964965836733275,2.374835102757771,42.212540544690334,-11.956916924195603,1
2022-09-29,19420.2,19631.5,18877.9,19593.0,449570.0,0.94,0.9376126938333895,3.8462716276221025,19190.37142857143,19872.242857142857,0.9656872435852737,1.5119152445413626,48.884327209278446,-22.646638792821626,0
2022-09-30,19593.4,20174.9,19208.9,19423.0,490290.0,-0.87,-0.8676568162098719,4.973485043505123,19208.87142857143,19779.757142857143,0.9711378805026496,1.5394598597624063,46.160540803108795,9.057543875258588,0
2022-10-01,19422.9,19480.3,19172.6,19311.9,173910.0,-0.57,-0.5720022653554979,1.5933181095593945,19264.114285714284,19668.4,0.9794449109085783,1.3143256112880464,41.545730678366546,-64.52915621366945,0
2022-10-02,19311.9,19389.9,18937.3,19052.2,222820.0,-1.34,-1.3447666982534079,2.375578673329076,19299.685714285715,19535.890476190478,0.987909188875079,1.4202706342373306,45.74295136792236,28.123742165487897,1
2022-10-03,19057.6,19676.0,19001.3,19628.3,333030.0,3.02,3.023797776634707,3.437383777504933,19357.2,19404.128571428573,0.9975815161574598,1.6230479529253292,50.93872065185431,49.46144870298896,1
2022-10-04,19629.7,20436.1,19506.4,20340.2,368170.0,3.63,3.6269060489191762,4.570751516700903,19537.085714285717,19411.97142857143,1.0064452127479508,1.9561257023592242,65.26668330837077,10.551601957781575,0
2022-10-05,20340.5,20353.8,19761.7,20157.5,352760.0,-0.9,-0.8982212564281555,2.9373682252263356,19643.72857142857,19408.876190476192,1.0121002565345654,2.0286675728596357,68.11027895365245,-4.18556645028112,0
2022-10-06,20157.5,20436.7,19873.7,19956.7,370600.0,-1.0,-0.9961552771921123,2.8211076981665304,19695.68571428571,19421.019047619047,1.0141427525503786,2.0988034121270984,57.09991521722376,5.0572627282004845,0
2022-10-07,19962.4,20051.4,19352.1,19531.3,263500.0,-2.13,-2.131614946358873,3.58040683415852,19711.157142857144,19408.109523809526,1.0156144841761041,2.26217800275875,52.82610762502376,-28.899082568807344,0
2022-10-08,19530.2,19612.2,19274.7,19415.0,113500.0,-0.6,-0.5954544756365365,1.7383466391964975,19725.885714285716,19374.84761904762,1.0181182377348343,2.263358140514491,56.191848705501606,-56.9259962049336,1
2022-10-09,19416.3,19552.1,19329.6,19441.0,127530.0,0.13,0.1339170744269813,1.144488452240111,19781.428571428572,19375.904761904763,1.0209292837938135,2.173504628412164,58.263370646766155,12.361233480176214,0
2022-10-10,19441.7,19520.7,19057.0,19134.6,243770.0,-1.58,-1.5760506146803244,2.4233587323487336,19710.899999999998,19356.652380952382,1.0183010787235198,1.893215743144913,48.783094226710446,91.14718105543793,0
2022-10-11,19134.3,19261.3,18868.7,19059.1,288570.0,-0.39,-0.3945731815663822,2.059908390217789,19527.885714285716,19365.542857142857,1.0083830780443617,0.7524165946711102,49.701951604561884,18.37797924272879,1
2022-10-12,19058.5,19212.6,19010.6,19154.8,242180.0,0.5,0.5021223457561064,1.054565957357947,19384.64285714286,19397.247619047615,0.9993501778111871,0.9260910178060355,46.27572973601581,-16.075822157535434,1
2022-10-13,19154.6,19494.4,18207.9,19379.8,455130.0,1.17,1.1746402990373106,6.63835540098453,19302.228571428568,19396.095238095237,0.9951605379580573,1.1544926657981842,46.939068512031234,87.93046494343051,0
2022-10-14,19379.8,19933.9,19098.6,19181.8,400450.0,-1.02,-1.0216823703031008,4.3546486773921265,19252.3,19390.77619047619,0.9928586566563434,0.9342304916797143,46.56468979661595,-12.014149803352892,0
2022-10-15,19181.7,19218.7,19000.8,19068.7,123660.0,-0.59,-0.5896214119634147,1.1427103053695398,19202.82857142857,19397.609523809522,0.9899585074056745,0.933877566061248,46.53817684905767,-69.1197402921713,1
2022-10-16,19068.8,19411.9,19066.0,19261.9,140950.0,1.01,1.013178664513048,1.795773002663296,19177.242857142857,19419.45238095238,0.9875274791967308,1.0468911685704059,53.04256986158266,13.98188581594695,1
2022-10-17,19262.2,19663.5,19163.6,19548.2,248400.0,1.49,1.486353890322345,2.5572686999314587,19236.32857142857,19434.809523809523,0.9897873476898349,0.9782554638568524,48.73110921015115,76.232706633558,0
2022-10-18,19548.4,19692.9,19102.8,19328.2,290070.0,-1.13,-1.1254233126323676,3.053052017259766,19274.77142857143,19446.58095238095,0.9911650523950594,1.097702189390764,31.00885752889957,16.775362318840582,0
2022-10-19,19328.2,19358.6,19101.2,19123.9,209280.0,-1.06,-1.0570047909272406,1.3459597676206099,19270.35714285714,19432.909523809525,0.9916352010617235,1.1824298224268075,30.7594936708861,-27.851897817768123,0
2022-10-20,19125.1,19334.5,18935.6,19042.9,253200.0,-0.42,-0.423553773027463,2.0947439728192734,19222.22857142857,19406.714285714286,0.990493717196552,1.0621500697699946,32.19546411035775,20.9862385321101,1
2022-10-21,19042.9,19245.5,18703.3,19162.6,294660.0,0.63,0.6285807308760605,2.8294699049189607,19219.485714285718,19394.31428571429,0.990985576037749,1.0441208341161348,41.844724618447216,16.3744075829384,1
2022-10-22,19162.6,19249.9,19116.1,19204.8,118240.0,0.22,0.22022063811799608,0.6967008247938168,19238.928571428572,19389.214285714286,0.992249004417036,1.013566119021344,45.19301134284667,-59.872395303061154,1
2022-10-23,19204.8,19680.9,19092.5,19571.2,180630.0,1.91,1.9078563692410233,3.0064584695879732,19283.114285714288,19413.928571428572,0.9932618333670598,1.188358193651546,52.576381193604576,52.76556156968877,0
2022-10-24,19571.2,19588.6,19177.2,19331.5,286940.0,-1.22,-1.2247588293001987,2.1281328401831097,19252.157142857144,19399.795238095237,0.9923897085806258,1.1533998868328208,54.00186984268935,58.85511819742013,1
2022-10-25,19331.8,20406.9,19249.0,20082.7,371540.0,3.89,3.885885730543426,5.765659000034863,19359.942857142858,19387.533333333333,0.9985768960023894,1.8150202121065355,66.32119395369605,29.483515717571617,1
2022-10-26,20086.8,20981.5,20062.9,20769.5,427990.0,3.42,3.4198588835166577,4.422831555887232,19595.028571428575,19416.676190476188,1.0091855258440097,1.9341086540000332,71.66277603370095,15.193518867416689,0
2022-10-27,20769.5,20867.9,20231.6,20292.9,365490.0,-2.29,-2.2947109944871036,3.1355794391141867,19773.600000000002,19432.685714285715,1.0175433437624974,2.2923456975904957,61.47543043860756,-14.603144933292834,1
2022-10-28,20293.0,20744.0,20058.2,20594.4,318900.0,1.49,1.485741318392142,3.330031464864231,19978.14285714286,19483.309523809523,1.0253978069140988,2.296158448891236,67.30279274865266,-12.747270787162435,1
2022-10-29,20594.2,21038.1,20561.9,20809.8,276540.0,1.05,1.04591539447616,2.2883449144153096,20207.428571428572,19549.72857142857,1.033642410819003,2.2670219469102433,70.80515259422125,-13.283160865475075,0
2022-10-30,20809.4,20922.3,20522.5,20626.3,207630.0,-0.88,-0.8817960768484068,1.9383020706573613,20358.157142857144,19606.171428571426,1.0383545414271893,2.360033665232694,66.34168543093949,-24.91863744847038,0
2022-10-31,20626.0,20822.4,20260.0,20496.3,327470.0,-0.63,-0.6302633046159523,2.7439098764167262,20524.557142857142,19671.014285714286,1.0433908920376682,2.2855306565841955,61.79727745564044,57.71805615758802,0
2022-11-01,20496.1,20676.6,20348.1,20483.5,302720.0,-0.06,-0.062450295907057196,1.6037298313276538,20581.814285714285,19738.84285714286,1.0427062231900985,1.8628729634007373,65.15704127417283,-7.557944239166947,0
2022-11-02,20482.9,20778.3,20065.8,20154.4,420230.0,-1.61,-1.60665901823418,3.5352081927519547,20493.942857142858,19786.442857142858,1.035756806067069,1.359458493414852,63.091033816916095,38.818049682875255,1
2022-11-03,20154.0,20384.5,20066.6,20206.4,347230.0,0.26,0.2580081768745357,1.5732639163829352,20481.585714285717,19825.80476190476,1.0330771416472857,1.0882774944921085,64.89032225037757,-17.3714394498251,1
2022-11-04,20206.4,21281.9,20184.6,21145.9,499500.0,4.65,4.6495169847177165,5.189185610449321,20560.37142857143,19919.333333333332,1.032181704302592,2.0591518275531757,70.9797533162672,43.85277769777958,1
2022-11-05,21145.7,21464.7,21084.1,21301.6,261230.00000000003,0.74,0.736312949555229,1.7867202463664806,20630.62857142857,20025.661904761902,1.0302095715758994,2.0461504931356354,71.66026197264578,-47.701701701701694,0
2022-11-06,21298.7,21360.4,20901.0,20916.3,242260.0,-1.81,-1.8087843166710416,2.1963731635136305,20672.057142857142,20104.442857142858,1.0282332760846749,2.165795333743322,63.84104052190736,-7.261799946407388,0
2022-11-07,20916.3,21055.4,20410.5,20589.0,414240.0,-1.56,-1.5648083073966257,3.1322550876681796,20685.3,20154.004761904762,1.0263617699991565,2.253910994446311,62.71049386459662,70.98984562040782,0
2022-11-08,20589.0,20667.5,17260.0,18527.4,865100.0,-10.01,-10.013113798630325,18.39167935058346,20405.85714285714,20115.871428571427,1.014415766938828,4.440405277297249,37.57171852775246,108.8402858246427,0
2022-11-09,18538.9,18583.8,15603.3,15886.9,869570.0,-14.25,-14.251864805639226,18.760739980738848,19796.214285714286,19961.72857142857,0.9917084191821349,6.610791711419884,20.26720904174985,0.5167032712981134,1
2022-11-10,15887.0,18138.2,15799.3,17589.1,720740.0,10.71,10.714488037313764,13.29743989175115,19422.31428571429,19892.5,0.9763636690066251,8.436429808857874,35.67356195159168,-17.115355865542735,0
2022-11-11,17589.1,17679.4,16435.5,17049.9,466350.0,-3.07,-3.0655349051400993,7.295643962721197,18837.17142857143,19791.895238095236,0.9517618804041482,7.967461527726492,31.680466399975174,-35.29566834087188,0
2022-11-12,17049.9,17100.8,16633.9,16795.2,192910.0,-1.49,-1.4938504038146894,2.779960941221288,18193.4,19677.152380952382,0.9245951674192113,7.8484984617738505,29.334733460992013,-58.63407312104643,0
2022-11-13,16803.9,16946.5,16274.9,16324.5,210800.0,-2.8,-2.802586453272371,4.114061686422251,17537.428571428572,19522.54761904762,0.8983165985118551,7.830870283651691,28.492290462572228,9.273754600590944,1
2022-11-14,16325.0,17158.4,15834.0,16613.7,442460.0,1.77,1.7715703390609239,7.971734171196069,16969.52857142857,19393.12857142857,0.8750279001619867,8.046337585773697,30.89234040040158,109.8956356736243,1
2022-11-15,16615.0,17112.0,16543.9,16895.1,337150.0,1.69,1.6937828418714496,3.362513391456686,16736.342857142856,19241.338095238098,0.869811796575874,7.4778779533445165,32.79505964481605,-23.801021561271074,0
2022-11-16,16895.4,16993.4,16408.2,16540.5,295730.0,-2.1,-2.0988333895626488,3.537982527734958,16829.714285714286,19039.957142857143,0.8839155550320116,4.856524350830998,32.71506327781974,-12.285332937861481,1
2022-11-17,16540.5,16739.7,16425.8,16691.2,257000.0,0.91,0.9110970043227251,1.8806317101227081,16701.442857142858,18868.44761904762,0.8851519316450189,2.1226238887317557,33.34438906051588,-13.096405505021469,0
2022-11-18,16715.4,16846.3,16553.0,16638.3,241960.0,-0.32,-0.31693347392638405,1.7628002860869159,16642.64285714286,18680.061904761904,0.8909308192870781,1.8551592802905295,26.683219532381514,-5.85214007782101,1
2022-11-19,16652.2,16814.9,16608.9,16699.2,114890.0,0.37,0.36602297109682436,1.2335920283606399,16628.928571428572,18484.319047619047,0.8996235419108141,1.7934659134643993,25.957037780006686,-52.51694494957844,0
2022-11-20,16699.3,16749.3,16209.2,16286.7,172830.0,-2.47,-2.4701782121299254,3.316202791234556,16623.52857142857,18277.671428571426,0.9094992563135192,1.7115207941687653,25.883480580096688,50.43084689703194,0
2022-11-21,16278.6,16287.9,15504.2,15776.2,372150.0,-3.13,-3.1344594055272124,4.967609437000031,16503.885714285712,18052.904761904763,0.9141955786036278,1.8539435526002153,25.39870777786865,115.32720013886477,1
2022-11-22,15776.6,16274.6,15620.4,16212.9,287210.0,2.77,2.768093710779529,4.03505850279716,16406.428571428572,17849.542857142857,0.9191511907467819,2.1134935182586156,35.81227702379637,-22.824130055085313,1
2022-11-23,16216.9,16677.6,16162.3,16623.9,305080.0,2.53,2.535018411265111,3.0997539686836375,16418.342857142856,17681.42380952381,0.9285645225187907,2.2736834418962037,56.21710082332301,6.22192820584242,0
2022-11-24,16604.9,16785.6,16472.0,16601.2,229590.0,-0.14,-0.13655038829637478,1.8890200708382439,16405.485714285714,17509.74761904762,0.9369344476695566,2.2452441285146043,38.3713539091744,-24.74432935623443,0
2022-11-25,16600.6,16611.8,16360.9,16512.3,204070.0,-0.54,-0.5355034575813877,1.5194733622814487,16387.485714285714,17289.1,0.9478507102327892,2.2509971113750953,42.92147258650654,-11.115466701511389,0
2022-11-26,16512.3,16686.3,16387.9,16456.5,194940.0,-0.34,-0.3379299067967523,1.8132652751192406,16352.814285714285,17058.380952380954,0.9586381223026803,2.2431065336154106,45.29387244685285,-4.473955015435882,0
2022-11-27,16456.4,16595.4,16414.6,16425.6,173250.0,-0.19,-0.18776775134445867,1.100720826027682,16372.657142857144,16844.538095238095,0.9719861150413884,2.0097137461024883,51.60034191281221,-11.126500461680521,0
2022-11-28,16426.1,16481.4,16013.5,16211.7,284840.0,-1.3,-1.302235534774976,2.886187136450844,16434.87142857143,16636.095238095237,0.9879043846140637,1.5872849132693838,43.48122202763184,64.4098124098124,1
2022-11-29,16211.9,16531.4,16100.1,16440.4,271580.0,1.41,1.4107095492761346,2.6234154886742482,16467.371428571427,16536.714285714286,0.9958067330701381,1.3082115794032128,42.49843270531566,-4.655245049852552,1
2022-11-30,16440.8,17215.5,16433.2,17163.9,348220.0,4.4,4.400744507432908,4.557821940235023,16544.514285714286,16597.52380952381,0.9968061787759506,1.9122756740780351,59.16872573243912,28.220045658737746,0
2022-12-01,17163.4,17244.7,16868.9,16972.0,266140.0,-1.12,-1.118044267328533,2.2142352109356547,16597.485714285714,16568.138095238097,1.001771328732228,1.9984649136341581,54.080446407812126,-23.571305496525184,1
2022-12-02,16972.2,17096.2,16799.9,17093.6,227010.0,0.72,0.716474192788108,1.7333972948939913,16680.52857142857,16570.219047619048,1.0066570950868252,1.963516082399627,56.48667901410456,-14.702788006312462,0
2022-12-03,17093.4,17132.6,16862.1,16884.5,169290.0,-1.22,-1.2232648476622754,1.6020610619206965,16741.67142857143,16574.471428571425,1.0100878028430988,2.0538031118109803,52.53301254886949,-25.426192678736616,1
2022-12-04,16884.8,17198.1,16881.6,17112.6,197120.0,1.35,1.3509431727323884,1.8495143929034747,16839.81428571429,16612.0,1.0137138385332463,2.0645694961392356,61.88926957072522,16.43924626380766,0
2022-12-05,17106.9,17395.2,16886.9,16966.5,268720.0,-0.85,-0.8537568808947738,2.9959036925706495,16947.64285714286,16628.800000000003,1.0191741350634356,2.001513273617006,69.14342693557207,36.32305194805194,1
2022-12-06,16966.3,17101.1,16914.9,17089.3,246190.0,0.72,0.7237792119765274,1.0895706670255487,17040.342857142856,16638.04761904762,1.024179233483782,1.9757676829216093,65.67799642218247,-8.384191723727296,0
2022-12-07,17089.4,17126.7,16715.3,16835.2,244360.0,-1.49,-1.4868953087604386,2.443689412659199,16993.385714285712,16652.08095238095,1.0204962228373002,1.15741697891545,54.00477616466396,-0.743328323652459,1
2022-12-08,16835.2,17294.2,16765.8,17225.7,261640.0,2.32,2.3195447633529653,3.0675095932240866,17029.62857142857,16677.533333333333,1.021111949294774,1.433925439345653,60.38790378921456,7.071533802586338,0
2022-12-09,17225.6,17288.6,17082.1,17125.7,260839.99999999997,-0.58,-0.5805279321014489,1.205790128286727,17034.214285714286,16700.742857142857,1.0199674608144036,1.442995950374621,60.165727543917846,-0.30576364470266126,1
2022-12-10,17125.7,17220.5,17105.7,17127.2,148810.0,0.01,0.008758766065031232,0.6702788546872768,17068.885714285716,16721.123809523808,1.020797759093431,1.334937220793113,61.319067067202255,-42.94970096610948,0
2022-12-11,17127.0,17262.9,17080.6,17093.3,167200.0,-0.2,-0.19793077677613402,1.066499739664096,17066.12857142857,16759.533333333333,1.0182937813361095,1.2395917937819763,61.25703881039893,12.358040454270537,1
2022-12-12,17093.2,17232.5,16878.5,17210.4,249390.0,0.68,0.6850637384238301,2.056895830428113,17100.97142857143,16827.828571428574,1.0162316163362048,1.200772455340658,67.4056258496288,49.156698564593306,1
2022-12-13,17210.9,17951.6,17094.5,17778.6,328710.0,3.3,3.3014921210430703,4.820964530390462,17199.442857142854,16902.385714285712,1.0175748647485943,1.6829503925753315,70.8546315920708,31.805605677853954,1
2022-12-14,17778.6,18351.8,17682.1,17796.4,318980.0,0.1,0.10012036943292113,3.763120631138886,17336.757142857143,16958.219047619048,1.0223218071529299,1.448971837591705,62.63635273904185,-2.9600559763925616,0
2022-12-15,17796.4,17846.1,17298.2,17356.1,263440.0,-2.47,-2.474095884560934,3.1568151831344475,17355.385714285712,16994.166666666668,1.0212554728163024,1.7211968022332236,56.98084402602593,-17.411749952975107,0
2022-12-16,17356.7,17518.5,16542.4,16629.6,303560.0,-4.19,-4.185848203225384,5.869654110742283,17284.514285714286,16999.75238095238,1.016750944271457,2.3794523929154856,43.0870083432658,15.229274218038258,1
2022-12-17,16629.0,16794.4,16587.0,16777.1,164490.0,0.89,0.8869726271227174,1.2362088799613848,17234.499999999996,17015.019047619047,1.0128992481152503,2.42694501009578,48.36996114618745,-45.81301884306232,0
2022-12-18,16777.0,16825.7,16666.5,16741.1,124290.0,-0.21,-0.21457820481489698,0.9509530437068099,17184.185714285715,17030.042857142857,1.0090512313113884,2.426871716397383,44.01250684975664,-24.439175633777133,0
2022-12-19,16741.1,16809.5,16331.2,16441.3,207930.0,-1.79,-1.7908022770307785,2.909137355318614,17074.314285714285,17040.97619047619,1.0019563489124952,2.444570079295256,41.934889434889435,67.29423123340574,1
2022-12-20,16441.3,17031.3,16400.7,16902.8,284570.0,2.81,2.806955654358223,3.730742835506535,16949.2,17062.995238095238,0.9933308755873543,2.315935111686947,47.405903135171236,36.85855816861443,0
2022-12-21,16902.7,16919.4,16735.0,16831.8,174340.0,-0.42,-0.42004874931963476,1.095545336802965,16811.399999999998,17047.180952380953,0.9861689183073976,2.2943818343380027,49.95017000820727,-38.73563622307341,0
2022-12-22,16831.8,16862.2,16566.1,16820.6,198280.0,-0.07,-0.06654071459974986,1.7603414860349942,16734.899999999998,17039.971428571425,0.9820967171306458,2.1736677226062895,43.32025195396231,13.73178845933234,0
2022-12-23,16820.5,16910.7,16768.0,16779.1,184120.0,-0.25,-0.24672128223726109,0.8504627780989489,16756.257142857143,17024.995238095238,0.9842150854388044,1.4159874718334526,44.172439303248346,-7.141416179140614,1
2022-12-24,16778.6,16855.8,16777.8,16837.2,110120.0,0.35,0.3462641023654456,0.46325992445299696,16764.842857142856,17022.742857142857,0.9848496800918435,1.3825765671970398,45.21515311510033,-40.191179665435584,0
2022-12-25,16835.7,16852.9,16733.0,16831.8,132890.0,-0.03,-0.03207184092367532,0.7123421143312151,16777.8,17009.371428571427,0.9863856563104709,1.3782669527857583,45.644425197375014,20.677442789683976,1
2022-12-26,16831.8,16936.1,16799.4,16918.1,133360.0,0.51,0.5127199705319718,0.8080103557727942,16845.914285714283,17007.066666666666,0.9905243870615127,1.1032270096323382,45.08094645080943,0.3536759726089356,0
2022-12-27,16918.2,16964.0,16610.1,16706.1,192180.0,-1.25,-1.2530957968093337,2.1183878942422316,16817.814285714285,16988.819047619047,0.9899342761009201,0.5778894469201167,29.49252361466985,44.10617876424716,0
2022-12-28,16705.9,16781.1,16474.2,16546.2,217960.0,-0.96,-0.9571354176019398,1.8548065416832733,16777.014285714286,16975.057142857142,0.9883333024757334,0.6486225655909189,27.326804497642385,13.414507232802574,1
2022-12-29,16546.2,16659.1,16496.6,16636.4,181470.0,0.55,0.5451402738997579,0.976773821259407,16750.7,16946.995238095238,0.9884171066706867,0.714151220462283,35.049233453820335,-16.741603964030094,0
2022-12-30,16636.4,16644.4,16360.0,16607.2,192760.0,-0.18,-0.17551874203554085,1.7125102365239258,16726.14285714286,16922.304761904765,0.9884080858061661,0.7131331955240381,49.344875994384715,6.221414007824988,0
2022-12-31,16607.2,16635.9,16487.3,16537.4,130440.0,-0.42,-0.42029962907653706,0.8985693035180995,16683.31428571429,16894.219047619048,0.987516157964432,0.683391392142064,42.655799987744444,-32.33035899564225,1
2023-01-01,16537.5,16621.9,16499.7,16618.4,107840.0,0.49,0.4897988801141562,0.7353295142733399,16652.82857142857,16871.604761904764,0.9870328760326238,0.7379653993637451,46.34146341463424,-17.32597362772156,1
2023-01-02,16618.4,16766.9,16551.0,16674.3,136030.0,0.34,0.336374139508,1.2948069784038998,16618.000000000004,16846.07619047619,0.9864611682924047,0.7129723491460137,58.1297976273552,26.140578635014844,0
2023-01-03,16673.1,16773.2,16607.2,16674.2,178730.0,-0.0,-0.0005997253257894464,0.9955500113948496,16613.442857142858,16793.485714285714,0.98927900614524,0.5429934157848951,38.23589954713879,31.390134529147986,1
2023-01-04,16674.2,16976.5,16656.5,16852.1,247390.0,1.07,1.0669177531755558,1.8988731374724812,16657.14285714286,16748.519047619047,0.994544222673277,0.5018947724023984,50.94112192860452,38.41548704750182,0
2023-01-05,16852.2,16877.9,16772.3,16829.8,178960.0,-0.13,-0.1323277217676111,0.6274584368204149,16684.77142857143,16723.457142857143,0.9976867394130742,0.5037628871618357,50.42217327459621,-27.660778527830555,1
2023-01-06,16829.8,17012.3,16707.6,16950.9,233470.0,0.72,0.7195569763158272,1.797544673144203,16733.87142857143,16738.757142857143,0.9997081196504606,0.5159782551453349,57.346903865891356,30.459320518551625,0
2023-01-07,16950.9,16979.6,16909.7,16943.6,110480.0,-0.04,-0.04306555994079142,0.4125451497910587,16791.9,16746.685714285715,1.0026998945633592,0.4435290492630113,54.756795422031374,-52.67914507217202,1
2023-01-08,16943.6,17119.0,16913.8,17119.0,144840.0,1.04,1.035199131235398,1.1986681465038889,16863.414285714283,16764.680952380953,1.0058893654829326,0.5147567889595476,61.145606954362044,31.10065170166545,1
2023-01-09,17119.0,17390.8,17107.1,17180.1,301240.0,0.36,0.35691337110812515,1.6513291540794335,16935.67142857143,16799.861904761903,1.008083966676597,0.5142189691923857,60.37048765041168,107.98122065727699,1
2023-01-10,17180.1,17491.0,17151.7,17439.1,247140.0,1.51,1.5075581632237212,1.9456279280467417,17044.942857142854,16825.399999999998,1.013048299424849,0.6110781741974983,77.97282857579002,-17.959102376842385,1
2023-01-11,17440.5,17989.8,17323.9,17942.3,291530.0,2.89,2.885470007053126,3.7113413553446204,17200.685714285715,16878.280952380952,1.0191017534791826,1.0497579200667642,92.21651043241604,17.961479323460395,1
2023-01-12,17941.0,19055.3,17915.5,18851.3,522010.0,5.07,5.066240114143672,6.046267366176334,17489.47142857143,16974.980952380953,1.0303087513107525,1.7794920030177703,94.79432107753911,79.0587589613419,1
2023-01-13,18850.8,19981.6,18723.8,19927.0,426670.0,5.71,5.706237766095712,6.312038942138804,17914.62857142857,17124.880952380954,1.0461169698781358,2.2754483729435453,97.17233147663977,-18.26401793069098,1
2023-01-14,19926.9,21185.6,19898.6,20958.2,458210.0,5.17,5.174888342449946,6.140794533881726,18488.14285714286,17321.119047619046,1.067375774412464,2.2110859759885964,99.33708316593008,7.392129748986331,0
2023-01-15,20956.0,21032.2,20585.7,20879.8,205800.0,-0.37,-0.37407792653949556,2.1384304447360605,19025.399999999998,17513.880952380954,1.086304060860569,2.478863576112661,97.5857602286939,-55.08609589489535,1
2023-01-16,20880.1,21416.8,20698.9,21184.2,337460.0,1.46,1.4578683703867057,3.3888464043957187,19597.414285714283,17717.02857142857,1.106134372742285,2.3202218733226587,97.71270180487078,63.97473275024295,0
2023-01-17,21184.4,21506.4,20926.2,21137.1,310040.0,-0.22,-0.22233551420399733,2.7449366280142535,20125.7,17928.028571428575,1.1225829945448547,2.5896844018491416,96.75053948167846,-8.125407455698452,0
2023-01-18,21137.1,21584.1,20448.3,20670.6,388670.0,-2.21,-2.207019884468542,5.494760674581286,20515.457142857143,18124.428571428572,1.1319229768820298,3.2076509871151275,87.71954086571697,25.361243710488978,1
2023-01-19,20670.6,21169.4,20669.7,21081.2,275760.0,1.99,1.9863961375093275,2.370358423619152,20834.014285714286,18336.085714285713,1.1362301971288467,2.9299317780447676,89.00366972477055,-29.050351197674118,1
2023-01-20,21074.9,22718.5,20879.3,22677.2,373740.0,7.57,7.570726524106797,8.11034872030057,21226.899999999998,18625.13333333333,1.1396911699960985,3.406544213215008,91.34572340394799,35.53089643167973,1
2023-01-21,22677.5,23304.5,22461.1,22775.7,382690.0,0.43,0.4343569752879528,3.7030694995104496,21486.542857142857,18922.19523809524,1.1355206193985847,3.1079785940775926,91.56226393580475,2.3947129020174485,0
2023-01-22,22775.7,23068.7,22323.0,22707.8,280640.0,-0.3,-0.29812475577041253,3.283893640070816,21747.68571428571,19212.166666666668,1.131974653958119,3.1015501880728866,90.44813710447842,-26.666492461261072,1
2023-01-23,22709.0,23161.8,22527.9,22915.5,327850.0,0.91,0.914663683844319,2.766249918177643,21995.014285714286,19509.36666666667,1.127407909314378,3.1021606289292833,90.64661526250136,16.822263397947545,0
2023-01-24,22916.3,23156.1,22517.1,22632.5,334170.0,-1.23,-1.234971962208986,2.8233734673588864,22208.64285714286,19793.095238095237,1.122039912908542,3.199893877589135,86.68069838399813,1.9277108433734869,1
2023-01-25,22632.5,23779.0,22366.3,23055.1,388180.0,1.87,1.8672263338119999,6.12749456736254,22549.285714285714,20088.47619047619,1.1224985658681357,2.8675892475263765,86.52730546109217,16.1624322949397,0
2023-01-26,23055.2,23259.5,22869.0,23016.0,320970.0,-0.17,-0.16959371245407473,1.6966458116093153,22825.68571428571,20383.057142857142,1.1198362225209453,2.934885993010006,83.97702612299506,-17.314132618888145,1
2023-01-27,23016.0,23480.3,22602.9,23074.6,310360.0,0.25,0.25460549183176084,3.8024494465776133,22882.45714285714,20674.661904761906,1.106787489356076,0.9808841054007871,80.78879411534544,-3.3056048851917597,0
2023-01-28,23074.6,23182.3,22889.8,23027.9,156960.0,-0.2,-0.20238704029538201,1.270198324640979,22918.485714285718,20964.390476190474,1.0932102099660153,0.990694373878464,75.0745075234426,-49.42647248356747,1
2023-01-29,23023.5,23952.9,22973.3,23753.1,320860.0,3.15,3.1492233334346365,4.124093276246057,23067.814285714285,21280.3,1.0839985472814897,1.4665969399795145,80.09384360795157,104.42150866462794,0
2023-01-30,23746.0,23794.0,22560.0,22832.2,339620.0,-3.88,-3.876967637908302,5.404647821935687,23055.914285714283,21549.447619047616,1.0699074376892657,2.2393544088950534,65.28643514395965,5.8467867605809465,1
2023-01-31,22832.2,23262.9,22724.9,23125.1,289380.0,1.28,1.2828373963087225,2.3264764260478876,23126.285714285714,21820.209523809524,1.0598562625648045,2.215711749219712,67.63599588375149,-14.793003945586246,1
2023-02-01,23124.7,23784.5,22809.6,23725.6,333180.0,2.6,2.596745527586908,4.109063627474127,23222.071428571428,22095.60476190476,1.0509814815573104,2.315036619778337,76.47221933381863,15.135807588637773,0
2023-02-02,23726.2,24207.2,23398.1,23427.6,382860.0,-1.26,-1.2560272448325804,3.453618808584756,23280.87142857143,22313.52380952381,1.0433525259078416,2.397169043129692,70.73670814479641,14.910858995137755,1
2023-02-03,23429.1,23694.1,23233.8,23431.2,349360.0,0.02,0.015366490805734934,1.9644747174707198,23331.81428571429,22480.390476190474,1.0378740667527808,2.3992675222706916,59.27383646561057,-8.749934701979834,0
2023-02-04,23431.2,23571.8,23269.8,23323.8,170270.0,-0.46,-0.45836320803032127,1.2948147385931967,23374.08571428571,22593.0380952381,1.034570278497084,2.409137392026987,56.72663901229719,-51.26230822074651,0
2023-02-05,23326.9,23423.4,22766.5,22936.0,217260.0,-1.66,-1.6626793232663584,2.8640565050575577,23257.35714285714,22690.95238095238,1.024961700698831,2.096034053433249,52.59672280382341,27.59734539261174,0
2023-02-06,22936.0,23130.6,22633.7,22761.8,278580.0,-0.76,-0.759504708754799,2.183043520283975,23247.299999999996,22766.076190476193,1.021137758017568,1.5005391293492705,48.23758743263386,28.224247445457063,1
2023-02-07,22761.8,23338.8,22748.2,23251.7,318980.0,2.15,2.152290240666388,2.540029331188681,23265.385714285712,22866.77142857143,1.0174320317566226,1.655718287007902,56.77847352979816,14.502117883552291,0
2023-02-08,23251.7,23425.1,22691.7,22964.6,289120.0,-1.23,-1.2347484269967457,3.1936110361164483,23156.67142857143,22976.009523809524,1.0078630671080933,1.2793249061255223,48.97899320833051,-9.361088469496515,0
2023-02-09,22964.6,23003.6,21744.6,21792.5,425440.0,-5.1,-5.103942589899235,5.777216932430882,22923.085714285717,23009.880952380954,0.9962279145087773,2.1853804653055233,39.00699024241225,47.14997232982845,0
2023-02-10,21792.5,21933.6,21491.7,21635.0,352790.0,-0.72,-0.7227257083859073,2.0425236884677505,22666.485714285714,22960.25238095238,0.9872054251933933,2.145248049810995,37.291217910236945,-17.07643851071832,1
2023-02-11,21627.4,21902.9,21605.3,21859.8,182070.0,1.04,1.0390570834296176,1.361403123541854,22457.342857142856,22916.638095238093,0.9799580009865987,2.2910857751046994,40.00239648059704,-48.391394313897784,0
2023-02-12,21859.9,22080.7,21653.1,21786.8,211650.0,-0.33,-0.333946330707513,1.9626562872932334,22293.17142857143,22872.780952380952,0.9746594205131324,2.2722243698666125,31.05574503343162,16.246498599439786,0
2023-02-13,21782.7,21887.5,21418.7,21772.6,312040.0,-0.07,-0.06517707969964093,2.1531649871857255,22151.85714285714,22818.35714285714,0.9707910610817732,2.2847761331438465,37.63016577165536,47.43208126624143,1
2023-02-14,21776.9,22308.6,21556.2,22198.5,378390.0,1.96,1.9561283448003453,3.3894182039326886,22001.399999999998,22797.690476190477,0.9650714410294274,2.246127309755791,39.5086050724638,21.263299576977303,1
2023-02-15,22198.5,24330.9,22050.8,24327.9,401530.0,9.59,9.59254003648895,9.37236670653859,22196.157142857144,22858.3,0.9710327164687289,4.431500948865856,55.06568655486217,6.115383598932311,0
2023-02-16,24328.1,25233.8,23525.9,23539.6,484500.0,-3.24,-3.240312562942149,7.255433397338944,22445.742857142854,22883.233333333334,0.9808816145071072,4.0495869809734,50.870213823968164,20.663462256867483,1
2023-02-17,23538.2,24984.7,23373.0,24573.5,523850.0,4.39,4.392173189009174,6.55869127311942,22865.528571428567,22954.609523809522,0.9961192564705335,4.111072224933096,57.650525751791555,8.121775025799804,1
2023-02-18,24573.5,24838.9,24457.0,24631.4,223770.0,0.24,0.23561967159746455,1.550459981974234,23261.471428571433,23030.966666666667,1.0100084709965031,4.150331324161902,58.81607335490831,-57.28357354204447,0
2023-02-19,24631.3,25175.2,24273.7,24302.9,312640.0,-1.33,-1.3336635351624326,3.7094338535730307,23620.914285714283,23057.147619047617,1.024450841707798,4.251604731617849,59.29017086465399,39.714885820261884,1
2023-02-20,24302.8,25085.4,23868.6,24839.5,363020.0,2.21,2.2079669504462274,4.898649328690203,24059.04285714286,23152.733333333334,1.0391448176230969,4.18522053148474,63.45817517586246,16.114380757420665,0
2023-02-21,24839.5,25236.8,24160.8,24450.7,395970.0,-1.57,-1.565248897924676,4.4006920047278815,24380.785714285714,23215.85714285714,1.0501781417873253,4.393998790303287,57.869519558939345,9.076634896148983,0
2023-02-22,24450.7,24474.3,23593.4,24186.6,400240.0,-1.08,-1.0801326751381457,3.642099344264997,24360.6,23237.809523809523,1.0483173973450493,2.58507812904585,58.04476629361421,1.0783645225648453,0
2023-02-23,24186.6,24590.4,23637.9,23936.3,417460.0,-1.03,-1.0348705481547649,3.9793117566206972,24417.271428571432,23262.033333333333,1.0496619568325827,2.244027879531957,66.06275849667324,4.302418548870679,0
2023-02-24,23936.4,24123.4,22970.3,23191.5,367990.0,-3.11,-3.1115920171455036,4.972080288036575,24219.84285714286,23250.619047619046,1.041685935653531,1.6566488938440067,60.718958749397416,-11.850237148469311,0
2023-02-25,23191.3,23215.3,22777.4,23166.1,198350.0,-0.11,-0.10952288553996992,1.8902620639641452,24010.514285714282,23243.109523809522,1.0330164413293605,1.6251188596571051,59.24997521632605,-46.09907877931465,1
2023-02-26,23166.1,23671.8,23066.0,23558.7,209120.0,1.69,1.694717712519589,2.571449188622459,23904.2,23272.761904761905,1.0271320652796647,1.8638780787190865,62.003603994201086,5.429795815477689,0
2023-02-27,23558.7,23876.2,23166.8,23494.1,297650.0,-0.27,-0.2742086787471343,3.0194814868413835,23712.0,23307.63333333333,1.0173491088041258,1.4740819636086078,61.58307652971967,42.334544758990056,0
2023-02-28,23494.0,23595.0,23033.8,23130.5,275100.0,-1.55,-1.547622594608855,2.426233760619099,23523.399999999998,23301.861904761903,1.0095073130268968,1.4725372144437041,56.32396048203234,-7.576012094742146,1
2023-03-01,23130.6,23914.1,23025.3,23642.2,328770.0,2.21,2.2122306046129525,3.759379414775271,23445.62857142857,23334.128571428573,1.0047784085726057,1.8406555509249443,44.03853175914173,19.509269356597603,0
2023-03-02,23642.2,23780.5,23208.7,23465.4,249260.0,-0.75,-0.747815347133507,2.4367792579713075,23378.35714285714,23413.790476190476,0.9984866468601329,1.8249484835498213,49.27815394194103,-24.184080055966174,0
2023-03-03,23465.6,23473.4,22051.9,22354.4,344630.0,-4.73,-4.73463056244513,6.358927101599685,23258.77142857143,23448.04761904762,0.9919278485974058,2.290103695930202,28.73080683190527,38.26125330979699,0
2023-03-04,22354.7,22403.7,22167.4,22347.1,123930.0,-0.03,-0.03265576351860755,1.0574078963265894,23141.771428571432,23471.25238095238,0.9859623616570059,2.292476618794958,27.891446158610947,-64.03969474508894,1
2023-03-05,22347.1,22636.7,22213.5,22428.3,160570.0,0.36,0.3633581091058824,1.8869018160092417,22980.285714285714,23501.800000000003,0.9778096024255891,2.1305207422430246,30.944539318532975,29.56507705963043,0
2023-03-06,22428.2,22595.4,22320.1,22410.0,215310.0,-0.08,-0.08159334412326524,1.2284694332887234,22825.414285714283,23532.15238095238,0.9699671290667763,2.1378692511451676,22.39518236564031,34.09105063212306,0
2023-03-07,22410.1,22535.1,21968.6,22197.8,304750.0,-0.95,-0.946898705934851,2.5520547081242286,22692.171428571426,23532.119047619046,0.9643063330867943,2.1078027235945065,23.331518265110475,41.54010496493428,0
2023-03-08,22197.8,22274.3,21661.3,21710.8,316510.0,-2.19,-2.193911108308033,2.823479558560716,22416.257142857146,23407.495238095238,0.9576529617904238,1.770476528914919,22.162004137807017,3.8589007383101004,0
2023-03-09,21710.8,21826.5,20079.6,20361.8,468760.0,-6.21,-6.2134974298505785,8.579300454773161,21972.885714285712,23256.171428571426,0.944819562487868,2.5661551258257758,17.771165810116344,48.102745568860385,0
2023-03-10,20362.0,20362.6,19591.8,20156.7,655270.0,-1.01,-1.0072783349212688,3.8240386571214495,21658.928571428572,23045.847619047618,0.9398191348591256,2.267998120023557,19.687162891046427,39.78795119037461,1
2023-03-11,20156.5,20669.5,19796.7,20467.5,453460.0,1.54,1.5419190641325242,4.26432148528154,21390.414285714283,22847.56666666667,0.936222863370466,2.4978171522387504,24.499168430601785,-30.79799166755689,1
2023-03-12,20465.0,22028.6,20294.2,21994.8,455690.0,7.46,7.462074019787468,7.885500209140332,21328.485714285714,22737.65714285714,0.9380247745087446,4.145335730654257,37.83127655270078,0.49177435716492024,1
2023-03-13,21994.8,24406.2,21859.6,24114.4,733630.0,9.64,9.63682324913162,10.560494973957478,21571.971428571425,22703.128571428573,0.9501761557091878,5.574767724101751,53.65704111591932,60.99321907437074,1
2023-03-14,24121.5,26365.9,23994.6,24699.7,753060.0,2.43,2.4271804399031316,9.600521463823458,21929.385714285716,22714.98571428571,0.9654149023080423,5.505377504937759,59.01569645852964,2.648474026416592,0
2023-03-15,24699.6,25108.9,23932.4,24282.7,614310.0,-1.69,-1.6882796147321577,4.845013116333851,22296.8,22719.561904761904,0.9813921629944239,5.449343980561918,53.720419614540134,-18.42482670703529,1
2023-03-16,24283.2,25139.0,24147.9,25004.1,462580.0,2.97,2.9708393218216944,3.9637499450090132,22959.985714285714,22770.409523809525,1.008325550327848,4.1720081323340175,58.40590002731492,-24.699256075922584,1
2023-03-17,25004.4,27742.2,24900.1,27391.8,674960.0,9.55,9.549233925636202,10.375732883563703,23993.571428571428,22970.42380952381,1.044541956540802,4.364873544435516,74.15046216392435,45.91205845475377,0
2023-03-18,27391.9,27659.1,26688.7,26914.5,392470.0,-1.74,-1.7424922787111496,3.605491463709145,24914.571428571428,23148.91904761905,1.0762736427269153,4.888171213386752,70.95291397533765,-41.85285053929122,1
2023-03-19,26914.5,28347.3,26844.6,27958.7,393270.0,3.88,3.879693102231152,5.374713416575165,25766.557142857142,23358.442857142858,1.1030939562385211,4.658153016566235,73.31102156429668,0.20383723596708592,0
2023-03-20,27958.9,28457.8,27157.0,27720.5,503900.0,-0.85,-0.851970942854996,4.692556050576286,26281.714285714286,23559.7,1.1155368822911278,4.028032524148615,71.97672590029879,28.130800722150173,1
2023-03-21,27719.8,28437.8,27350.6,28114.0,438780.0,1.42,1.4195270648076352,3.8671124706551923,26769.471428571425,23797.009523809524,1.124909052197835,4.031467194616082,74.12136927768809,-12.923199047430046,0
2023-03-22,28114.2,28760.3,26668.7,27261.7,262029.99999999997,-3.03,-3.0315856868464053,7.6723021675097245,27195.042857142857,23969.366666666665,1.134574944567143,4.2582108950946935,71.97732149785807,-40.28214595013447,1
2023-03-23,27262.8,28734.1,27144.6,28310.7,158460.0,3.85,3.847889163184992,5.614484982709717,27667.414285714283,24200.095238095237,1.143277082734818,4.312949194127049,82.23738107018585,-39.52600847231233,0
2023-03-24,28306.9,28374.5,27026.5,27462.2,110360.0,-3.0,-2.9971000363820055,4.908565227840449,27677.471428571433,24443.32380952381,1.132312104697787,2.993586524799716,78.15850941636282,-30.35466363751105,1
2023-03-25,27462.2,27761.9,27176.7,27475.6,61360.0,0.05,0.04879434276932049,2.12988979312554,27757.628571428573,24687.5380952381,1.124357903341632,2.887008702502041,77.64601923516928,-44.400144980065235,1
2023-03-26,27474.9,28153.7,27429.1,27973.5,60640.0,1.81,1.812153328771715,2.5903086850054593,27759.742857142857,24951.595238095237,1.11254381101695,2.549437781604273,75.67001279486145,-1.1734028683181186,0
2023-03-27,27974.8,28023.3,26611.5,27129.8,107240.0,-3.02,-3.0160687793804875,5.203871757255856,27675.35714285714,25176.347619047614,1.0992602088922088,2.79442091618765,64.53989623314752,76.84696569920844,1
2023-03-28,27127.8,27465.0,26665.6,27262.2,94160.0,0.49,0.48802423902867265,2.9322651876957893,27553.67142857143,25417.50952380952,1.0840429272884067,2.721575772281329,62.92038521655826,-12.19694143976129,1
2023-03-29,27262.9,28627.4,27249.8,28350.4,109320.0,3.99,3.9916074271335367,4.8591906992494005,27709.2,25733.680952380953,1.0767678378882002,2.882489139245122,69.2095544830322,16.100254885301624,0
2023-03-30,28350.3,29160.4,27716.7,28029.5,122510.0,-1.13,-1.1319064281280045,5.150644856312103,27669.028571428575,26098.809523809523,1.0601643935592757,2.5405186695646815,64.84902622899325,12.065495792169777,1
2023-03-31,28029.3,28646.3,27587.5,28473.7,98440.0,1.58,1.5847589147148566,3.718519194906174,27813.528571428567,26494.85714285714,1.0497708450157441,2.247530825335064,56.56198066402223,-19.64737572443066,0
2023-04-01,28473.7,28795.1,28285.6,28456.1,38090.0,-0.06,-0.061811425982583046,1.7904772614659072,27953.6,26875.26666666667,1.040123632881782,2.2519410836472913,59.902363823227105,-61.30637952052012,0
2023-04-02,28456.1,28522.8,27871.7,28198.3,45040.0,-0.91,-0.9059568950066876,2.3090044435302786,27985.714285714286,27170.671428571426,1.0299971555463954,2.2269732192558074,51.712015548187935,18.246258860593322,0
2023-04-03,28194.7,28458.4,27256.9,27802.1,98000.0,-1.41,-1.4050492405570547,4.321615993036498,28081.757142857143,27346.276190476186,1.026895104373922,1.9072898610256395,50.57018279389568,117.58436944937833,1
2023-04-04,27802.2,28429.1,27668.9,28164.4,64060.0,1.3,1.3031389715165487,2.6991521211174287,28210.64285714286,27511.261904761905,1.0254216238717824,1.940596757201855,50.353713996968175,-34.632653061224495,1
2023-04-05,28164.4,28744.4,27823.5,28173.5,77320.0,0.03,0.03231029242589667,3.2686744635916782,28185.371428571427,27696.53809523809,1.0176496185787705,1.172022585092032,57.258167229191855,20.699344364658124,0
2023-04-06,28173.5,28173.5,27734.5,28036.7,51290.0,-0.49,-0.48556267414413545,1.5658048201107833,28186.399999999998,27840.94761904762,1.0124080683487955,1.0988359658851223,47.44831439746695,-33.6652871184687,0
2023-04-07,28037.6,28102.5,27779.4,27910.4,30940.0,-0.45,-0.4504809767197915,1.1576329970190269,28105.928571428572,27865.64285714286,1.0086230099021067,0.8544320611802726,54.82267366790049,-39.676350165724315,1
2023-04-08,27910.4,28153.1,27863.8,27941.2,23730.0,0.11,0.11035313001603875,1.035388601778017,28032.37142857143,27914.533333333336,1.0042213886877838,0.8642452922470666,54.99120963938083,-23.303167420814475,1
2023-04-09,27941.2,28522.7,27809.2,28326.6,39350.0,1.38,1.3793251542524976,2.5188338875826966,28050.7,27932.05238095238,1.0042477229180813,0.9994438855576387,53.87877056923784,65.82385166455961,1
2023-04-10,28326.5,29755.4,28182.9,29641.0,85730.0,4.64,4.640161544272869,5.305151648055059,28313.4,28023.504761904762,1.0103447174276832,1.8024790693446313,74.99999999999999,117.86531130876745,1
2023-04-11,29641.0,30484.6,29597.8,30209.6,89380.0,1.92,1.9182888566512624,2.9354907049414733,28605.571428571428,28123.295238095237,1.017148637326927,1.8381886890107855,76.99776499468726,4.2575527819899595,0
2023-04-12,30209.8,30473.0,29679.5,29886.4,78690.0,-1.07,-1.0698585879985067,2.6550538037368168,28850.271428571432,28248.280952380952,1.0213106941695063,1.978781129337581,66.36270666439407,-11.960170060416198,1
2023-04-13,29892.4,30524.1,29864.5,30387.4,65870.0,1.68,1.676347770223252,2.1706365138182226,29186.085714285717,28347.171428571426,1.0295942855472606,1.9003469187633795,74.19004042103538,-16.291777862498414,1
2023-04-14,30387.4,30964.9,30026.0,30472.5,98380.0,0.28,0.2800502839992891,3.0811387316432897,29552.100000000002,28490.519047619047,1.037260849849967,1.8145142718348775,72.13706640676916,49.35478973736147,0
2023-04-15,30472.6,30586.5,30208.8,30299.6,31710.0,-0.57,-0.5673968332102763,1.2465511095856074,29889.014285714286,28624.995238095238,1.0441578780050536,1.9030259880728229,69.73811002376927,-67.76783899166497,1
2023-04-16,30299.2,30545.3,30134.6,30310.3,34480.0,0.04,0.03531399754452824,1.3549849391131092,30172.399999999998,28736.271428571432,1.0499761625302813,1.9468088112357425,73.87627747128518,8.7354146956796,0
2023-04-17,30310.8,30312.2,29274.0,29434.9,71900.0,-2.89,-2.888127138299512,3.527105578751756,30142.95714285714,28846.03809523809,1.0449600407285444,1.6494122655608567,66.65442676458593,108.52668213457078,1
2023-04-18,29434.1,30470.1,29149.2,30382.2,76580.0,3.22,3.2182884942703938,4.34761143037699,30167.614285714284,28994.609523809526,1.0404559599584027,1.9573815610188312,70.20958629487885,6.509040333796934,0
2023-04-19,30382.2,30408.4,28641.1,28813.7,111270.0,-5.16,-5.1625622897617625,6.1335406421251095,30014.37142857143,29016.671428571426,1.0343836818932173,2.7959247796871485,54.54274523160765,45.29903369025856,0
2023-04-20,28813.7,29082.1,28032.4,28240.5,95450.0,-1.99,-1.989331463852262,3.717002177723472,29707.67142857143,29026.719047619048,1.023459502254983,2.6633767868323197,51.36178970438872,-14.217668733710799,0
2023-04-21,28240.5,28353.4,27171.1,27264.8,98720.0,-3.46,-3.4549671570970775,4.336360435433243,29249.428571428572,28969.152380952386,1.0096749876140827,2.7349029373525133,46.12587311874413,3.4258774227344135,1
2023-04-22,27264.8,27872.0,27165.7,27813.9,44300.0,2.01,2.01395205539745,2.539377793117827,28894.32857142857,28938.571428571428,0.9984711457767685,3.044998678416365,49.280831591435515,-55.1256077795786,0
2023-04-23,27813.8,27815.0,27388.5,27591.4,41770.0,-0.8,-0.7999597323640306,1.5457715085135222,28505.91428571429,28909.671428571433,0.9860338384040536,3.0057624462148174,45.76868179934621,-5.7110609480812595,0
2023-04-24,27591.4,27978.8,27054.3,27509.3,66740.0,-0.3,-0.2975564849917123,3.3606816603839427,28230.828571428574,28895.728571428575,0.9769896786524552,2.935531395192651,35.703459283999294,59.779746229351204,1
2023-04-25,27510.1,28375.6,27201.1,28298.8,65310.0,2.87,2.8699385298789792,4.1503526651306775,27933.2,28902.128571428573,0.9664755289897086,2.8554548948350478,37.553737526380246,-2.14264309259814,1
2023-04-26,28298.8,29995.7,27307.8,28424.6,164310.0,0.44,0.4445418180276217,9.456245646376736,27877.614285714284,28914.085714285717,0.9641534081757481,2.1947874804556506,40.22704177140716,151.58474965548922,1
2023-04-27,28424.5,29859.8,28392.4,29475.9,121630.0,3.7,3.6985568838259875,4.9783043096224295,28054.1,28982.619047619046,0.967962900589023,2.4486251962074284,44.32377227833756,-25.975290609214284,0
2023-04-28,29475.9,29587.2,28927.8,29321.8,69880.0,-0.52,-0.5227999823584795,2.248838747962272,28347.957142857143,29049.828571428574,0.9758390509312078,1.7951004352877689,42.89524703325472,-42.54706897969251,0
2023-04-29,29318.4,29425.5,29058.5,29234.1,25720.0,-0.3,-0.29909487139261337,1.255383268169706,28550.842857142856,29111.395238095236,0.9807445717950736,1.8026974288586388,43.35134595464814,-63.194046937607325,1
2023-04-30,29235.1,29941.3,29095.0,29252.1,47620.0,0.06,0.061571931408876956,2.8931256217502312,28788.085714285717,29155.466666666667,0.9873992429419428,1.7079385255512949,43.402907658163144,85.14774494556765,0
2023-05-01,29252.1,29329.6,27685.9,28077.6,84360.0,-4.02,-4.01509635205678,5.854132831865962,28869.27142857143,29081.019047619047,0.9927187001700013,2.512826386613222,41.84246270719891,77.152456950861,1
2023-05-02,28079.0,28877.4,27913.2,28669.1,65330.0,2.11,2.1066615380231912,3.3632028909174014,28922.17142857143,29007.661904761906,0.9970528311978001,2.3976378921710078,39.24405098260816,-22.55808440018966,1
2023-05-03,28669.1,29244.7,28164.4,29023.6,81220.0,1.24,1.2365229463080496,3.7221433591973407,29007.742857142854,28966.57619047619,1.0014211782019373,2.428996950703571,51.55492999481441,24.322669523955298,0
2023-05-04,29023.6,29352.7,28687.4,28842.1,53800.0,-0.63,-0.6253531608759744,2.3066975012221693,28917.2,28892.990476190473,1.0008379030142096,1.92530673104424,54.73119632577305,-33.76015759665108,1
2023-05-05,28842.2,29653.9,28825.3,29513.2,74520.0,2.33,2.326806993942898,2.807557296396196,28944.542857142857,28847.309523809523,1.0033706205167272,2.1562600070673086,68.57199497786293,38.51301115241637,0
2023-05-06,29512.8,29816.4,28414.9,28857.1,58940.0,-2.22,-2.223073065611325,4.856690381223339,28890.68571428571,28778.619047619046,1.0038940946569128,2.3329489744307996,58.4672575565728,-20.907139023081058,0
2023-05-07,28857.1,29122.0,28419.6,28424.8,36500.0,-1.5,-1.4980715317894022,2.471081590723599,28772.5,28688.833333333332,1.0029163495669047,2.382030625522341,56.54160125588694,-38.07261621988462,0
2023-05-08,28424.8,28627.8,27280.3,27670.5,85720.0,-2.65,-2.653668627395789,4.869807195388591,28714.342857142856,28604.81428571429,1.003829025783372,2.0715361481945305,51.14452869841811,134.84931506849315,0
2023-05-09,27670.5,27816.0,27366.3,27634.9,49750.0,-0.13,-0.12865687284291383,1.627290129510151,28566.6,28473.990476190473,1.003252425187364,1.8148811815056893,44.72114880015269,-41.96220251983201,0
2023-05-10,27634.3,28311.7,26885.7,27603.3,91450.0,-0.11,-0.11434816120197144,5.166048986896494,28363.700000000004,28416.352380952383,0.998147109796271,1.6638312392776584,43.37030399896677,83.81909547738692,0
2023-05-11,27604.3,27607.4,26766.2,26983.5,62850.0,-2.25,-2.245383704122328,3.1174606704096974,28098.18571428571,28356.495238095238,0.9908906399877477,1.7611616451450796,28.374344913754214,-31.27392017495899,0
2023-05-12,26983.1,27044.0,25853.1,26799.2,87490.0,-0.68,-0.6830099875850038,4.443789366846777,27710.471428571425,28334.323809523805,0.9779824503613992,1.0604647888528402,28.226419002900172,39.20445505171042,0
2023-05-13,26798.7,27011.9,26695.6,26777.5,27950.0,-0.08,-0.08097256634527206,1.181215572775662,27413.385714285716,28284.971428571425,0.9691855543680947,1.0800508035297807,28.551721729412606,-68.05349182763744,1
2023-05-14,26777.4,27176.1,26609.9,26920.0,26350.0,0.53,0.5321631967136531,2.1032689450222777,27198.414285714283,28253.0,0.9626734961141926,1.2072063364788512,30.071949823116256,-5.724508050089449,1
2023-05-15,26920.4,27651.7,26752.1,27183.9,53270.0,0.98,0.9803120356612238,3.309311761741333,27128.899999999998,28237.504761904762,0.9607399884921708,1.0292539379236325,40.95573501730527,102.16318785578747,0
2023-05-16,27183.9,27295.3,26881.9,27035.3,45290.0,-0.55,-0.5466470962591896,1.5291119388355143,27043.242857142857,28177.338095238094,0.959751512571484,1.0332557463901397,31.8377873627107,-14.980289093298293,1
2023-05-17,27035.5,27465.3,26597.7,27403.1,58140.0,1.36,1.360443568223757,3.1660651532125876,27014.64285714286,28128.695238095235,0.9603944523013782,1.213945807774232,32.03874886391348,28.372709207330526,0
2023-05-18,27403.8,27467.0,26449.8,26828.0,63390.0,-2.1,-2.0986676689863537,3.791561055613541,26992.428571428572,28002.60476190476,0.9639256348091428,1.1711962557047395,29.46765347523808,9.029927760577916,1
2023-05-19,26828.2,27154.7,26711.3,26882.9,36670.0,0.2,0.20463694647383512,1.649375625397563,27004.385714285716,27886.466666666667,0.9683688520699066,1.1422967255485,19.333100151568175,-42.151758952516175,1
2023-05-20,26883.0,27147.2,26831.3,27116.2,17720.0,0.87,0.8678379192720964,1.1649862443852805,27052.77142857143,27785.614285714288,0.9736250978795296,1.1798168039831716,27.482732752153595,-51.677120261794386,0
2023-05-21,27116.2,27257.1,26677.6,26749.9,27420.0,-1.35,-1.3508529956262283,2.1663632387410794,27028.471428571433,27666.4619047619,0.976939932601911,1.296554732458288,27.96010211332478,54.74040632054176,1
2023-05-22,26749.9,27048.9,26546.1,26847.3,35560.0,0.36,0.3641135107047111,1.8728140259914514,26980.385714285716,27607.876190476192,0.977271323883764,1.2315991658994698,36.90339824360441,29.686360320933638,1
2023-05-23,26851.6,27448.1,26804.1,27220.7,50890.0,1.39,1.3908288729220564,2.365846579992432,27006.87142857143,27538.904761904763,0.9806806647565263,1.3456188795156299,44.049876458081926,43.11023622047243,0
2023-05-24,27220.7,27220.7,26088.7,26328.4,72650.0,-3.28,-3.2780200362224288,4.299539660594643,26853.342857142856,27410.561904761907,0.9796713745031893,1.7157910221285801,35.316610231958194,42.75889172725486,1
2023-05-25,26327.1,26589.2,25892.5,26475.8,50170.0,0.56,0.5598517190562147,2.631459672606685,26803.028571428575,27297.880952380954,0.9818721320597884,1.6085930628053635,43.438703507456886,-30.94287680660702,1
2023-05-26,26475.5,26911.6,26330.0,26711.5,45880.0,0.89,0.890246942490891,2.1773393482207983,26778.542857142857,27164.466666666664,0.9857930651001011,1.6559064815022724,48.881463153330095,-8.550926848714369,1
2023-05-27,26711.2,26882.9,26591.2,26857.5,18680.0,0.55,0.5465810605918886,1.0861025784231622,26741.585714285717,27069.247619047615,0.9878954188393719,1.6295187808323466,50.988972951589766,-59.285091543156064,1
2023-05-28,26855.3,28181.9,26788.5,28071.2,55230.0,4.52,4.519035651121661,4.963806321069287,26930.342857142856,27052.40952380952,0.9954877710039384,2.2758839976783087,61.251417178153964,195.66381156316916,0
2023-05-29,28068.4,28431.2,27548.8,27739.4,54560.0,-1.18,-1.1819943572059621,3.1810349178424966,27057.785714285714,27055.690476190477,1.0000774416789355,2.3876906667506743,55.358141867777846,-1.2131088176715599,0
2023-05-30,27738.9,28033.6,27583.8,27698.2,45190.0,-0.15,-0.14852520241966927,1.6239322410842556,27126.0,27058.704761904763,1.0024870088456703,2.3618981183305685,56.52936193684379,-17.17375366568915,0
2023-05-31,27696.9,27825.0,26865.1,27216.1,63080.0,-1.74,-1.7405463170892088,3.5269564706184995,27252.81428571429,27040.266666666666,1.0078604113512548,2.024022082848089,48.19866682079144,39.58840451427308,0
2023-06-01,27216.4,27340.9,26662.3,26819.0,51980.0,-1.46,-1.459062834131264,2.530295685894337,27301.84285714286,27032.43333333333,1.009966158816984,2.152522602777257,49.91022622990065,-17.596702599873183,1
2023-06-02,26819.0,27299.4,26541.3,27244.7,49370.0,1.59,1.5873075058727038,2.7825595436910744,27378.014285714286,27053.647619047624,1.0119897572125647,2.2050609925264237,53.36032990303524,-5.021161985378997,0
2023-06-03,27246.0,27317.5,26931.4,27072.0,20620.0,-0.63,-0.6338847555671379,1.426196808510633,27408.657142857144,27067.671428571433,1.0125975267279839,2.2283670932859803,49.58480498985496,-58.23374518938627,1
2023-06-04,27070.9,27410.2,26956.1,27122.3,23810.0,0.19,0.18580082742316595,1.6742680377401702,27273.100000000002,27077.304761904765,1.0072309722040984,1.1467931960155608,53.71894223855555,15.470417070805054,0
2023-06-05,27122.3,27125.5,25437.5,25747.4,85420.0,-5.07,-5.069260350339011,6.55600177105261,26988.528571428575,27008.9,0.9992457512682328,2.0922996359561954,41.248826440494575,258.75682486350274,1
2023-06-06,25745.6,27325.2,25425.6,27230.2,88610.0,5.76,5.759028096040764,6.9760780310096955,26921.671428571426,27018.18095238095,0.9964279784793943,3.334408429141673,50.06424388330606,3.734488410208381,0
2023-06-07,27230.2,27342.0,26141.0,26342.5,77480.0,-3.26,-3.259983400782962,4.559172439973427,26796.871428571427,26967.676190476188,0.993666315158253,3.497209261262408,50.0954108078115,-12.560659067825297,1
2023-06-08,26341.8,26784.4,26231.3,26501.1,39950.0,0.6,0.6020689000664214,2.087083177679425,26751.45714285714,26952.109523809526,0.992555225379478,3.48117560848767,50.17093901598583,-48.43830665978317,0
2023-06-09,26501.1,26773.9,26326.7,26479.3,38960.0,-0.08,-0.08226073634679532,1.6888663975256173,26642.114285714284,26932.890476190474,0.9892036767931297,3.401105276068178,48.384448402538126,-2.478097622027531,0
2023-06-10,26479.3,26525.1,25468.3,25844.0,83570.0,-2.4,-2.3992326081127446,4.089150286333383,26466.68571428571,26872.309523809523,0.984905509920373,3.4893695799857056,43.39799627395547,114.50205338809036,1
2023-06-11,25843.3,26190.1,25660.8,25928.4,39200.0,0.33,0.32657483361708817,2.0413909072677034,26296.128571428573,26833.190476190477,0.9799851640736331,3.495115520719688,33.63375290235855,-53.093215268637074,0
2023-06-12,25927.9,26080.7,25635.0,25906.8,40750.0,-0.08,-0.08330633590967196,1.7203977334136238,26318.899999999998,26788.404761904763,0.9824735826534755,2.8846342982300963,35.3067573201629,3.9540816326530503,1
2023-06-13,25906.9,26428.9,25726.4,25929.4,56240.0,0.09,0.08723578365525952,2.709279813647828,26133.071428571428,26726.914285714283,0.9777810917192087,1.5039178458214093,35.77586206896554,38.0122699386503,0
2023-06-14,25929.0,26051.7,24847.4,25129.5,60820.0,-3.08,-3.0849151927927476,4.792375494936228,25959.785714285714,26669.823809523805,0.9733767234343507,1.4546467943713728,34.03617223123298,8.143669985775247,1
2023-06-15,25129.5,25732.8,24838.0,25591.3,68380.0,1.84,1.837680813386644,3.49650076393149,25829.81428571429,26627.704761904763,0.9700353266147075,1.6895933623753698,40.699383342676626,12.430121670503125,1
2023-06-16,25591.9,26472.8,25276.0,26341.3,69240.0,2.93,2.9306834744620147,4.543435593535624,25810.100000000002,26610.076190476197,0.9699370950781979,2.134595616536053,43.47669112125238,1.2576776835331982,1
2023-06-17,26341.3,26767.3,26183.5,26515.0,35860.0,0.66,0.6594207575176592,2.201772581557606,25905.957142857143,26593.76666666667,0.9741364383454697,1.8716180671975897,45.97857163485142,-48.20912767186597,0
2023-06-18,26515.0,26679.3,26290.6,26339.7,27310.0,-0.66,-0.6611352064868958,1.4757191615698004,25964.714285714286,26511.314285714285,0.9793823876813781,1.9132537870591133,44.44996028594124,-23.842721695482428,1
2023-06-19,26339.7,27029.7,26295.1,26845.9,46450.0,1.92,1.9218138399450302,2.7363582520980936,26098.87142857143,26468.766666666666,0.9860252182221598,2.0045618010387214,58.885096332724004,70.08421823507874,1
2023-06-20,26845.9,28393.0,26665.5,28307.7,100550.0,5.44,5.445151773641399,6.102579863429384,26438.628571428573,26497.790476190476,0.9977672891324633,2.7080332127805766,58.74494781437174,116.46932185145316,1
2023-06-21,28307.7,30769.5,28270.5,29996.9,143490.0,5.97,5.967280987151913,8.330860855621747,27133.971428571433,26630.209523809524,1.0189169335791934,2.414654426255605,76.24457786331905,42.70512182993536,0
2023-06-22,29992.8,30497.8,29590.4,29890.5,79220.0,-0.35,-0.35470331934300825,3.035747143741315,27748.14285714286,26776.47142857143,1.0362882552005945,2.6578107968388114,74.52532561505063,-44.79057774060911,1
2023-06-23,29890.2,31395.4,29822.6,30679.4,98850.0,2.64,2.6393001120757376,5.126567012392689,28367.87142857143,26940.02857142857,1.0530007922358764,2.6480508971485386,77.35473030180665,24.779096187831364,0
2023-06-24,30680.7,30795.3,30269.4,30533.6,38150.0,-0.48,-0.47523745575207554,1.7223648701757992,28941.957142857143,27104.866666666665,1.0677771449231925,2.791147364260968,82.62285046468912,-61.406170966110274,0
2023-06-25,30533.6,31040.2,30315.8,30465.3,37120.0,-0.22,-0.22368800272486444,2.3777871873902487,29531.32857142857,27264.057142857146,1.0831597225860943,2.7239227438264066,81.63145785400538,-2.699868938401051,0
2023-06-26,30466.3,30645.9,29986.3,30267.0,58710.0,-0.65,-0.6509044716447865,2.1792711534014018,30020.057142857142,27479.276190476194,1.0924617131386283,2.9231933159419574,79.66849024250834,58.16271551724137,1
2023-06-27,30267.0,30993.7,30231.3,30689.1,55820.0,1.39,1.3945881653285808,2.484269659260133,30360.257142857143,27643.985714285718,1.0982590374863246,2.432801845329971,80.71685790621729,-4.922500425821841,0
2023-06-28,30691.9,30703.4,29919.5,30078.6,51060.0,-1.99,-1.9893056492370276,2.6061718298059136,30371.928571428572,27821.89523809524,1.0916556299098448,1.5098000504253684,82.73950491512639,-8.527409530634177,1
2023-06-29,30077.3,30823.1,30051.3,30445.7,49570.0,1.22,1.2204690377876748,2.5350049432267916,30451.242857142854,28009.73333333333,1.0871664679828985,1.5563427134346899,82.5204994908623,-2.918135526831178,1
2023-06-30,30445.7,31275.5,29714.5,30472.9,118650.0,0.09,0.08933938125910146,5.122584329026774,30421.742857142857,28199.904761904763,1.078788851026177,1.1577094252539135,80.64621409921669,139.35848295339923,1
2023-07-01,30472.9,30649.9,30329.0,30586.8,22460.0,0.37,0.37377473099047265,1.0491453829756674,30429.342857142856,28425.752380952385,1.0704850464233637,1.1551768131185265,80.4729830863643,-81.07037505267594,1
2023-07-02,30587.1,30769.0,30227.9,30617.7,28820.0,0.1,0.10102397112481398,1.7672784043216785,30451.114285714288,28649.05238095238,1.062901274387701,1.1497701670438745,82.72343420126668,28.31700801424755,1
2023-07-03,30617.5,31377.0,30581.5,31151.3,56490.0,1.74,1.742782769443818,2.55366549710606,30577.442857142858,28898.790476190476,1.0580872885436299,1.2488856363307377,82.79555149299205,96.00971547536432,0
2023-07-04,31152.0,31326.5,30657.8,30768.4,42120.0,-1.23,-1.2291621858477764,2.1733336800093626,30588.77142857143,29129.21904761905,1.050106128096547,1.2999535090305712,72.43076698692822,-25.438130642591606,0
2023-07-05,30768.6,30875.6,30233.3,30512.8,43230.0,-0.83,-0.8307224295056037,2.105018221860987,30650.8,29385.56666666667,1.0430562850015936,1.0470607830402079,56.36677773664072,2.6353276353276334,0
2023-07-06,30512.8,31463.6,29869.0,29913.1,90810.0,-1.97,-1.9654046826249938,5.330774811035963,30574.714285714286,29591.366666666665,1.0332308956907799,1.2136113147835268,50.24863580355569,110.06245662734213,1
2023-07-07,29912.7,30442.0,29757.4,30346.4,46420.0,1.45,1.4485292396976712,2.255951282524446,30556.64285714286,29782.08571428571,1.0260074848446767,1.3742129407170425,46.02549412775709,-48.882281687038876,0
2023-07-08,30346.8,30379.9,30055.9,30288.8,17410.0,-0.19,-0.18980834629479526,1.0697023322152082,30514.071428571428,29961.790476190476,1.0184328420833137,1.3616090660755835,47.01536210680323,-62.49461439034898,0
2023-07-09,30288.8,30425.5,30071.9,30166.9,20050.0,-0.4,-0.4024589947439261,1.1721456298128032,30449.671428571426,30144.0380952381,1.0101390972360007,1.3605567452217975,46.40879988446544,15.163699023549682,1
2023-07-10,30166.9,31019.6,29969.1,30415.3,55240.0,0.82,0.8234190453775492,3.4538538169934214,30344.528571428575,30314.00952380952,1.0010067638065194,1.1727481033735903,51.76350274692606,175.51122194513718,1
2023-07-11,30414.2,30782.2,30333.8,30623.3,39840.0,0.68,0.6838663435836612,1.464244545819691,30323.8,30424.276190476194,0.9966974993966283,1.1523969689456404,49.175562572044306,-27.8783490224475,0
2023-07-12,30623.3,30951.3,30231.7,30387.3,54060.0,-0.77,-0.7706550241156296,2.368094565821901,30305.871428571427,30442.866666666665,0.995499923197271,1.1459225249181952,54.268410718730124,35.69277108433735,1
2023-07-13,30387.3,31764.5,30260.0,31466.1,99810.0,3.55,3.5501673396451716,4.78133610456968,30527.72857142857,30517.89523809524,1.000322215318475,1.4640584949824165,61.7888996718887,84.62819089900111,0
2023-07-14,31465.4,31602.6,29944.3,30317.4,82420.0,-3.65,-3.6505954026714416,5.469796222631226,30523.58571428571,30500.65714285714,1.0007517402435357,2.1551434946903965,48.57321123814068,-17.423103897405067,0
2023-07-15,30316.8,30395.4,30246.9,30291.4,17060.0,-0.09,-0.08575933292432891,0.49023815340327614,30523.957142857143,30489.123809523808,1.0011424839083916,2.1539241568304304,47.245122542619484,-79.30114049987867,0
2023-07-16,30291.8,30435.0,30075.4,30235.5,20310.0,-0.18,-0.18454082676931938,1.1893304228473103,30533.757142857146,30478.18095238095,1.0018234746543118,2.14834897227813,46.45217585028961,19.0504103165299,0
2023-07-17,30235.5,30335.9,29693.3,30139.7,42840.0,-0.32,-0.31684609151494403,2.1320716530025257,30494.385714285712,30472.119047619046,1.000730722619975,2.123215176839515,39.77892737339855,110.93057607090104,0
2023-07-18,30139.7,30242.4,29624.6,29866.8,42400.0,-0.91,-0.9054502864992098,2.0685175512609417,30386.31428571429,30432.9619047619,0.9984672008201635,2.10902606081106,40.68325548712436,-1.0270774976657293,1
2023-07-19,29866.7,30185.5,29789.3,29909.7,34960.0,0.14,0.14363775161718717,1.324653874829907,30318.085714285717,30424.91904761905,0.9964886239083784,2.106051012646828,43.4812685099116,-17.54716981132075,0
2023-07-20,29909.7,30408.0,29621.4,29801.0,50330.0,-0.36,-0.36342724935388704,2.6395087413174005,30080.214285714286,30394.21904761905,0.9896689314039354,1.312275625864646,48.644465404241956,43.964530892448515,1
2023-07-21,29801.0,30058.9,29739.9,29903.1,32590.000000000004,0.34,0.3426059528203629,1.066779029598938,30021.028571428575,30367.085714285717,0.988604203046908,0.40076783776811825,44.172779136104275,-35.24736737532286,0
2023-07-22,29904.5,29988.0,29657.3,29788.9,18470.0,-0.38,-0.3819002043266351,1.1101450540301947,29949.242857142854,30329.09047619048,0.9874757992051948,0.4028553054967535,43.52511462839677,-43.32617367290581,1
2023-07-23,29788.9,30337.0,29735.7,30085.9,23320.0,1.0,0.9970156669094843,1.9986106448535668,29927.871428571427,30303.76666666667,0.9875957585659239,0.618694070850881,48.99638201913069,26.25879805089335,0
2023-07-24,30085.9,30098.2,28890.7,29178.1,55730.0,-3.02,-3.0173602916981124,4.13837775591968,29790.5,30209.804761904765,0.9861202425765585,1.2835638396245692,36.823719860270934,138.9794168096055,1
2023-07-25,29178.3,29365.4,29058.7,29228.6,29050.0,0.17,0.17307501173826623,1.0493147123023365,29699.32857142857,30136.480952380953,0.9854942459392279,1.2852093422259239,34.63072752518016,-47.873676655302354,1
2023-07-26,29228.8,29681.8,29109.7,29352.2,44330.0,0.42,0.42287348692719995,1.9490872915829085,29619.685714285715,30081.214285714286,0.9846572493036708,1.3054806192164197,38.303690478880895,52.59896729776248,0
2023-07-27,29352.9,29568.8,29094.0,29222.7,30420.0,-0.44,-0.44119350508650124,1.6247643099371354,29537.071428571428,30048.3380952381,0.9829851932227927,1.3068275635875581,17.726435723328393,-31.378299120234608,1
2023-07-28,29222.7,29533.0,29125.1,29315.0,31420.0,0.32,0.315850349214819,1.3914378304622257,29453.057142857142,29999.223809523814,0.981793973399629,1.304767426190848,29.282407407407405,3.287310979618674,1
2023-07-29,29315.0,29400.1,29256.9,29353.5,13900.0,0.13,0.1313320825516051,0.48784642376546955,29390.85714285714,29954.685714285715,0.9811772830198756,1.312220147955612,30.715137558086937,-55.760661998726924,0
2023-07-30,29354.2,29446.6,29054.5,29281.7,20580.0,-0.24,-0.2446045616365966,1.339061598199553,29275.971428571425,29912.533333333333,0.9787192245582039,1.202352686034238,30.5156071253473,48.05755395683453,0
2023-07-31,29282.0,29502.3,29128.3,29232.4,31840.0,-0.17,-0.16836454167620252,1.2794023070291867,29283.72857142857,29856.204761904763,0.98082555384914,0.3171526799787075,31.10657615259676,54.71331389698737,1
2023-08-01,29232.3,29712.2,28611.0,29712.2,64010.00000000001,1.64,1.6413294837235304,3.7062216867145503,29352.81428571429,29812.819047619047,0.9845702360058601,0.6928543236638256,47.0360429447853,101.03643216080403,0
2023-08-02,29711.8,30025.9,28961.6,29173.7,67410.0,-1.81,-1.8123868309987134,3.64814884639248,29327.314285714285,29755.028571428575,0.9856254789106473,1.0271980736451536,38.1428019074623,5.31167005155444,1
2023-08-03,29180.9,29409.8,28981.0,29189.3,36080.0,0.05,0.05347281969718676,1.4690314601583432,29322.54285714286,29646.609523809522,0.9890690142356279,1.015362205157616,39.84055804683606,-46.47678385996144,0
2023-08-04,29189.1,29319.1,28875.8,29105.5,31430.0,-0.29,-0.28709150270818107,1.5230798302726265,29292.614285714288,29588.9,0.989986592462521,1.0084746011560612,36.672013902813994,-12.888026607538805,0
2023-08-05,29105.6,29139.3,28983.0,29068.1,14550.0,-0.13,-0.12849805019670146,0.5377028426350511,29251.84285714286,29530.647619047624,0.9905587996070586,1.0033938480430025,37.6380599574672,-53.706649697741014,1
2023-08-06,29067.9,29198.9,28987.4,29081.3,16030.000000000002,0.05,0.04541060475229397,0.7272714768597003,29223.214285714286,29475.685714285715,0.9914345867635213,1.0041089993641776,30.91275269797839,10.171821305841933,1
2023-08-07,29081.3,29270.2,28721.0,29204.2,41190.0,0.42,0.42260834281824255,1.8805514275343982,29219.18571428571,29431.13809523809,0.9927983627317942,1.0214821421292344,50.70666594465809,156.95570804741106,1
2023-08-08,29204.2,30168.6,29137.7,29777.4,62570.0,1.96,1.9627313879510444,3.4620215331089943,29228.5,29426.880952380954,0.9932585124226391,1.1113154921964694,61.58099096817765,51.905802379218244,0
2023-08-09,29771.3,30104.0,29384.2,29578.0,49670.0,-0.67,-0.6696353610456285,2.433565487862598,29286.257142857146,29411.08571428571,0.9957557305894379,0.8469139207406541,54.61720922623914,-20.61690906185073,0
2023-08-10,29578.0,29719.4,29377.5,29449.0,32000.0,-0.44,-0.4361349651768154,1.1609901864239922,29323.35714285714,29394.323809523805,0.9975857016774214,0.8805671816502229,54.62837976029776,-35.574793638010874,0
2023-08-11,29448.9,29544.9,29271.2,29420.8,27710.0,-0.1,-0.0957587693979467,0.9302942136175791,29368.399999999998,29371.35714285714,0.9998993188213006,0.8683506055890537,52.222128875073494,-13.406249999999996,1
2023-08-12,29420.8,29480.8,29375.4,29428.2,11070.0,0.02,0.02515227322166247,0.3581598602700737,29419.84285714286,29354.18095238095,1.002236884240389,0.8618413477226552,51.58969993615664,-60.05052327679539,0
2023-08-13,29428.2,29468.5,29272.3,29300.1,13490.0,-0.44,-0.43529675617265395,0.6696222879785418,29451.100000000002,29316.761904761905,1.0045822964921742,0.8928712774340992,50.382409177820215,21.860885275519415,1
2023-08-14,29300.1,29689.0,29116.0,29426.7,39300.0,0.43,0.43208043658555795,1.9472112061495173,29482.885714285712,29328.6,1.0052605891275312,0.8934300757059775,53.91244814949053,191.32690882134912,0
2023-08-15,29426.7,29472.0,29118.6,29195.3,33810.0,-0.79,-0.7863606860436301,1.2104688083355932,29399.728571428568,29327.01428571429,1.0024794302279076,0.42638564192548245,38.43468922002956,-13.969465648854962,0
2023-08-16,29195.3,29251.1,28717.6,28726.3,43710.0,-1.61,-1.6064229516394746,1.8571831387961555,29278.057142857142,29297.209523809524,0.9993462728613516,0.6546563447260063,39.66839091077039,29.281277728482703,0
2023-08-17,28726.1,28771.8,25489.4,26635.7,132920.0,-7.28,-7.277651490097914,12.323310444253382,28876.15714285714,29174.019047619044,0.9897901655484724,2.67658931177599,19.888212820150088,204.09517272935256,0
2023-08-18,26635.7,26801.9,25691.0,26053.2,93050.0,-2.19,-2.1869145545264423,4.263967574040814,28395.071428571428,29018.695238095235,0.9785095847898383,2.6239782495560497,17.795268944269864,-29.99548600662052,1
2023-08-19,26053.3,26262.2,25799.5,26099.4,33040.0,0.18,0.17732946432684749,1.7728376897553226,27919.528571428567,28863.738095238095,0.9672873443940616,2.6411383355910734,18.735387661394057,-64.4922084900591,1
2023-08-20,26099.5,26269.1,25998.5,26190.8,24000.0,0.35,0.3501996214472225,1.0331872260488362,27475.342857142856,28716.55238095238,0.9567772096265701,2.7178644570346635,20.052218239084993,-27.360774818401936,0
2023-08-21,26190.8,26220.9,25850.8,26126.0,41100.0,-0.25,-0.24741512286756695,1.416596493914117,27003.81428571429,28568.62857142857,0.945226132160952,2.6461790132759586,17.718864046310713,71.24999999999999,0
2023-08-22,26126.8,26138.8,25481.9,26039.9,47720.0,-0.33,-0.32955676337746986,2.5226671377386154,26553.04285714286,28393.757142857143,0.9351718662502775,2.6765967945791687,6.344756698670835,16.10705596107056,1
2023-08-23,26042.0,26807.7,25812.6,26436.2,60960.0,1.52,1.5218952453734502,3.764156724491425,26225.885714285716,28263.4,0.9279097955053431,2.9229562394085393,14.916473110594993,27.74518021793797,0
2023-08-24,26436.2,26560.5,25943.6,26177.0,41040.0,-0.98,-0.9804737443354195,2.3566489666501185,26160.35714285714,28119.957142857147,0.9303128383146284,1.1527933833865986,14.494986761578218,-32.677165354330704,0
2023-08-25,26176.1,26265.7,25811.6,26057.2,39960.0,-0.46,-0.4576536654314789,1.7427045116129216,26160.928571428572,27974.800000000003,0.9351605220208391,0.7969399685006409,14.212452653530264,-2.631578947368418,0
2023-08-26,26057.2,26114.1,25993.5,26017.1,12090.0,-0.15,-0.15389220637674894,0.4635412863078458,26149.17142857143,27829.514285714282,0.9396201155402334,0.7948262652965432,13.957862259884607,-69.74474474474475,1
2023-08-27,26017.1,26176.8,25968.7,26100.6,14290.0,0.32,0.3209427645663787,0.7972996789345783,26136.285714285714,27687.57619047619,0.9439716042488371,0.7924911319716498,15.872,18.19685690653432,1
2023-08-28,26100.6,26215.7,25891.0,26118.9,28840.0,0.07,0.07011333072803883,1.2431610825877075,26135.27142857143,27540.65714285714,0.948970509055184,0.788156156283109,13.882337526205461,101.81945416375089,1
2023-08-29,26118.1,28046.0,25919.8,27723.9,98320.0,6.14,6.14497547752777,7.669195170953584,26375.842857142856,27442.87142857143,0.9611181878614325,2.429221487483225,37.64111006585138,240.9153952843273,0
2023-08-30,27723.9,27757.3,27043.2,27298.8,46540.0,-1.53,-1.5333340547325713,2.6158658988673444,26499.071428571428,27334.3380952381,0.9694425866923705,2.57398516744635,37.92076359390072,-52.664768104149715,0
2023-08-31,27300.6,27464.5,25731.0,25937.3,69110.0,-4.99,-4.98739871349656,6.683425028819499,26464.82857142857,27167.114285714288,0.9741494180463984,3.298389644269689,43.25842696629212,48.49591749033091,0
2023-09-01,25938.3,26144.9,25361.9,25803.2,58080.0,-0.52,-0.5170160348224262,3.034507347925839,26428.54285714286,26994.84761904762,0.9790217463014989,3.299583004170059,47.35807583379127,-15.96006366661843,1
2023-09-02,25803.5,25977.4,25752.7,25869.7,21240.0,0.26,0.25771997271655245,0.8685837099000017,26407.485714285714,26825.39523809524,0.9844211233385279,3.3019974566014407,47.582970305364384,-63.4297520661157,1
2023-09-03,25869.7,26090.4,25816.6,25971.0,21360.0,0.39,0.39157779177956265,1.0542528204535941,26388.971428571425,26666.866666666665,0.989579006728878,3.3033736186478166,47.69195228494625,0.5649717514124353,0
2023-09-04,25971.0,26094.2,25660.9,25823.3,27130.0,-0.57,-0.5687112548611983,1.677942013607863,26346.742857142857,26495.276190476194,0.9943939692394402,3.309134789915069,46.875838579832795,27.013108614232205,0
2023-09-05,25824.4,25864.0,25596.3,25790.2,28400.0,-0.13,-0.12817881525598596,1.0379911749424229,26070.5,26333.12857142857,0.9900266855601229,1.8654962352146347,47.39434415110091,4.681164762255796,0
2023-09-06,25790.1,26018.4,25411.7,25758.0,37780.0,-0.13,-0.1248536265713307,2.3553847348396646,25850.385714285712,26191.780952380952,0.9869655584430884,1.8758479842725022,42.340877264308624,33.0281690140845,1
2023-09-07,25758.0,26417.7,25626.5,26249.8,39770.0,1.91,1.9093097290162175,3.0141182028053577,25895.028571428575,26173.404761904763,0.9893641582740751,0.8441363626179954,50.78111587982831,5.267337215457912,0
2023-09-08,26248.5,26415.4,25701.6,25909.5,41010.0,-1.3,-1.2963908296444115,2.754974044269488,25910.214285714286,26166.561904761907,0.9902032364824753,0.9894088866981777,48.48683536522896,3.117928086497357,0
2023-09-09,25909.5,25938.5,25814.3,25901.1,13480.0,-0.03,-0.032420540728306246,0.47951631397894584,25914.7,26157.119047619046,0.9907321961880542,0.9859597068856601,48.80382775119617,-67.12996830041453,0
2023-09-10,25901.1,25995.1,25626.7,25840.2,23600.0,-0.24,-0.23512514912493732,1.4256855597092817,25896.014285714286,26140.42380952381,0.9906501315514067,0.9751461492177678,47.302225353280036,75.07418397626114,0
2023-09-11,25840.2,25897.4,24923.1,25166.4,56320.0,-2.61,-2.607564956927577,3.871431750270213,25802.171428571426,26094.728571428568,0.9887886497053866,1.372957654024796,41.31200175128153,138.6440677966102,1
2023-09-12,25166.4,26472.6,25133.5,25834.5,78710.0,2.65,2.654730116345605,5.183378815150278,25808.5,26084.94761904762,0.9894020251416662,1.7904732488513,29.21360675937332,39.75497159090908,1
2023-09-13,25836.1,26382.3,25766.9,26223.0,42580.0,1.5,1.503803054055619,2.3467947984593596,25874.928571428572,26074.795238095237,0.9923348710951847,1.8698087361683453,38.06840867752095,-45.90268072671834,1
2023-09-14,26223.0,26760.3,26148.6,26524.7,53820.0,1.15,1.1505167219616474,2.3061523787262463,25914.2,26091.352380952383,0.9932103028480153,1.778773171459001,58.516993388238056,26.39736965711601,1
2023-09-15,26523.3,26837.4,26233.1,26601.0,36470.0,0.29,0.28765641081709425,2.27171910830421,26012.985714285714,26117.247619047615,0.9960079290787953,1.658966836297412,61.764879372382474,-32.23708658491267,0
2023-09-16,26599.9,26769.0,26463.5,26562.0,18450.0,-0.15,-0.14661102966053718,1.1501392967397033,26107.4,26143.195238095235,0.9986308009495689,1.664351780100186,60.29258719633672,-49.41047436248972,0
2023-09-17,26562.0,26614.4,26408.7,26529.1,16570.0,-0.12,-0.12386115503351114,0.7753749656038115,26205.81428571429,26163.6,1.001613473899398,1.6581014068010993,58.46966339879199,-10.189701897018965,1
2023-09-18,26530.3,27413.3,26405.2,26763.5,63350.0,0.88,0.8835580551168398,3.7666971808619896,26433.971428571433,26194.29523809524,1.009149938499877,1.00201242217052,63.902525581120265,282.3174411587206,1
2023-09-19,26759.0,27480.7,26672.2,27209.2,52170.0,1.67,1.6653277785042997,2.9714214309865783,26630.35714285714,26169.785714285714,1.0175993580383047,0.7489410729621284,68.70057986294148,-17.64798737174428,0
2023-09-20,27209.2,27378.6,26851.8,27125.0,47230.0,-0.31,-0.30945415521220765,1.9421198156682,26759.214285714286,26161.50952380952,1.022846723021116,0.7565998460636334,67.77171086843472,-9.469043511596698,0
2023-09-21,27125.2,27155.6,26382.3,26570.0,47810.0,-2.05,-2.0460829493087584,2.910425291682346,26765.68571428571,26191.638095238097,1.0219172094910698,1.15104730056216,54.09546710324364,1.2280330298539033,1
2023-09-22,26569.5,26736.4,26488.5,26581.9,28790.0,0.04,0.044787354158826176,0.9325894687738704,26762.957142857143,26228.719047619048,1.0203684401921485,1.145636771138528,59.388963360142995,-39.78247228613261,0
2023-09-23,26581.7,26636.2,26517.5,26579.2,12920.0,-0.01,-0.010157287477574606,0.44658981459186403,26765.414285714283,26262.504761904765,1.0191493358447294,1.1439777663277595,59.48365080697046,-55.123306703716565,0
2023-09-24,26579.0,26727.6,26162.2,26251.5,22320.0,-1.23,-1.2329189742354973,2.153781688665401,26725.757142857143,26275.86190476191,1.0171219973573427,1.239229257910352,55.352820219162375,72.75541795665634,1
2023-09-25,26251.6,26423.6,26013.6,26302.7,38200.0,0.2,0.19503647410623604,1.5587753348515552,26659.928571428572,26298.690476190477,1.013735972730853,1.1694787932639807,67.64824651321712,71.14695340501794,0
2023-09-26,26303.1,26396.2,26093.4,26218.9,26410.0,-0.32,-0.3185984708794165,1.154892081666276,26518.457142857143,26319.104761904764,1.007574436241499,0.817728211996985,57.29411764705883,-30.863874345549736,1
2023-09-27,26218.9,26836.9,26109.1,26366.1,50800.0,0.56,0.5614270621574491,2.7603627385165153,26410.04285714286,26348.061904761907,1.002352391329768,0.9163502593212514,52.9890963779922,92.35138205225293,1
2023-09-28,26368.2,27283.6,26339.4,27022.6,64560.0,2.49,2.4899397332180273,3.4941123356005606,26474.700000000004,26384.861904761903,1.0034049105719174,1.1364729663504964,59.05766781881021,27.08661417322835,0
2023-09-29,27022.6,27229.5,26728.8,26909.8,42240.0,-0.42,-0.41742837476778094,1.8606604285427641,26521.542857142857,26432.495238095238,1.003368869198519,1.1632961486713047,55.54398563734289,-34.572490706319705,1
2023-09-30,26908.1,27085.7,26887.5,26962.7,17550.0,0.2,0.19658265761917093,0.7350895867253677,26576.32857142857,26483.04761904762,1.0035222891912885,1.1602532512785815,57.15816928078889,-58.45170454545454,1
2023-10-01,26962.5,28038.4,26955.7,27974.5,35110.0,3.75,3.7525915431318113,3.870310461312984,26822.471428571425,26584.68095238095,1.0089446428421094,1.580535307994252,69.13018158716713,100.05698005698007,0
2023-10-02,27974.6,28556.6,27325.2,27505.3,84300.0,-1.68,-1.6772417737582423,4.476955350423365,26994.27142857143,26696.057142857146,1.0111707239806411,1.8582396285290494,59.2433833424712,140.10253489034463,0
2023-10-03,27501.6,27670.8,27194.1,27428.4,44060.0,-0.28,-0.27958248046738854,1.73797961237258,27167.057142857142,26771.957142857147,1.014757979698373,1.8548870018337984,53.00784894889951,-47.73428232502965,1
2023-10-04,27428.7,27832.7,27242.5,27790.9,40930.0,1.32,1.3216228434761002,2.1237167562043715,27370.6,26846.619047619046,1.0195175769228724,1.8702825219245938,58.48907473037406,-7.103949160236045,0
2023-10-05,27783.5,28089.1,27371.7,27410.3,46260.0,-1.37,-1.36951304203895,2.617264313050196,27425.985714285714,26888.790476190476,1.0199784084215657,1.847307765911663,61.21087600394908,13.022233080869782,1
2023-10-06,27410.3,28223.6,27195.7,27936.9,52510.0,1.92,1.9211756164653426,3.6793631362105237,27572.714285714286,26952.404761904763,1.0230149973365747,1.923119393048332,65.89480105105105,13.51059230436662,1
2023-10-07,27935.5,28021.3,27859.0,27961.1,17290.0,0.09,0.0866237843139217,0.5804492670173894,27715.342857142856,27019.02857142857,1.0257712553903808,1.9269538496985004,66.12899460771725,-67.07293848790707,0
2023-10-08,27961.1,28097.5,27714.4,27922.7,24110.0,-0.14,-0.13733365282481147,1.3720019912114463,27707.942857142858,27085.390476190474,1.0229848036157958,1.3056457234966006,70.91823962349176,39.44476576055524,0
2023-10-09,27922.7,27986.4,27279.5,27581.4,44810.0,-1.22,-1.2223030007843083,2.5629590956224173,27718.81428571429,27124.338095238094,1.0219167077326972,1.2177186410067222,64.92169813522537,85.85649108253837,0
2023-10-10,27581.5,27728.1,27300.1,27391.0,34320.0,-0.69,-0.6903202883102422,1.5625570442846188,27713.471428571433,27132.995238095238,1.02139373797041,1.2455882967247116,63.3457062828775,-23.40995313546084,0
2023-10-11,27391.9,27475.9,26558.4,26876.6,55780.0,-1.88,-1.8779891205140453,3.413750251147839,27582.85714285714,27121.166666666668,1.0170232527923628,1.2612345578015447,55.36408532100452,62.529137529137536,0
2023-10-12,26878.2,26942.8,26565.3,26761.1,32750.0,-0.43,-0.4297418572289602,1.4106296079010205,27490.114285714284,27130.26666666667,1.0132636963531854,1.197950622710484,46.89982216953171,-41.28719971315884,1
2023-10-13,26761.1,27114.8,26682.9,26863.5,33660.0,0.38,0.3826449585405678,1.6077577381949406,27336.77142857143,27143.676190476195,1.0071138204250676,0.7847395902400067,49.449739725701804,2.778625954198466,0
2023-10-14,26863.5,26975.7,26805.1,26852.8,13560.0,-0.04,-0.039830997450074346,0.6353154978251884,27178.442857142854,27156.70476190476,1.0008004688134544,0.7687877287431467,48.680640591610825,-59.71479500891266,1
2023-10-15,26852.8,27286.9,26812.6,27161.2,21950.0,1.15,1.1484835845796404,1.7462409613713787,27069.657142857144,27200.02380952381,0.9952071120385925,1.0070701542829974,38.25220280225338,61.87315634218289,1
2023-10-16,27161.2,29969.5,27119.7,28509.7,119180.0,4.96,4.964802733310747,9.995896133596633,27202.27142857143,27305.119047619046,0.9962333942266189,2.183118842136737,61.56929598230741,442.9612756264237,0
2023-10-17,28508.3,28608.5,28096.9,28403.6,53420.0,-0.37,-0.37215403880083153,1.8011801320959264,27346.928571428572,27409.15238095238,0.9977298163526193,2.157513603543889,61.15789473684205,-55.17704312804162,0
2023-10-18,28405.2,28876.0,28169.0,28321.7,45010.0,-0.29,-0.2883437310763348,2.496319076891571,27553.37142857143,27502.276190476194,1.0018578548823145,1.9325887021121835,56.48994962586197,-15.743167353051291,1
2023-10-19,28321.8,28883.8,28170.2,28723.0,50100.0,1.42,1.4169347179018077,2.484420151098418,27833.64285714286,27583.247619047623,1.0090778011912682,1.8669985502921973,65.9691978297365,11.308598089313481,1
2023-10-20,28724.0,30165.9,28586.1,29674.5,82680.0,3.31,3.3126762524805953,5.323762826669372,28235.214285714286,27714.9,1.0187738106835775,2.019780487957049,69.15766262403527,65.02994011976048,1
2023-10-21,29674.7,30264.8,29469.1,29912.9,34680.0,0.8,0.8033833762995268,2.660056363642444,28672.37142857143,27855.385714285712,1.0293295423249775,1.9397514200078245,70.54872399562032,-58.055152394775035,1
2023-10-22,29912.7,30193.4,29713.6,29984.2,29070.0,0.24,0.2383587014298083,1.6001760927421873,29075.657142857144,27951.085714285717,1.0402335508561895,2.0021645294708255,71.55433805232008,-16.176470588235293,1
2023-10-23,29984.2,34375.6,29891.4,33041.8,133460.0,10.2,10.197370615190682,13.57129454206489,29723.100000000002,28214.728571428575,1.0534604266971,3.750874980684734,86.41043422596817,359.0987272101823,1
2023-10-24,33037.3,35191.4,32866.5,33917.0,159080.0,2.65,2.6487661083839154,6.854674646932221,30510.728571428575,28523.70952380952,1.0696620138401156,3.577133327436997,89.87437677192294,19.19676307507867,1
2023-10-25,33917.0,35123.9,33713.4,34496.8,75810.0,1.71,1.7094672288233026,4.0887850467289715,31392.885714285716,28843.0380952381,1.0884042662436655,3.3808756464595247,96.19086875348543,-52.3447322102087,0
2023-10-26,34497.6,34826.0,33749.9,34153.7,56620.0,-0.99,-0.9945850049859817,3.1507567262112115,32168.700000000004,29164.15238095238,1.1030219421363998,3.6682881733665833,93.60798471012947,-25.313283208020053,0
2023-10-27,34153.7,34245.8,33423.6,33901.8,47330.0,-0.74,-0.7375482012197621,2.4252399577603674,32772.6,29448.195238095235,1.1128899321342516,3.8448358721659397,90.79842795367333,-16.407629812787007,1
2023-10-28,33901.6,34387.8,33867.3,34082.6,22000.0,0.53,0.5333050162528163,1.5271722227764315,33368.27142857143,29739.695238095235,1.1220112096450858,3.859945140316646,91.09802405693627,-53.517853369955624,1
2023-10-29,34082.6,34737.9,33937.6,34526.7,27720.0,1.3,1.303010920528358,2.3179162792853156,34017.2,30054.171428571433,1.1318628457566144,3.802163876514166,91.2332754856407,26.0,0
2023-10-30,34526.7,34853.3,34089.5,34477.9,45200.0,-0.14,-0.1413398905774299,2.2153321402985764,34222.357142857145,30382.576190476197,1.1263810194470796,1.342029547004383,89.10086742315055,63.05916305916306,1
2023-10-31,34478.9,34704.6,34053.9,34650.6,43400.0,0.5,0.5009005768912722,1.877889560353925,34327.15714285714,30728.271428571432,1.1171196929398193,1.0028204281519986,90.57336589421185,-3.9823008849557473,1
2023-11-01,34648.3,35557.5,34138.7,35423.8,71660.0,2.23,2.2314187921709916,4.005216831621686,34459.58571428571,31135.280952380952,1.106769704984806,1.134888882560748,92.32630487383344,65.1152073732719,0
2023-11-02,35423.8,35907.6,34357.4,34931.4,63660.0,-1.39,-1.3900259147804572,4.437841025552933,34570.68571428572,31524.342857142856,1.0966346188704967,1.22154124778901,86.60267899254791,-11.163829193413344,0
2023-11-03,34931.4,34940.6,34124.2,34718.7,54540.0,-0.61,-0.6089077448942937,2.351470533170889,34687.385714285716,31898.399999999994,1.0874334046311327,1.2036666514591376,82.57685352622059,-14.326107445805846,1
2023-11-04,34718.6,35242.2,34601.1,35065.8,23800.0,1.0,0.9997494145806307,1.8282771247198082,34827.84285714286,32289.495238095238,1.0786121802255018,1.2283631562975688,82.81809265415822,-56.362302896956365,0
2023-11-05,35065.8,35360.2,34550.0,35019.4,31020.0,-0.13,-0.13232266196693265,2.3135747614179487,34898.228571428575,32663.695238095235,1.0684103043775413,1.1737236138773408,82.170512918807,30.336134453781515,1
2023-11-06,35020.3,35275.6,34742.9,35042.0,29810.0,0.06,0.06453565737847278,1.5201757890531278,34978.81428571429,32974.75714285715,1.0607754936351745,1.16605082535769,70.87542790348164,-3.900709219858156,1
2023-11-07,35042.1,35877.9,34536.9,35426.1,53490.0,1.1,1.0961132355459036,3.7853447034813317,35089.6,33309.1619047619,1.053451903122893,1.209324086454568,67.54889876037859,79.43643072794364,1
2023-11-08,35426.2,36050.2,35148.8,35636.9,46330.0,0.6,0.5950415089439831,2.5294007054485497,35120.04285714286,33657.50476190476,1.0434535508673082,0.8966599574520187,64.50250591497695,-13.385679566274067,1
2023-11-09,35636.9,37942.0,35578.1,36700.5,115560.0,2.98,2.984546916258135,6.441056661353392,35372.771428571425,34037.385714285716,1.039232910702811,1.1751133615184748,77.37788097695224,149.42801640405781,1
2023-11-10,36700.5,37496.1,36347.2,37303.0,59560.0,1.64,1.6416670072614714,3.0799131437149865,35741.95714285714,34400.64761904762,1.038990821878215,1.0544951002943619,83.99976008636885,-48.45967462789893,0
2023-11-11,37306.3,37401.3,36767.6,37150.5,29530.0,-0.41,-0.40881430447953226,1.7057643907888305,36039.771428571425,34745.29523809524,1.037256157462634,1.1883759019013733,80.84246506484364,-50.41974479516453,0
2023-11-12,37149.0,37215.3,36761.9,37064.4,21450.0,-0.23,-0.23176000323009704,1.2232762435112978,36331.91428571429,35082.44761904762,1.0356151509220322,1.202369513682684,77.49106272343192,-27.362004740941416,0
2023-11-13,37067.8,37404.6,36358.4,36478.3,44550.0,-1.58,-1.5813017342787061,2.8680064586343033,36537.1,35246.090476190475,1.0366284460593334,1.4990738853787124,69.41080577550068,107.69230769230771,0
2023-11-14,36478.3,36744.5,34984.3,35549.3,63560.0,-2.55,-2.5467195565582856,4.951433642856531,36554.700000000004,35323.81904761904,1.034845636331724,1.876811622758512,57.60437291634938,42.67115600448934,1
2023-11-15,35549.3,37954.1,35379.6,37874.9,75510.0,6.54,6.541900965701153,6.797377682845367,36874.41428571429,35484.68095238096,1.0391643181235952,3.102570091049552,66.42498157206992,18.80113278791693,0
2023-11-16,37873.9,37907.6,35561.6,36161.2,66920.0,-4.52,-4.524632408270401,6.487616561397299,36797.37142857143,35580.276190476194,1.0342070205295657,3.5354176618561657,57.08181692541573,-11.375976691828892,1
2023-11-17,36161.8,36690.6,35875.2,36595.4,51370.0,1.2,1.200734488899724,2.2281488930302755,36696.28571428572,35708.54285714286,1.027661247928667,3.501766000777908,60.53816695304517,-23.23670053795577,0
2023-11-18,36617.5,36845.2,36220.6,36568.6,20880.0,-0.07,-0.07323324789455521,1.7080227298830106,36613.15714285714,35826.92380952381,1.021945320717832,3.5010714596575236,58.7534948741845,-59.35370839011096,1
2023-11-19,36568.6,37504.6,36393.3,37354.2,26140.0,2.15,2.1482911568941665,2.97503359729293,36654.55714285715,35961.566666666666,1.019270308288121,3.6084031827867618,62.52145186202159,25.191570881226056,1
2023-11-20,37356.6,37735.6,36857.6,37454.1,51800.0,0.27,0.2674398059655969,2.3442026373614637,36793.95714285714,36103.29047619047,1.0191302969218874,3.525875746114462,62.829636721450974,98.1637337413925,0
2023-11-21,37452.7,37631.2,35799.2,35813.6,71070.0,-4.38,-4.380027820719223,5.115375164741886,36831.71428571428,36158.671428571426,1.0186135947630819,3.8381449943325046,51.81807092118721,37.20077220077221,1
2023-11-22,35797.5,37862.5,35695.6,37410.8,64810.0,4.46,4.459758304107941,5.792177659927083,36765.41428571429,36253.29047619048,1.0141262710997268,3.305652925835591,57.36467579484029,-8.808217250598005,0
2023-11-23,37410.8,37642.5,36915.3,37293.1,32350.0,-0.31,-0.3146150309536355,1.9499585714247332,36927.114285714284,36365.752380952385,1.0154365541205173,2.7001012615956506,52.669994773550556,-50.08486344699892,1
2023-11-24,37295.0,38400.8,37257.4,37717.3,65830.0,1.14,1.137475833331103,3.031500133890818,37087.38571428571,36508.54285714286,1.0158549975387363,2.6973626619475515,51.89713437920709,103.49304482225659,1
2023-11-25,37718.6,37887.4,37599.9,37787.0,16090.0,0.18,0.18479583639336994,0.7608436763966444,37261.44285714286,36638.12380952381,1.0170128539021155,2.6905585139601516,52.93688805219493,-75.55825611423363,0
2023-11-26,37786.4,37819.1,37166.3,37451.8,29200.0,-0.89,-0.887077566358796,1.7430403879119178,37275.385714285716,36753.95238095238,1.0141871363364874,2.6245077713808374,51.74734335251774,81.47917961466749,0
2023-11-27,37451.8,37563.3,36751.5,37248.6,45240.0,-0.54,-0.5425640423157296,2.179410769800752,37246.02857142857,36859.02857142857,1.0104994628181814,2.632034053771323,53.598691894417165,54.93150684931507,1
2023-11-28,37244.3,38379.4,36881.1,37823.3,57500.0,1.54,1.542876779261504,3.961314850898792,37533.12857142858,36973.18095238096,1.0151446969025684,1.8407011778220106,60.98741810169882,27.0999115826702,1
2023-11-29,37823.3,38362.9,37607.6,37855.5,49340.0,0.09,0.08513270920305072,1.9952186604324418,37596.65714285714,37078.828571428574,1.013965613029846,0.8839491928522617,49.879574911853794,-14.191304347826083,0
2023-11-30,37857.6,38144.4,37509.2,37712.9,33530.0,-0.38,-0.376695592450238,1.684304309665935,37656.62857142858,37127.038095238095,1.0142642802485882,0.8899396100031491,61.96616129679042,-32.04296716659911,1
2023-12-01,37712.9,38950.8,37618.3,38688.2,62500.0,2.59,2.586117747508143,3.4442026250898214,37795.32857142857,37193.0,1.0161946756494116,1.2498558755207911,64.89579774513149,86.40023859230539,1
2023-12-02,38688.2,39673.4,38646.5,39458.4,37090.0,1.99,1.990787888813661,2.6024876832309505,38034.1,37302.9,1.0196016931659468,1.3843297326988435,68.60019052032645,-40.656000000000006,1
2023-12-03,39456.8,40178.9,39280.3,39970.2,35270.0,1.3,1.2970622224925288,2.248174890293265,38393.87142857143,37441.271428571425,1.025442512063655,1.2225174245606363,67.45303159692568,-4.906983014289567,1
2023-12-04,39968.6,42394.4,39968.6,41987.8,104210.0,5.05,5.047760581633343,5.7773924806729635,39070.9,37703.62857142858,1.0362636563210663,1.7876483797526854,74.08442324242198,195.46356677062658,1
2023-12-05,41989.6,44424.1,41424.9,44076.2,96840.0,4.97,4.973825730331183,6.804579342139289,39964.17142857143,38109.671428571426,1.0486621881134788,2.157084527929251,91.89959432048678,-7.0722579406966695,0
2023-12-06,44076.2,44283.7,43466.7,43776.3,72520.0,-0.68,-0.6804125582513754,1.8663066545139722,40810.0,38390.69047619047,1.0630181300153994,2.2986623090081757,87.16993471685333,-25.113589425857086,0
2023-12-07,43774.4,44046.4,42860.5,43289.7,63090.0,-1.11,-1.1115603648549688,2.739450723844244,41606.68571428571,38730.142857142855,1.074271423881731,2.4438736701839106,83.5695732007703,-13.003309431880862,1
2023-12-08,43288.3,44697.6,43108.4,44175.5,58440.0,2.05,2.0462142264788152,3.597469185408195,42390.58571428571,39091.1,1.084405036294341,2.4313250443724863,84.37699612485628,-7.37042320494532,0
2023-12-09,44175.5,44361.2,43617.4,43718.4,31670.0,-1.03,-1.034736448936624,1.701343141560523,42999.15714285714,39431.566666666666,1.0904754940717667,2.676836797622637,80.32227061734454,-45.80766598220397,1
2023-12-10,43716.6,44045.4,43576.8,43791.0,23810.0,0.17,0.1660628019323651,1.0700828937452869,43544.985714285714,39738.08095238095,1.0957999146075188,2.7252072717439346,83.30111367934438,-24.818440164193245,0
2023-12-11,43791.0,43806.3,40277.1,41256.1,105190.0,-5.79,-5.78863236738143,8.554371353569543,43440.45714285714,39919.12857142857,1.0882115591558505,3.2898623599556402,66.9097107943661,341.7891642167157,1
2023-12-12,41256.1,42070.9,40691.5,41487.0,57040.0,0.56,0.5596748117248085,3.3248969556728647,43070.57142857143,40189.29047619047,1.0716927549165847,2.447018280995209,65.92096228891265,-45.77431314763761,1
2023-12-13,41487.0,43417.5,40649.3,42884.5,63110.0,3.37,3.368525080145579,6.455012883442729,42943.17142857143,40449.94285714285,1.0616373817939353,2.9220218130828037,69.53586301199579,10.641654978962123,1
2023-12-14,42886.3,43392.7,41591.2,43025.9,59150.0,0.33,0.3297228602408886,4.187012938718307,42905.485714285714,40722.933333333334,1.053595166219666,2.9024302935940733,70.64102564102564,-6.274758358421806,0
2023-12-15,43025.2,43080.7,41697.9,41929.0,45280.0,-2.55,-2.54939466693318,3.297956068592133,42584.55714285715,40923.490476190476,1.0405895647545775,2.868687838876206,62.47267465131316,-23.44885883347422,1
2023-12-16,41929.0,42690.3,41698.2,42271.7,30110.0,0.82,0.8173340647284588,2.3469602594643835,42377.88571428571,41137.04761904762,1.0301635184597824,2.9183974355958053,61.1957879991404,-33.50265017667845,0
2023-12-17,42271.7,42413.2,41276.9,41368.7,35460.0,-2.14,-2.136180943751964,2.7467626490559187,42031.84285714285,41323.566666666666,1.0171397642461368,2.967709551456582,55.39740492308167,17.76818332779808,1
2023-12-18,41369.1,42728.0,40554.0,42659.7,61580.0,3.12,3.120716870484208,5.096144604861263,42232.357142857145,41581.23809523809,1.015658962489951,2.2904909118639862,52.74722578851388,73.66046249294979,0
2023-12-19,42659.7,43473.3,41842.7,42259.3,55290.0,-0.94,-0.9385907542715843,3.8585589444217145,42342.68571428571,41792.47619047619,1.0131652769580306,2.3532898770499546,41.38150217727478,-10.214355310165635,1
2023-12-20,42259.5,44278.7,42217.2,43662.8,70190.0,3.32,3.3211624423499675,4.721410445505097,42453.87142857142,42069.014285714286,1.0091482329546244,2.3430004378054,49.51263708423864,26.948815337312347,1
2023-12-21,43660.3,44241.8,43310.2,43865.9,48960.0,0.47,0.46515569317588934,2.123745323816463,42573.87142857142,42362.014285714286,1.0050011111706882,2.344031843973202,52.5359129638758,-30.24647385667474,1
2023-12-22,43865.9,44394.6,43419.3,43968.9,44500.0,0.23,0.23480653537257812,2.2181587440213324,42865.28571428572,42613.47619047619,1.0059091523696395,1.989327946164554,49.02344488561165,-9.109477124183007,0
2023-12-23,43968.9,43994.6,43325.7,43710.4,21290.0,-0.59,-0.5879155493996868,1.5302994253083968,43070.81428571429,42815.95238095238,1.0059524987905042,2.0453666188172566,49.96146212690522,-52.15730337078652,0
2023-12-24,43710.4,43935.7,42748.5,42981.5,30860.0,-1.67,-1.667566528789488,2.7621185859032304,43301.21428571428,42959.34761904762,1.0079579110394843,1.950276134124435,46.33235771178992,44.95068107092533,1
2023-12-25,42982.0,43792.7,42745.3,43578.5,32670.0,1.39,1.388969672998841,2.4034787796734496,43432.47142857143,43035.09523809524,1.0092337704442775,1.6601556236545614,62.76352524786213,5.865197666882693,0
2023-12-26,43579.9,43594.9,41796.6,42513.3,56030.0,-2.44,-2.444324609612536,4.229970385738117,43468.75714285715,42960.671428571426,1.0118267638142129,1.926133156379577,55.16658108557104,71.50290786654423,1
2023-12-27,42514.3,43676.7,42115.3,43446.5,50100.0,2.2,2.195077775660792,3.593845303994555,43437.857142857145,42944.96666666666,1.0114772583249683,1.6378621520710799,52.96795454065359,-10.583615920042833,0
2023-12-28,43446.5,43782.6,42309.3,42581.1,49840.0,-1.99,-1.9918750647347938,3.4599857683338278,43254.31428571429,42911.22380952381,1.0079953551945617,1.7650509568707007,47.817853568555094,-0.518962075848306,0
2023-12-29,42581.1,43108.0,41459.0,42072.4,60980.0,-1.19,-1.1946614812675005,3.919434118329356,42983.385714285716,42811.07619047619,1.0040248818563422,1.7606476687079275,50.74659502686493,22.351524879614757,1
2023-12-30,42074.7,42592.2,41527.3,42136.7,35180.0,0.15,0.1528317852083516,2.5272505915270873,42758.57142857143,42735.75714285715,1.000533845361345,1.7846173435813797,49.2761549350148,-42.30895375532961,1
2023-12-31,42141.6,42878.8,41971.4,42272.5,35580.0,0.32,0.3222843744289383,2.146549174995568,42657.28571428572,42663.44761904762,0.9998555694603746,1.7268199403072044,55.28043935498951,1.1370096645821448,1
2024-01-01,42272.5,44187.0,42196.7,44183.4,36300.0,4.52,4.520432905553262,4.504632961700555,42743.700000000004,42802.84285714286,0.9986182493218909,2.4631232639209433,58.30091851077048,2.023608768971341,1
2024-01-02,44182.9,45885.4,44166.0,44943.7,97840.0,1.72,1.7207820131542428,3.8256752336812534,43090.9,42967.44761904762,1.0028731606784493,2.2005209479783363,64.07242760384995,169.53168044077134,0
2024-01-03,44943.7,45492.7,40888.3,42836.1,117650.0,-4.69,-4.689422544205302,10.74887769895017,43003.700000000004,42965.142857142855,1.0008974052055488,2.9073467281387204,45.96412774973391,20.24734260016354,1
2024-01-04,42836.1,44744.5,42632.8,44157.0,68050.0,3.08,3.0836140545007718,4.782254229227522,43228.82857142857,43019.00476190476,1.004877467776977,3.0071758003580222,51.28128383672104,-42.15894602634934,0
2024-01-05,44163.0,44312.1,42629.0,44156.9,68070.0,0.0,-0.00022646466019127232,3.8116353276611323,43526.614285714284,43125.09523809524,1.0093105660498196,2.923789102515763,50.83505081373036,0.029390154298303273,0
2024-01-06,44156.6,44203.2,43424.0,43967.9,24260.0,-0.43,-0.4280191770708597,1.7722019928174806,43788.21428571428,43205.86666666667,1.0134784385541997,2.951016560534613,51.15085856283464,-64.36021742324078,0
2024-01-07,43973.5,44481.2,43627.9,43927.3,29530.0,-0.09,-0.09234009356825501,1.942527767470333,44024.614285714284,43327.70476190476,1.016084616705159,2.962759683449738,54.50423849890468,21.723000824402305,1
2024-01-08,43934.2,47196.7,43251.0,46962.2,103090.0,6.91,6.908915412511107,8.401863626491087,44421.58571428572,43532.58571428571,1.0204214839392889,3.5670585255779472,63.077707951673126,249.10260751777855,0
2024-01-09,46959.2,47880.1,45333.9,46129.0,100090.0,-1.77,-1.7741928614928515,5.51973812569099,44590.91428571429,43716.857142857145,1.0199935951479977,3.680559203951286,64.22954922903763,-2.910078572121444,1
2024-01-10,46112.0,47654.3,44403.6,46629.3,131480.0,1.08,1.084567192005026,6.971367788064595,45132.799999999996,43858.119047619046,1.0290637396236022,2.9080095401745205,62.96773142112128,31.361774403037266,0
2024-01-11,46629.3,48923.7,45651.8,46348.2,131039.99999999999,-0.6,-0.6028398453333139,7.059389577157245,45445.82857142857,43976.32380952381,1.0334158163895115,2.854896708497283,66.11566005287611,-0.33465165804685837,0
2024-01-12,46348.1,46503.2,41857.9,42835.9,136920.0,-7.58,-7.578072071838815,10.844408545168879,45257.11428571429,43922.37142857143,1.030388679247738,4.265353534926076,52.5984766494456,4.487179487179493,1
2024-01-13,42836.7,43248.6,42443.3,42851.3,48180.0,0.04,0.03595115312156061,1.879289543141038,45097.6,43881.461904761905,1.0277141654459356,4.267626250516235,52.44017374200953,-64.81156879929885,0
2024-01-14,42851.3,43069.4,41739.6,41746.1,37140.0,-2.58,-2.5791516243381274,3.185447263337181,44786.0,43822.63333333333,1.0219833130368707,4.351283436400596,48.31409574808798,-22.914072229140725,1
2024-01-15,41747.6,43348.9,41719.2,42510.7,52080.0,1.83,1.8315483362517648,3.833623064310878,44150.07142857143,43771.78571428572,1.008642227135875,3.1359638298300268,44.21831253672529,40.226171243941835,1
2024-01-16,42515.2,43563.7,42093.1,43145.5,63930.0,1.49,1.4932711058627701,3.4084666998875863,43723.857142857145,43801.89047619048,0.9982184939397593,3.304241828153123,43.73012552301256,22.753456221198153,0
2024-01-17,43139.1,43192.3,42211.8,42768.7,50440.0,-0.87,-0.8733239851201224,2.292564422112433,43172.34285714286,43769.614285714284,0.9863541994070903,3.188898236574696,49.732734828537886,-21.101204442358835,0
2024-01-18,42763.5,42908.0,40682.6,41292.7,70350.0,-3.45,-3.4511219653625247,5.389330317465318,42450.12857142857,43708.26190476191,0.9712152055811611,3.283039409935879,38.78003494120319,39.472640761300546,1
2024-01-19,41293.8,42164.6,40305.4,41648.0,72640.0,0.86,0.860442644825854,4.464079907798687,42280.42857142857,43688.05238095239,0.9677801198998396,2.0257985653400654,40.43827889782385,3.2551528073916147,1
2024-01-20,41647.6,41858.0,41449.5,41695.4,22270.0,0.11,0.11381098732232697,0.9797243820661272,42115.299999999996,43667.038095238095,0.9644643153526065,2.0286951810587768,41.24473142804306,-69.3419603524229,0
2024-01-21,41695.4,41878.0,41504.5,41583.2,16110.0,-0.27,-0.2690944324793776,0.8981992727832394,42092.02857142857,43634.21428571428,0.9646565031700223,1.7828210099334065,41.018429824897495,-27.660529860799276,0
2024-01-22,41581.7,41684.9,39468.4,39556.4,85100.0,-4.87,-4.874083764597225,5.6033916129880375,41669.98571428571,43413.880952380954,0.9598309296510934,2.3268367734495476,19.24859235637058,428.24332712600864,1
2024-01-23,39555.0,40159.4,38546.9,39888.8,82670.0,0.84,0.8403191392543308,4.0424881169651625,41204.74285714286,43173.171428571426,0.9544062086176536,2.2209031493561877,22.964143978649346,-2.8554641598119823,1
2024-01-24,39891.3,40535.2,39510.0,40086.0,58640.0,0.49,0.4943743607227935,2.557501372050085,40821.5,43042.21428571428,0.9484061328496444,2.302156156942087,20.88631813125697,-29.06737631547115,0
2024-01-25,40085.1,40285.8,39546.3,39935.7,46300.0,-0.37,-0.37494387067804613,1.851726650590825,40627.642857142855,42841.200000000004,0.9483311125071858,2.008410911359254,21.132289518939047,-21.04365620736699,1
2024-01-26,39942.0,42214.8,39831.2,41811.3,69470.0,4.7,4.696549703648634,5.70085120529619,40650.97142857143,42729.50476190476,0.9513560162956431,2.796861707382896,44.59028511087647,50.04319654427645,1
2024-01-27,41811.5,42191.8,41413.0,42120.9,20460.0,0.74,0.7404696816410761,1.8489633412391542,40711.75714285714,42641.55238095238,0.9547437855719985,2.8077750810364224,46.259806230925214,-70.5484381747517,0
2024-01-28,42121.3,42817.1,41649.0,42030.7,32530.0,-0.21,-0.2141454717254465,2.779159043270749,40775.68571428571,42551.23809523809,0.9582726035614206,2.806389719871726,51.62643441686097,58.99315738025415,1
2024-01-29,42031.4,43305.6,41824.7,43299.8,45230.0,3.02,3.019459585493478,3.4201081760192915,41310.45714285714,42376.8380952381,0.9748357593366367,1.8602459186547837,54.263699925435255,39.04088533661236,0
2024-01-30,43303.3,43817.9,42702.9,42946.2,55130.0,-0.82,-0.8166319474916861,2.5962716142522506,41747.22857142857,42225.27619047619,0.988678638432318,2.028465298478551,48.8893842295904,21.88812734910457,0
2024-01-31,42946.2,43739.7,42315.4,42580.5,56480.0,-0.85,-0.8515305195803013,3.34495837296414,42103.58571428571,42032.47619047619,1.001691775747098,2.152958591533507,48.94994085745533,2.448757482314523,1
2024-02-01,42580.1,43263.1,41890.5,43081.4,47690.0,1.18,1.1763600709244981,3.186061734298325,42552.97142857143,41876.91428571429,1.0161439101803107,2.0801903247430604,61.19855252119254,-15.563031161473084,1
2024-02-02,43083.7,43459.3,42596.3,43194.7,42650.0,0.26,0.262990524913298,1.9979303016342285,42750.6,41894.0,1.020446842029885,1.3530528002699773,59.98605425926161,-10.568253302579155,0
2024-02-03,43194.7,43370.4,42882.0,43005.7,14570.0,-0.44,-0.43755368135443007,1.1356634120593352,42877.0,41901.35238095238,1.0232843945030072,1.387193860642921,58.30786593793982,-65.8382180539273,0
2024-02-04,43006.2,43113.2,42379.4,42581.4,20330.0,-0.99,-0.986613402409442,1.7232876326283204,42955.67142857143,41941.12857142858,1.0241896890164752,1.4640253672287822,56.08807026103929,39.53328757721346,1
2024-02-05,42581.4,43532.2,42272.5,42697.2,39260.0,0.27,0.27194972452759814,2.9503105590062044,42869.58571428571,41950.009523809524,1.0219207623768063,0.7970081318691632,74.97852711945278,93.11362518445647,1
2024-02-06,42697.6,43375.5,42566.8,43087.7,33320.0,0.91,0.9145798787742576,1.876869733125688,42889.799999999996,41947.25714285714,1.0224697136676397,0.8402227116767575,75.20764054152016,-15.129903209373408,1
2024-02-07,43088.4,44367.9,42783.5,44339.8,48570.0,2.91,2.905933711941011,3.5733133663210057,43141.12857142858,42022.07142857143,1.026630223233029,1.2624259299204832,78.74189189189185,45.76830732292918,1
2024-02-08,44346.2,45579.2,44336.4,45293.3,66380.0,2.15,2.150438206757821,2.7438936884704703,43457.114285714284,42212.57619047619,1.029482637819174,1.385889534762403,82.65554905402769,36.66872555075149,1
2024-02-09,45293.3,48118.8,45254.2,47127.5,98110.0,4.05,4.049605570801851,6.078404328682841,44018.94285714285,42473.50476190476,1.036385932922216,1.8397491717816914,82.56757087897275,47.80054233202773,1
2024-02-10,47128.0,48149.0,46875.0,47758.2,31200.0,1.34,1.3382844411437,2.667604725471228,44697.87142857142,42762.20952380953,1.0452657130283256,1.6811434969092633,83.22743401431111,-68.19896035062685,1
2024-02-11,47759.3,48531.6,47590.2,48277.3,36500.0,1.09,1.0869337621602249,1.949984775453477,45511.57142857143,43080.97619047619,1.0564192238204797,1.3067257297175094,85.04679189389351,16.987179487179493,1
2024-02-12,48280.2,50277.3,47729.9,49941.3,81850.0,3.45,3.446754478813019,5.100788325494133,46546.44285714285,43575.49523809523,1.0681793196569414,1.2298615230807382,85.68128337649222,124.24657534246575,0
2024-02-13,49941.0,50326.6,48398.3,49716.0,78510.0,-0.45,-0.45112962618114594,3.8786306219325684,47493.34285714286,44043.45714285714,1.078329130774086,1.5479704124471736,86.87897672797006,-4.080635308491143,1
2024-02-14,49708.6,52010.7,49263.8,51782.4,80350.0,4.16,4.156408399710365,5.304698121369411,48556.57142857143,44600.42857142857,1.0887019022879345,1.7221619256356924,92.29164177183776,2.3436504903833866,1
2024-02-15,51805.2,52819.4,51327.5,51901.3,74720.0,0.23,0.2296146953405076,2.874494473163488,49500.57142857143,45170.219047619044,1.095867420443263,1.8865751067945604,92.01112688266284,-7.0068450528935955,1
2024-02-16,51901.4,52556.7,51612.6,52134.2,52860.0,0.45,0.4487363514979359,1.810903399304101,50215.81428571429,45661.78571428572,1.0997339131659014,1.7107767362655455,92.10112370133847,-29.255888650963602,0
2024-02-17,52134.2,52175.5,50652.3,51646.0,32450.000000000004,-0.94,-0.936429445546294,2.949308755760363,50771.21428571428,46115.36190476191,1.100960985421034,1.9396112727590713,89.57667256021037,-38.61142640938326,1
2024-02-18,51646.0,52350.3,51199.6,52117.5,26890.0,0.91,0.9129458234906851,2.207895620472978,51319.81428571429,46595.68571428572,1.1013855359999607,1.9415203896489641,93.49180432541891,-17.13405238828969,0
2024-02-19,52119.6,52484.8,51694.2,51783.6,36730.0,-0.64,-0.6406677219743862,1.5267381951042527,51583.0,46999.67619047619,1.0975181997201198,1.7261615046082828,90.63249025149356,36.59352919300856,1
2024-02-20,51783.1,52936.8,50801.8,52263.5,68100.0,0.93,0.9267412848855683,4.0850689295588705,51946.92857142857,47443.357142857145,1.0949252266236278,1.6732025062078006,90.70679466931662,85.40702423087394,0
2024-02-21,52263.5,52367.3,50676.9,51858.2,59020.0,-0.78,-0.7754934131851132,3.2596580675765865,51957.75714285714,47885.152380952386,1.085049426793194,0.7990871420251668,86.06362363053776,-13.33333333333333,0
2024-02-22,51850.2,52015.8,50947.3,51320.4,50270.0,-1.04,-1.037058748664621,2.0820180668895802,51874.77142857143,48277.485714285714,1.0745126980219115,0.8836173084383844,80.11111000089927,-14.825482887156893,0
2024-02-23,51320.6,51532.5,50537.6,50740.5,43270.0,-1.13,-1.129960015900111,1.960761127698784,51675.67142857143,48636.80952380953,1.0624806999989231,0.904375257882057,70.63675203911444,-13.92480604734434,1
2024-02-24,50739.6,51689.9,50592.0,51571.6,20990.0,1.64,1.6379420778273701,2.128884890133332,51665.04285714286,49044.70952380953,1.0534274411812194,1.1356149450785606,71.29391793795091,-51.49064016639704,1
2024-02-25,51572.1,51952.0,51299.0,51722.7,23610.0,0.29,0.2929907158203404,1.262501764215712,51608.642857142855,49480.009523809524,1.043020067170946,1.0736618624333356,70.06359041252239,12.482134349690321,1
2024-02-26,51722.7,54899.1,50925.2,54495.1,78050.0,5.36,5.36012234473453,7.292215263390657,51996.0,50041.81428571429,1.0390510564450814,2.2853384721326884,73.4862707074041,230.58026260059296,1
2024-02-27,54491.1,57555.2,54464.0,57056.2,100480.0,4.7,4.699688595855411,5.417816118143159,52680.67142857143,50706.98095238096,1.0389234468138415,2.733879657130892,80.50688256417077,28.737988468930165,1
2024-02-28,57048.7,63915.3,56704.9,62467.6,173640.0,9.48,9.484332990980814,11.542623696124073,54196.299999999996,51570.20952380952,1.0509226256871815,3.9292546942123354,84.7477138806145,72.81050955414013,0
2024-02-29,62467.1,63653.4,60512.5,61169.3,119290.0,-2.08,-2.078357420486776,5.134765315280706,55603.28571428572,52326.20952380952,1.0626278153968913,4.112336091141447,77.99188150868632,-31.300391614835288,1
2024-03-01,61157.3,63147.3,60790.9,62397.7,74960.0,2.01,2.008196922312333,3.7764212462959397,57268.59999999999,53053.3619047619,1.0794527989160239,3.795584258404741,79.24024090756285,-37.161539106379415,0
2024-03-02,62397.7,62446.3,61621.9,61994.5,33800.0,-0.65,-0.6461776635997785,1.3297953850744848,58757.58571428571,53731.28095238095,1.0935452249195268,4.029001217163514,79.62588675831508,-54.90928495197438,1
2024-03-03,61955.6,63227.3,61399.4,63135.8,38010.0,1.84,1.8409697634467648,2.8951878332103202,60388.02857142857,54438.82857142857,1.1092822927332855,3.9136805016730163,80.37838225319962,12.455621301775155,1
2024-03-04,63135.8,68495.1,62746.8,68270.1,130860.00000000001,8.13,8.132153231605521,8.41993786445311,62355.885714285716,55311.62857142857,1.1273558078977968,4.317305987992718,85.94100848030348,244.27782162588798,0
2024-03-05,68273.1,69063.1,60138.2,63792.6,207600.0,-6.56,-6.558508043784917,13.990494195251502,63318.228571428575,55981.94285714285,1.131047358127723,5.628134280949687,71.40321760213268,58.6428243924805,1
2024-03-06,63794.7,67604.9,62848.7,66080.4,117910.0,3.59,3.5863093838470306,7.197595656200624,63834.34285714285,56662.8,1.126565274874218,4.628253982792978,74.6779522203251,-43.203275529865124,1
2024-03-07,66074.6,67985.5,65602.6,66855.3,77470.0,1.17,1.1726623930848001,3.5642649124302697,64646.62857142857,57374.89523809524,1.1267406816719574,4.439079917287109,76.73572507890833,-34.297345432957336,1
2024-03-08,66854.4,69904.0,66170.7,68172.0,112670.0,1.97,1.9694773637991325,5.476295253183129,65471.528571428564,58138.600000000006,1.1261283995732363,4.438164878867236,79.25779217509525,45.43694333290307,1
2024-03-09,68178.5,68576.9,67923.9,68366.5,30710.0,0.29,0.2853077509828106,0.9551461607658721,66381.81428571428,58934.81428571429,1.126359946837147,4.381709309275685,78.80485303348895,-72.74340995828526,1
2024-03-10,68360.7,69905.3,68165.0,68964.8,53490.0,0.88,0.875136214374006,2.523461243996942,67214.52857142857,59737.066666666666,1.1251729005457567,4.3840131000521145,79.1250705234104,74.17779225008141,1
2024-03-11,68964.7,72771.5,67452.8,72099.1,114720.0,4.54,4.5447822657355585,7.376929809109957,67761.52857142857,60704.47142857142,1.1162526742558152,3.598630439339976,79.3772111341032,114.46999439147505,0
2024-03-12,72099.1,72916.7,68845.6,71470.2,105090.0,-0.87,-0.8722716372326578,5.696220242842459,68858.32857142857,61619.07619047618,1.1174839486164074,1.883419311954446,75.7119208842018,-8.394351464435147,1
2024-03-13,71461.9,73623.5,71338.4,73066.3,77180.0,2.23,2.233238468620491,3.1274335774495294,69856.31428571428,62628.985714285714,1.1153990997778527,1.7135415816491237,71.88502756612772,-26.558188219621282,0
2024-03-14,73066.7,73740.9,68717.2,71387.5,109430.0,-2.3,-2.2976392673503376,7.0372264051829765,70503.77142857143,63584.561904761904,1.1088190170150616,2.233183177828482,70.77292132547262,41.785436641617004,0
2024-03-15,71387.1,72398.1,65765.6,69463.7,148590.0,-2.69,-2.6948695499912523,9.54815248827805,70688.3,64476.142857142855,1.096348150921825,2.555310817110443,63.96972764369087,35.785433610527285,0
2024-03-16,69456.5,70037.0,64971.0,65314.2,75820.0,-5.97,-5.973623633638869,7.756353136071483,70252.25714285715,65130.55238095239,1.078637514571466,3.4855042881056457,55.71638650397599,-48.97368598156,1
2024-03-17,65314.2,68857.7,64605.5,68391.2,66070.0,4.71,4.711073549090394,6.217466574647027,70170.31428571428,65924.29047619048,1.0644075769166954,4.016750097133066,58.48400511423072,-12.859403851226592,0
2024-03-18,68389.7,68920.1,66601.4,67594.1,78070.0,-1.17,-1.165500824667487,3.4303289784167723,69526.74285714286,66548.05238095237,1.0447599947649717,3.4708534424217707,48.731002583048,18.16255486605116,0
2024-03-19,67594.1,68099.6,61560.6,62050.0,148080.0,-8.2,-8.202047220097619,10.538275584206296,68181.0,66785.85238095238,1.020889867678705,4.442755245887399,46.854717021998574,89.67593185602665,1
2024-03-20,62046.8,68029.5,60850.9,67854.0,133530.0,9.35,9.353746978243361,10.579479470628112,67436.38571428572,67042.34761904762,1.0058774507342303,6.068090422169083,52.84066884489718,-9.825769854132904,0
2024-03-21,67860.0,68161.7,64616.1,65503.8,75260.0,-3.46,-3.4636130515518615,5.412815745040743,66595.85714285714,67248.75238095238,0.9902913405084944,6.128692150856368,47.93936566310801,-43.63813375271475,0
2024-03-22,65501.5,66633.3,62328.3,63785.5,72430.0,-2.62,-2.623206592594629,6.749182808004954,65784.68571428572,67314.8380952381,0.9772687207716745,6.125569243673981,43.39281034134762,-3.7602976348657946,1
2024-03-23,63785.6,65972.4,63074.9,64037.8,35110.0,0.4,0.39554444191862714,4.52467136597446,65602.34285714285,67412.1380952381,0.9731532734425599,5.733118728382909,43.491205225440346,-51.525610934695564,1
2024-03-24,64036.5,67587.8,63812.9,67211.9,65590.0,4.96,4.956603755906652,5.616416140594153,65433.87142857143,67606.23809523809,0.9678673636062044,5.768401389544953,47.55376306571583,86.81287382512105,1
2024-03-25,67216.4,71118.8,66395.0,69892.0,124720.0,3.99,3.987537921112194,6.758713443598699,65762.14285714286,67683.47142857143,0.9716130314997774,5.9371340803939825,46.88036229692177,90.15093764293339,1
2024-03-26,69896.3,71490.7,69366.4,69999.3,90980.0,0.15,0.15352257769130073,3.0347446331606216,66897.75714285714,67979.02857142857,0.984094044129576,4.541634465502094,47.88983349926979,-27.052597819114823,0
2024-03-27,69999.2,71670.8,68428.6,69442.4,112880.0,-0.8,-0.7955793843652859,4.66890545257652,67124.67142857143,68139.12380952381,0.9851120424766807,3.1407381773058565,44.64134147603767,24.071224444932948,1
2024-03-28,69449.4,71542.5,68956.9,70762.1,72490.0,1.9,1.900423948481067,3.6539333908971128,67875.85714285714,68325.1619047619,0.9934240219945466,2.667355757542632,49.06529484910806,-35.78136073706592,0
2024-03-29,70766.7,70907.0,69090.9,69871.7,58990.0,-1.26,-1.258300700516246,2.599192520004531,68745.31428571428,68406.09999999999,1.0049588309480337,2.380991186355209,50.62922180068474,-18.623258380466268,0
2024-03-30,69872.3,70321.2,69564.9,69611.5,29870.0,-0.37,-0.37239683591496764,1.0864584156353518,69541.55714285714,68465.3857142857,1.01571847463275,2.448194652865556,57.53074650301244,-49.364299033734525,1
2024-03-31,69608.5,71367.5,69576.6,71332.0,42450.0,2.47,2.47157438066985,2.510654404755221,70130.14285714286,68578.10952380951,1.0226316144336771,1.9453604452885227,55.41081574376638,42.11583528624037,0
2024-04-01,71329.3,71329.3,68175.9,69664.4,94050.0,-2.34,-2.337800706555271,4.526558758849583,70097.62857142856,68462.17142857143,1.0238884789765024,1.7105549362926407,53.690940144121896,121.55477031802123,0
2024-04-02,69662.7,69673.0,64628.4,65439.2,152870.0,-6.07,-6.065077715447198,7.7088350713333895,69446.18571428572,68174.98095238095,1.0186462063376693,2.839287075930889,56.340452280108344,62.54120148856992,1
2024-04-03,65443.6,66844.8,64559.0,65963.0,88460.0,0.8,0.8004376581620898,3.4652759880539135,68949.12857142858,67836.72857142857,1.0163981964258302,2.914265480747206,45.59137578916939,-42.133839209786096,1
2024-04-04,65968.4,69238.8,65096.3,68496.5,100300.0,3.84,3.8407895335263786,6.04775426481645,68625.47142857143,67699.06190476191,1.0136842298511135,3.272481759846618,56.91797003222389,13.384580601401774,0
2024-04-05,68498.7,68692.2,66023.3,67830.6,88970.0,-0.97,-0.9721664610600422,3.9346548607855367,68333.8857142857,67621.29523809525,1.0105379595833148,3.261995633759666,59.828939375531526,-11.296111665004982,1
2024-04-06,67830.5,69632.0,67467.2,68890.6,41480.0,1.56,1.5627165320666547,3.1423735603986653,68230.9,67791.59999999999,1.006480153883372,3.3433717921310206,61.34616463722573,-53.37754299201978,1
2024-04-07,68897.3,70285.8,68849.4,69360.4,46990.0,0.68,0.6819508031574495,2.070922313020122,67949.24285714285,67837.75238095237,1.0016434871775288,3.17831107653422,55.75052593825778,13.28351012536162,1
2024-04-08,69358.0,72710.8,69110.5,71630.1,105780.0,3.27,3.2723283026049543,5.026238969371818,68230.05714285714,68029.94285714286,1.0029415618668753,3.3001618969862463,54.75657480638188,125.11172589912749,0
2024-04-09,71627.3,71737.2,68264.6,69148.0,93690.0,-3.47,-3.4651633880170563,5.0219818360617685,68759.88571428572,68367.94285714286,1.0057328455525105,2.4928091702172406,47.93827166473724,-11.429381735677824,1
2024-04-10,69147.8,71086.9,67570.0,70622.1,97710.0,2.13,2.1318042459651743,4.979885899739591,69425.47142857143,68499.75714285715,1.0135141250761472,2.5416228938386207,52.73553623188408,4.290746077489582,0
2024-04-11,70620.4,71249.2,69586.1,70011.6,72510.0,-0.86,-0.8644602751829766,2.375463494620879,69641.91428571429,68714.41428571429,1.0134978957419831,2.2756938907284665,48.20052461720687,-25.79060485108996,0
2024-04-12,70014.9,71226.9,65829.3,67151.9,131840.0,-4.08,-4.084608836250014,8.03789617270694,69544.95714285715,68874.71904761906,1.0097312643086747,2.8140967107070876,44.04143261503947,81.82319680044132,0
2024-04-13,67137.4,67921.0,61065.5,63849.9,149480.0,-4.92,-4.917210086386225,10.736900136100449,68824.85714285714,68865.77142857143,0.9994058835780745,3.2102983604821214,38.86191057979308,13.379854368932032,1
2024-04-14,63909.5,65758.2,62174.7,65697.4,134400.0,2.89,2.8935049232653443,5.454553757074101,68301.57142857143,68793.6523809524,0.9928470006265112,3.5029235649055845,39.16064544426232,-10.088306127910085,0
2024-04-15,65696.6,66805.1,62379.5,63411.9,118790.0,-3.48,-3.4788286903286836,6.979131677177321,67127.54285714285,68485.07619047619,0.980177676526815,3.1303908355036016,38.25128808348962,-11.614583333333329,1
2024-04-16,63416.1,64274.4,61715.6,63805.3,114960.0,0.62,0.6203882867411359,4.010325161075965,66364.3,68190.12380952381,0.9732245124730394,3.123717435812985,46.41334650422567,-3.2241771192861313,0
2024-04-17,63802.3,64451.5,59820.8,61278.9,118920.0,-3.96,-3.959545680374521,7.556760973189788,65029.55714285715,67801.38571428572,0.9591184082415509,2.9148608734657238,40.5486660667229,3.4446764091857984,1
2024-04-18,61278.9,64092.4,60822.3,63481.4,97380.0,3.59,3.5942224811476686,5.151272656242614,64096.67142857143,67454.68571428572,0.9502182205705079,3.6027264441534537,39.7437942500951,-18.11301715438951,1
2024-04-19,63480.5,65441.2,59693.3,63799.1,150340.0,0.5,0.5004615525177503,9.009374740396016,63617.700000000004,67165.5142857143,0.9471780373686666,3.431865419267586,41.63620445709494,54.38488395974532,1
2024-04-20,63817.6,65375.6,63131.7,64961.1,49330.0,1.82,1.8213423073366153,3.454221064606359,63776.44285714285,66944.06666666668,0.9526825308462912,2.9568305320353407,41.88217114478016,-67.18770786217907,0
2024-04-21,64942.1,65680.6,64267.5,64940.2,42020.0,-0.03,-0.03217310051708555,2.1760019217680355,63668.271428571425,66639.69523809524,0.955410603261205,2.7242030901382788,40.69588279868655,-14.818568822217715,1
2024-04-22,64940.1,67208.0,64527.5,66829.3,72300.0,2.91,2.9089839575486387,4.010965250271961,64156.471428571436,66504.69047619047,0.9646909258459037,2.475323043016356,39.73020613175661,72.06092336982391,0
2024-04-23,66829.5,67180.0,65848.3,66415.0,52420.0,-0.62,-0.6199376620733776,2.005119325453583,64529.28571428572,66551.15714285715,0.9696192896506468,2.532313901742968,43.58619330129168,-27.496542185338868,0
2024-04-24,66414.9,67060.5,63606.9,64285.7,77830.0,-3.21,-3.2060528495068907,5.372267860503967,64958.82857142857,66471.28571428571,0.9772464587286884,2.3125844650211818,35.573385304724766,48.473864937046926,1
2024-04-25,64287.1,65247.5,62889.2,64497.1,80770.0,0.33,0.32884451752099864,3.6564434680008917,65103.92857142857,66280.8380952381,0.9822435932068566,1.9316934627604165,37.212279180213045,3.7774637029423186,0
2024-04-26,64497.1,64771.3,63354.9,63766.4,61600.0,-1.13,-1.132919154504619,2.221232498619965,65099.25714285714,66087.30476190476,0.9850493582298855,1.993096016989898,41.289167228434565,-23.73405967562213,0
2024-04-27,63765.8,63916.7,62507.7,63456.8,45340.0,-0.49,-0.48552215586892267,2.2204082147224566,64884.357142857145,65828.55238095239,0.9856567522154953,1.8274608752465986,48.80446220567752,-26.396103896103895,0
2024-04-28,63457.9,64346.1,62827.8,63109.7,36650.0,-0.55,-0.5469862961889116,2.405810834150686,64622.857142857145,65530.90000000001,0.9861432872561973,1.824311565398399,41.339634134097295,-19.166299073665638,1
2024-04-29,63113.7,64193.1,61837.2,63860.1,67260.0,1.19,1.189040670451602,3.6891580188568476,64198.68571428571,65160.90000000001,0.9852332566659715,1.362874258613709,51.67178920983527,83.51978171896317,0
2024-04-30,63852.4,64700.2,59228.7,60666.6,121040.0,-5.0,-5.000775131889867,9.018965954907642,63377.485714285714,64757.02380952381,0.9786967032441783,2.1380260615950974,40.31558355805959,79.9583705025275,0
2024-05-01,60665.0,60827.5,56643.5,58331.2,171550.0,-3.85,-3.849564669851291,7.1728337493485474,62526.84285714286,64171.74285714285,0.9743672226004236,2.2464853496822053,40.79643309874546,41.73000660938533,1
2024-05-02,58334.9,59548.0,56989.8,59121.3,98060.0,1.35,1.3545066791014193,4.3270361105050075,61758.87142857142,63653.15714285715,0.9702405065308172,2.4027680032012086,35.06968462144303,-42.83882250072865,1
2024-05-03,59104.3,63298.4,58830.8,62877.5,100460.0,6.35,6.353378562379364,7.105244324281339,61631.885714285716,63449.614285714284,0.9713516214102844,3.7380228238437567,47.445676274944574,2.447481133999596,1
2024-05-04,62887.1,64466.0,62599.1,63888.3,53030.0,1.61,1.6075702755357746,2.9221312822535603,61693.52857142857,63451.44285714286,0.9722951251136696,3.7892211939227405,47.00147578373062,-47.21282102329285,1
2024-05-05,63897.7,64587.2,62923.9,64006.4,40510.0,0.18,0.1848538777835751,2.598646385361457,61821.62857142858,63370.91904761904,0.9755520276575715,3.776597707515073,47.40409207161127,-23.609277767301528,0
2024-05-06,64005.8,65448.8,62730.7,63163.1,77680.0,-1.32,-1.3175244975502487,4.3033036693892575,61722.057142857135,63359.07142857143,0.9741629059769318,3.7929247762980207,39.17899434481293,91.75512219205135,0
2024-05-07,63163.1,64361.0,62294.1,62317.7,59740.0,-1.34,-1.3384396902621942,3.3167141919550973,61957.92857142857,63288.23333333333,0.9789802196737242,3.2115353557865407,38.20669725351586,-23.09474768280123,0
2024-05-08,62304.9,62997.4,60894.2,61207.5,56470.0,-1.78,-1.7815163268220746,3.4361802066740257,62368.82857142857,63284.833333333336,0.9855256826374181,2.8242374970320143,40.58781081444701,-5.47371945095414,1
2024-05-09,61207.3,63413.3,60671.4,63075.0,64220.0,3.05,3.0510966793285244,4.347047166072138,62933.642857142855,63265.480952380945,0.9947548316990136,2.957111458011547,46.05154289966294,13.724101292721791,0
2024-05-10,63074.3,63454.3,60251.8,60796.9,79330.0,-3.61,-3.6117320650019824,5.267538311986302,62636.41428571429,63122.519047619055,0.9922990278392082,2.243705230859715,42.40758448943275,23.528495795702263,1
2024-05-11,60796.8,61487.5,60499.3,60826.6,27500.0,0.05,0.048851174977659895,1.6246181769160155,62199.02857142857,62925.63809523809,0.9884528858855623,2.07559820076921,43.17745566980358,-65.33467792764402,1
2024-05-12,60826.6,61847.7,60647.1,61480.0,27400.0,1.07,1.0742010896548582,1.952830188679243,61838.114285714284,62760.86666666666,0.9852973288936039,2.1627924142589983,45.838801762834436,-0.363636363636366,1
2024-05-13,61480.5,63443.2,60779.0,62937.2,70550.0,2.37,2.370201691607021,4.233108559008023,61805.84285714286,62575.528571428564,0.9876998927239244,2.383560276260583,47.72560365520062,157.48175182481754,0
2024-05-14,62936.8,63102.6,61156.9,61569.4,68840.0,-2.17,-2.1732774893067908,3.160173722660927,61698.94285714285,62344.78571428572,0.9896407879224632,2.4791000458954366,52.44486329563673,-2.4238128986534324,1
2024-05-15,61569.4,66417.1,61357.5,66225.1,106050.0,7.56,7.561710849870229,7.6400035636035355,62415.74285714286,62437.13809523809,0.9996573315378006,3.6773890402791407,68.99078596001638,54.05287623474724,0
2024-05-16,66219.6,66643.9,64623.3,65231.0,72550.0,-1.5,-1.5010924860815678,3.0976069660130787,62723.74285714286,62472.085714285706,1.0040283134455938,3.695615739274202,64.55556879094698,-31.588873173031583,1
2024-05-17,65231.1,67420.7,65121.7,67036.8,63090.0,2.77,2.7683156781284968,3.4294596400782855,63615.15714285714,62627.81904761904,1.015765168103449,3.262904284020869,60.924195386902426,-13.039283252929012,0
2024-05-18,67036.6,67361.4,66636.1,66917.5,29680.0,-0.18,-0.17796195522459257,1.083871931856373,64485.28571428572,62792.614285714284,1.0269565369721598,3.2802156566276794,58.34692707874084,-52.95609446822,0
2024-05-19,66919.0,67662.5,65937.3,66279.1,36190.0,-0.95,-0.9540105353606942,2.602932146030946,65170.87142857143,62943.538095238095,1.03538621120985,3.4028713387208898,56.08783932197216,21.933962264150942,1
2024-05-20,66278.3,71482.8,66076.5,71422.7,112660.0,7.76,7.760515758361208,7.569442208149514,66383.08571428571,63303.6619047619,1.0486452713297485,4.238255788683191,67.98207801029339,211.30146449295384,0
2024-05-21,71430.5,71872.0,69181.7,70139.9,108560.0,-1.8,-1.7960676367597461,3.8356199538351254,67607.44285714286,63754.771428571425,1.060429538719119,4.179863940201676,66.71153155924729,-3.6392685957749027,0
2024-05-22,70141.0,70593.4,69024.3,69155.4,65080.0,-1.4,-1.4036233299448697,2.268947905731138,68026.05714285714,64270.20952380953,1.058438390770396,3.4911753683326876,67.0717719381903,-40.05158437730287,0
2024-05-23,69166.3,70041.0,66578.1,67975.7,89450.0,-1.71,-1.70586823299409,5.094320470403386,68418.15714285713,64691.84761904762,1.0576009135765099,3.513196668975401,60.84700820270827,37.4462200368777,1
2024-05-24,67971.1,69212.0,66685.8,68547.6,63280.0,0.84,0.8413300635374155,3.685322316171532,68633.98571428572,64961.85238095239,1.0565275342180673,3.392193606842536,68.55663932503029,-29.256567915036335,1
2024-05-25,68548.2,69558.8,68516.1,69284.4,25170.0,1.07,1.0748735185476699,1.5049563826777703,68972.11428571428,65218.80952380953,1.057549421544325,3.3917403448321504,69.58640174146635,-60.224399494311,0
2024-05-26,69287.2,69494.0,68294.5,68514.8,24580.0,-1.11,-1.1107839571389722,1.7507166334864877,69291.5,65433.495238095245,1.0589607012106947,3.4037868246207346,66.2038402004865,-2.344060389352398,1
2024-05-27,68514.6,70638.3,68275.2,69428.7,49070.0,1.33,1.3338723896150873,3.403635672279628,69006.64285714286,65731.85714285714,1.0498203741173555,1.407661976397352,65.33625655006877,99.63384865744507,0
2024-05-28,69428.3,69560.7,67299.9,68366.0,71390.0,-1.53,-1.5306350255729906,3.3069069420472204,68753.22857142857,66019.87142857144,1.041402036746079,1.3666126617484748,66.29192475118415,45.486040350519666,0
2024-05-29,68366.2,68897.6,67143.2,67635.8,52130.0,-1.07,-1.0680747740104635,2.5938925835134774,68536.14285714286,66325.98095238095,1.0333227171769792,1.329165097278549,54.1654609556318,-26.978568426950556,1
2024-05-30,67631.3,69504.7,67138.4,68354.7,66840.0,1.06,1.0628986424349174,3.4617956043988243,68590.28571428571,66577.39523809524,1.0302338424174142,1.2541663709166082,59.37591922248036,28.21791674659504,0
2024-05-31,68352.3,69018.2,66676.8,67530.1,61510.0,-1.21,-1.20635450086094,3.467194628765534,68444.92857142857,66898.02380952382,1.023123325231687,1.287058728346507,51.573334013739974,-7.974266906044281,1
2024-06-01,67533.9,67861.0,67449.6,67760.8,19010.0,0.34,0.3416254381379602,0.6071356890709587,68227.27142857143,67228.22380952381,1.0148605386612355,1.1917150428762628,52.67064851820654,-69.09445618598602,1
2024-06-02,67760.8,68447.5,67330.6,67773.5,30630.0,0.02,0.018742399735538484,1.6479892583384275,68121.37142857142,67527.91428571429,1.008788323305029,1.1407649871573322,54.927914737577986,61.12572330352446,1
2024-06-03,67763.3,70131.0,67616.8,68807.8,69420.0,1.53,1.5261127136712682,3.6539462095866995,68032.67142857143,67807.46666666667,1.0033212383971197,1.1839307180570262,38.17140582450488,126.64054848188049,1
2024-06-04,68808.0,71034.2,68564.3,70549.2,75690.0,2.53,2.5308177270600085,3.500961031450384,68344.55714285714,68235.07619047619,1.0016044673574531,1.360686766371672,51.7777256577976,9.031979256698364,1
2024-06-05,70550.9,71744.4,70397.1,71083.7,67060.0,0.76,0.7576273012309231,1.8953712313793294,68837.11428571428,68466.4380952381,1.0054139838552805,1.1827675623614384,58.71595295564059,-11.401770379178222,0
2024-06-06,71083.6,71616.1,70178.7,70791.5,49790.0,-0.41,-0.41106470259707484,2.0304697597875574,69185.22857142858,68731.22380952381,1.0066055096467212,1.2410615950624755,63.83767101745565,-25.75305696391291,0
2024-06-07,70793.4,71956.5,68620.7,69347.9,82620.0,-2.04,-2.0392278734028935,4.810239387205673,69444.91428571429,68841.27619047619,1.008768548880005,1.4544198946071942,53.622545513801214,65.93693512753565,0
2024-06-08,69347.0,69572.1,69222.4,69310.1,23030.0,-0.05,-0.054507778894508085,0.5045440707775802,69666.24285714286,68955.20952380954,1.010311524513428,1.464254397516214,50.12418938639817,-72.12539336722344,1
2024-06-09,69310.5,69847.8,69136.7,69650.6,20990.0,0.49,0.4912703920496364,1.0209531576181767,69934.4,69115.75714285714,1.01184451839905,1.458251083847384,55.725952813067195,-8.858011289622237,0
2024-06-10,69650.2,70152.5,69259.9,69538.2,39120.0,-0.16,-0.1613769299905643,1.283611022430845,70038.74285714286,69026.01904761905,1.014671624171534,1.3783857736322012,50.60055942521801,86.37446403049071,0
2024-06-11,69537.9,69573.3,66197.8,67319.8,96700.0,-3.19,-3.1901889896488456,5.014126601683309,69577.4,68891.72857142857,1.0099528846610446,1.432736814351958,44.90761472712759,147.1881390593047,1
2024-06-12,67320.9,69990.8,66911.5,68260.1,85550.0,1.4,1.3967658846282927,4.511127291052903,69174.02857142857,68849.09523809524,1.0047195004118739,1.553296610622257,52.97787699264476,-11.530506721820066,0
2024-06-13,68260.6,68384.6,66324.3,66773.1,66360.0,-2.18,-2.1784322027070036,3.0855239609962735,68599.97142857143,68791.82857142857,0.997211047491521,1.6634748558375925,42.970916589632395,-22.431326709526587,0
2024-06-14,66775.2,67347.7,65076.5,66034.8,65180.00000000001,-1.11,-1.105684774257898,3.439398620121507,68126.67142857144,68672.17142857143,0.9920564620478416,1.5849470432249708,43.303087575353125,-1.7781796262808847,1
2024-06-15,66034.1,66446.4,65895.1,66223.0,24050.0,0.29,0.28500124176948916,0.8324902224302559,67685.65714285713,68526.39047619047,0.9877312473706689,1.6124490750219131,43.086426413465674,-63.102178582387246,1
2024-06-16,66223.0,66951.4,66038.1,66674.7,20740.0,0.68,0.6820893043202547,1.3697849409146023,67260.52857142857,68438.76666666666,0.9827840542338125,1.6361515660953416,45.24765150597719,-13.762993762993759,0
2024-06-17,66672.9,67253.8,65115.4,66498.8,66090.0,-0.26,-0.2638182099056974,3.215697125361663,66826.32857142857,68299.24761904762,0.9784343298211052,1.6319200462369663,39.21249836482217,218.65959498553516,0
2024-06-18,66495.7,66571.2,64098.4,65159.9,93720.0,-2.01,-2.0134197910338214,3.7949720610375333,66517.77142857143,68146.57619047619,0.9760985092288116,1.361887198815287,23.837587502548615,41.806627326373125,0
2024-06-19,65159.8,65706.4,64705.6,64980.9,42960.0,-0.27,-0.27470883165873206,1.5401448733396976,66049.31428571428,68020.15238095238,0.9710256736238951,1.1050491212462745,19.31477645260553,-54.16133162612036,0
2024-06-20,64982.1,66474.2,64566.7,64854.3,56240.0,-0.19,-0.194826479780974,2.9412082159548403,65775.2,67853.46666666667,0.9693712529548968,0.8959684544806427,19.64187102448203,30.91247672253259,0
2024-06-21,64854.3,65054.9,63427.9,64128.5,60860.0,-1.12,-1.1191239439790501,2.5370934919731476,65502.87142857142,67691.4857142857,0.9676678054467285,0.8977148287006966,21.197907469539103,8.214793741109538,1
2024-06-22,64131.9,64523.9,63944.0,64261.0,17550.0,0.21,0.20661640300334572,0.9024135945596885,65222.58571428571,67524.82857142857,0.9659052395119001,0.8879768820620209,22.42586423461303,-71.16332566546171,0
2024-06-23,64261.0,64518.9,63195.3,63196.2,19940.0,-1.66,-1.6569925771463323,2.0944297283697417,64725.65714285715,67306.86190476191,0.9616501989714343,0.840644310896001,17.335371161359518,13.61823361823362,0
2024-06-24,63201.6,63357.1,58589.9,60292.7,120600.0,-4.59,-4.594421816501626,7.906761515075618,63839.07142857143,66901.38095238095,0.9542265125141556,1.6341226646562361,13.516798333188618,504.81444332998996,1
2024-06-25,60292.0,62266.0,60262.2,61809.4,77280.0,2.52,2.5155615853992286,3.2419017172145383,63360.42857142857,66485.20000000001,0.9530004959213263,2.154417971962939,26.980917688734422,-35.92039800995025,0
2024-06-26,61809.9,62469.4,60715.1,60849.4,54950.0,-1.55,-1.5531618168110328,2.8830193888518254,62770.21428571428,65997.85238095238,0.9510948011367469,2.163447493041384,19.093494816038145,-28.894927536231883,1
2024-06-27,60848.3,62351.2,60629.4,61685.3,48790.0,1.37,1.373719379320093,2.791264693533136,62317.5,65564.22380952381,0.9504802524779955,2.325484289546032,27.56266647850552,-11.210191082802545,0
2024-06-28,61684.6,62175.4,60081.9,60403.3,58950.0,-2.08,-2.0782909380354764,3.4658702421887546,61785.32857142857,65138.29047619048,0.9485254850833474,2.3825630749190796,26.301392921769136,20.82393933183029,1
2024-06-29,60403.7,61192.8,60382.8,60973.4,26560.0,0.94,0.9438226057185695,1.328448142960701,61315.67142857143,64741.30476190476,0.9470873602882801,2.451157007227971,28.596474061027138,-54.94486853265479,1
2024-06-30,60973.1,63006.6,60703.7,62754.3,37210.0,2.92,2.920781849134224,3.6697086892850397,61252.54285714286,64412.909523809525,0.9509358187662913,2.7521329486372794,35.5789179406442,40.09789156626506,1
2024-07-01,62768.8,63842.1,62558.0,62890.1,59940.0,0.22,0.21639951365881593,2.0418158024871937,61623.59999999999,64096.333333333336,0.9614216101805094,1.9028927211905367,36.68622025456557,61.0857296425692,0
2024-07-02,62888.3,63257.0,61797.6,62103.3,46520.0,-1.25,-1.2510713132909523,2.349955638428234,61665.58571428572,63847.92857142857,0.9658196764410077,1.8076555969031445,38.24420787052707,-22.389055722389053,0
2024-07-03,62104.9,62263.6,59466.6,60199.3,73340.0,-3.07,-3.065859624206768,4.646233427963447,61572.71428571428,63464.08095238095,0.9701978404432293,2.1021142847183163,33.76410827549677,57.65262252794496,0
2024-07-04,60201.4,60463.0,56812.7,57026.3,116380.0,-5.27,-5.270825408268864,6.401081606206264,60907.142857142855,62999.94761904763,0.966780849175309,2.7176945403613395,27.97634454585355,58.68557403872374,0
2024-07-05,57025.7,57471.1,53883.4,56641.8,175510.0,-0.67,-0.6742503020536139,6.334014808851409,60369.78571428572,62552.66190476191,0.9651033845082455,2.6836435853674336,28.524138722354508,50.807698917339735,1
2024-07-06,56640.0,58462.0,56026.8,58259.2,46910.0,2.86,2.8554883495933936,4.179940678897062,59982.04285714286,62173.433333333334,0.9647535875260149,2.9812918500465497,34.13514913773962,-73.27217822346306,0
2024-07-07,58240.2,58394.6,55756.3,55861.1,41120.0,-4.12,-4.116259749533113,4.722964639077991,58997.3,61658.500000000015,0.9568396895805118,2.771374432591443,31.8874791961953,-12.342784054572586,1
2024-07-08,55850.2,58115.8,54320.0,56724.7,102910.0,1.55,1.5459774333122622,6.6916175845795625,58116.528571428564,61193.06666666667,0.9497240739380369,2.957161805707326,40.20253943148368,150.26750972762648,1
2024-07-09,56721.3,58234.0,56306.3,58039.4,64250.0,2.32,2.317685241173595,3.321364452423693,57535.97142857143,60853.99523809523,0.9454756619258634,3.2819882535297173,39.53173245662749,-37.56680594694393,0
2024-07-10,58040.2,59393.8,57185.3,57746.7,59600.0,-0.5,-0.5043125876559751,3.8244609648689885,57185.6,60509.509523809524,0.9450679810501253,3.142080409626248,41.05308688255138,-7.237354085603109,0
2024-07-11,57745.9,59404.4,57095.0,57337.3,66400.0,-0.71,-0.7089582608183598,4.02774459208927,57230.02857142857,60151.55714285714,0.9514305412827455,2.3803913487684065,37.14598238041742,11.409395973154357,1
2024-07-12,57338.3,58520.9,56575.7,57885.1,56840.0,0.96,0.9553990159983039,3.3604502713133506,57407.642857142855,59854.252380952385,0.9591238813202833,2.3714718143288094,42.21759339382399,-14.397590361445777,1
2024-07-13,57897.4,59826.5,57770.6,59209.8,34280.0,2.29,2.2884991128977905,3.4722292593455837,57543.442857142865,59613.71904761905,0.9652718162270255,2.27891226077218,44.79254018684966,-39.690358902181565,1
2024-07-14,59207.9,61326.9,59207.9,60794.9,47480.0,2.68,2.677090616756006,3.4854897368035807,58248.271428571425,59499.37142857143,0.9789728871085311,1.3747717671733783,44.14671159544976,38.50641773628938,1
2024-07-15,60794.7,64869.5,60678.8,64782.4,96020.0,6.56,6.558938331998254,6.46888661117834,59399.37142857143,59713.166666666664,0.9947449573417046,2.4529938158642373,54.59534806914272,102.23251895534963,1
2024-07-16,64749.2,65319.5,62430.8,65049.7,93630.0,0.41,0.4126120674751155,4.440758373981736,60400.84285714286,59867.46666666667,1.0089092827903667,2.5092240114913027,57.340382066587594,-2.4890647781712127,0
2024-07-17,65052.8,66051.5,63897.5,64089.2,66110.0,-1.48,-1.4765633046731952,3.360940688914825,61306.91428571428,60021.74285714286,1.021411764593878,2.6712180849733005,60.16898197769562,-29.39228879632596,0
2024-07-18,64090.4,65102.0,63253.5,63980.5,51270.0,-0.17,-0.16960735974235197,2.889161541407147,62255.94285714285,60131.038095238095,1.0353379025078404,2.6027892078795163,71.64798904246048,-22.44743609136288,1
2024-07-19,63981.2,67390.4,63326.1,66677.4,82870.0,4.22,4.215190565875537,6.095468629550636,63511.985714285714,60429.80476190476,1.051004317563574,2.7540745766889345,77.30864681295716,61.63448410376438,1
2024-07-20,66677.0,67586.4,66257.4,67148.5,32940.0,0.71,0.7065362476641246,1.9791953654958787,64646.08571428571,60723.857142857145,1.064591229147405,2.79793498651144,75.79884026677348,-60.250995535175576,1
2024-07-21,67147.8,68352.9,65825.6,68158.7,47190.0,1.5,1.5044267556237223,3.707963913630965,65698.05714285714,60981.20952380952,1.0773491974967464,2.774914091956317,88.81769169581194,43.26047358834244,0
2024-07-22,68158.4,68468.9,66601.8,67553.6,54880.0,-0.89,-0.8877810169501399,2.763879349139041,66093.94285714286,61203.28095238095,1.0799084923007163,1.8730718250370524,84.74877580751786,16.295825386734485,0
2024-07-23,67550.4,67750.2,65512.9,65937.8,69580.0,-2.39,-2.391878449113005,3.3930461738183495,66220.81428571428,61385.8761904762,1.078763037937841,2.195715568046431,74.86463343994765,26.785714285714278,0
2024-07-24,65936.8,67072.1,65155.2,65370.5,52470.0,-0.86,-0.8603562751562932,2.9323624570716285,66403.85714285714,61632.123809523815,1.0774228282004452,2.1279326723163345,73.59228588758097,-24.590399540097728,1
2024-07-25,65363.9,66088.6,63500.9,65799.3,77460.0,0.66,0.6559533734635803,3.93271660944722,66663.68571428572,62049.885714285716,1.0743563013354231,2.1202787946706363,76.15474012165572,47.62721555174385,1
2024-07-26,65799.7,68205.0,65764.3,67908.6,59130.0,3.21,3.2056572030401576,3.5940955931943774,66839.57142857143,62586.399999999994,1.0679567993776833,1.8341627000761802,78.25383492217408,-23.663826491092177,0
2024-07-27,67910.8,69387.6,66776.8,67843.1,67990.0,-0.1,-0.09645317382481755,3.8482911305644976,66938.8,63042.776190476194,1.0617996865771335,1.8278535502164244,76.19469509864012,14.983933705394904,1
2024-07-28,67888.9,68291.9,67067.8,68256.3,26170.0,0.61,0.609052357572093,1.7933875700850928,66952.74285714286,63633.02380952381,1.0521697516301622,1.7477784102256917,74.37219086442983,-61.509045447859975,0
2024-07-29,68256.3,70000.2,66544.5,66798.7,85670.0,-2.14,-2.1354805343975714,5.173304270891496,66844.90000000001,64112.73809523809,1.0426149621110137,1.91318197232051,57.89016458876287,227.3595720290409,0
2024-07-30,66796.1,66998.3,65328.7,66184.9,54430.0,-0.92,-0.9188801578473904,2.522629784135061,66880.2,64500.619047619046,1.0368923738642597,1.6931937156045243,54.324966854112354,-36.465507178709004,0
2024-07-31,66185.4,66825.6,64538.3,64626.0,51520.0,-2.36,-2.355371089175917,3.539287593228736,66773.84285714287,64828.204761904766,1.0300122161701664,1.909885039937639,51.95595458454184,-5.346316369649095,1
2024-08-01,64625.7,65587.9,62303.9,65372.9,84200.0,1.16,1.155726797264256,5.023488326202437,66712.92857142857,65210.85238095239,1.0230341444043893,1.9537816985315017,54.848054371744524,63.43167701863355,0
2024-08-02,65351.8,65567.1,61242.3,61478.7,93890.0,-5.96,-5.956902630906702,7.034631506521776,65794.37142857144,65381.97619047619,1.0063074758843908,2.405420658970292,33.292196147245434,11.508313539192393,0
2024-08-03,61480.8,62184.2,59914.6,60696.7,65740.0,-1.27,-1.2719852566823953,3.7392477680005642,64773.457142857136,65452.78095238095,0.9896211620096319,2.340590690646033,29.671174520751663,-29.98189370539993,0
2024-08-04,60700.2,61086.5,57346.9,58141.8,72710.0,-4.21,-4.209289796644622,6.431861414679281,63328.52857142857,65326.44285714286,0.9694164537615593,2.3069117790348694,21.237789505722645,10.602372984484344,0
2024-08-05,58142.9,58291.4,49486.9,53979.0,333460.0,-7.16,-7.1597370566442775,16.310972785712963,61497.142857142855,64811.995238095245,0.9488543383246442,2.9580479791567513,17.63482904963999,358.6164214000825,1
2024-08-06,54010.8,57025.6,53998.2,56057.8,113890.0,3.85,3.8511272902425064,5.4004973438129955,60050.41428571429,64383.80952380953,0.9326943330917267,3.904490886943741,26.952505365307474,-65.84597852815929,0
2024-08-07,56049.9,57669.6,54598.5,55120.9,94520.0,-1.67,-1.671310682902294,5.571570856063667,58692.542857142864,63956.747619047615,0.9176911747723556,3.910788841240336,26.495624575758157,-17.007638949863903,1
2024-08-08,55112.8,62563.5,54786.9,61699.7,109770.0,11.94,11.935218764570244,12.60395107269565,58167.799999999996,63848.13809523809,0.9110336140614608,6.62426866083662,42.66713410795032,16.134151502327555,0
2024-08-09,61697.8,61712.3,59570.2,60850.6,69550.0,-1.38,-1.376181731839865,3.5202610984936973,58078.07142857143,63570.67142857143,0.9135985215104808,6.225810765954409,36.77950354769343,-36.64024779083538,1
2024-08-10,60844.5,61344.5,60264.2,60931.7,22910.0,0.13,0.1332772396656745,1.7729687502564393,58111.642857142855,63274.63333333334,0.9184034706453115,6.200036852199155,37.06166460743568,-67.05966930265997,0
2024-08-11,60929.8,61677.3,58388.7,58713.3,41060.0,-3.64,-3.6407978113198736,5.601115931143379,58193.28571428572,62824.85238095239,0.9262781130215453,6.135819930337477,33.26623226322323,79.22304670449584,1
2024-08-12,58711.7,60606.2,57689.0,59350.0,79310.0,1.08,1.0844220985705144,4.9152485256950245,58960.57142857143,62434.204761904766,0.9443632965842974,5.183544665298269,36.551440240058064,93.15635655138821,1
2024-08-13,59350.2,61537.0,58492.4,60595.2,62920.0,2.1,2.0980623420387534,5.024490388677648,59608.771428571425,62179.795238095234,0.9586517807001615,5.091060355125668,40.13281694069134,-20.66574202496533,0
2024-08-14,60594.6,61543.0,58491.2,58707.8,64790.00000000001,-3.11,-3.114768166455417,5.198287110060337,60121.18571428572,61862.52380952381,0.971851486360309,5.254452332090094,39.67270671338629,2.9720279720279796,0
2024-08-15,58710.1,59831.4,56275.7,57534.6,81470.0,-2.0,-1.9983715962785253,6.180107274579131,59526.17142857143,61468.96666666666,0.9683938848585075,2.152770144918925,36.52263622139306,25.744713690384312,1
2024-08-16,57545.1,59817.3,57129.1,58877.2,64010.00000000001,2.33,2.3335523319880425,4.565774187631213,59244.25714285714,61038.90000000001,0.9705983748536938,2.470316757917512,45.09667180591,-21.43120166932613,1
2024-08-17,58877.8,59659.5,58825.5,59483.1,18510.0,1.03,1.029091057319298,1.402078909807996,59037.31428571429,60640.80476190476,0.9735575660236323,2.527714152733098,47.69731099962811,-71.0826433369786,0
2024-08-18,59485.4,60216.3,58436.1,58446.3,30820.0,-1.74,-1.7430160835598563,3.045872878180491,58999.17142857142,60173.6619047619,0.9804816519551465,2.1909619968244867,50.613078196160856,66.5045921123717,1
2024-08-19,58445.8,59598.5,57872.0,59470.9,49190.0,1.75,1.7530622126635809,2.903100507979533,59016.44285714285,59824.719047619044,0.9864892605708215,2.261809487650944,62.656772141688386,59.60415314730694,0
2024-08-20,59470.3,61331.6,58612.0,59005.8,69770.0,-0.78,-0.7820631603019268,4.609038433509923,58789.385714285716,59482.857142857145,0.9883416590614342,2.082214729556417,57.33997948391082,41.83777190485871,1
2024-08-21,59010.0,61812.0,58831.1,61158.1,91310.0,3.65,3.6476075233282,4.874088632576881,59139.42857142857,59317.71904761905,0.9969943133510014,2.1586229331338975,64.17369419454201,30.872867994840192,0
2024-08-22,61158.3,61399.7,59815.8,60372.2,74390.0,-1.29,-1.2850301104841422,2.623558525281494,59544.799999999996,59079.590476190475,1.0078742848428681,2.028090367748984,45.71892958727578,-18.53028145876684,1
2024-08-23,60374.7,64830.1,60354.4,64053.1,125500.0,6.1,6.097011538423325,6.987483822016416,60284.21428571428,59202.18095238096,1.0182769167609493,2.8594160213804947,58.73277305424819,68.70547116547922,1
2024-08-24,64061.7,64458.9,63579.5,64159.3,54140.0,0.17,0.1657999378640529,1.3706508643329984,60952.24285714286,59367.066666666666,1.0267012719253357,2.8887586381900423,58.78918589198965,-56.8605577689243,1
2024-08-25,64160.7,64939.2,63796.6,64273.2,41610.0,0.18,0.17752687451388915,1.7777238413522256,61784.65714285715,59659.038095238095,1.0356294555776406,2.6528817462468997,67.10033401612873,-23.143701514591797,0
2024-08-26,64240.7,64472.5,62841.1,62846.2,68890.0,-2.22,-2.22020997865362,2.5958610067116252,62266.84285714286,60081.28571428572,1.036376670653329,2.9699347358070645,60.25459025048395,65.56116318192741,0
2024-08-27,62832.2,63201.4,58187.3,59450.9,108530.0,-5.4,-5.402554171930829,8.43401866077721,62330.42857142857,60242.8619047619,1.0346525148484298,3.788290218225794,47.019601919039864,57.54100740310639,0
2024-08-28,59425.6,60198.4,57912.1,59016.0,109470.0,-0.73,-0.7315280340583596,3.87403416022774,62024.41428571428,60428.34285714285,1.0264126294567544,3.4658809934491464,50.86843321348466,0.8661199668294373,1
2024-08-29,59027.3,61150.6,58807.1,59373.5,87190.0,0.61,0.6057679273417271,3.947047083294736,61881.74285714286,60317.57142857143,1.0259322680195064,3.4642721328560624,55.43124479440485,-20.352608020462228,0
2024-08-30,59371.7,59817.6,57874.7,59119.7,87310.0,-0.43,-0.42746343065509507,3.28638338827836,61176.97142857143,60235.14761904761,1.0156357848656785,2.101442929493707,50.7654623392529,0.1376304622089597,0
2024-08-31,59120.4,59447.0,58761.1,58978.6,30860.0,-0.24,-0.23866832883117084,1.1629641937923272,60436.87142857142,60142.142857142855,1.00490053326049,2.0654828258122477,48.35938160556216,-64.65467873095865,0
2024-09-01,58975.7,59058.7,57232.4,57315.7,63950.0,-2.82,-2.819497241372293,3.1863869759943535,59442.94285714285,60075.590476190475,0.9894691402276211,2.0485282182213007,46.46718412138936,107.22618276085547,1
2024-09-02,57309.0,59416.6,57185.8,59134.0,73180.0,3.17,3.1724291947930583,3.772449014103554,58912.62857142858,60065.30476190476,0.9808096172150409,2.6916068192147047,48.99702889533256,14.433150899139946,0
2024-09-03,59133.7,59799.7,57436.9,57479.8,74770.0,-2.8,-2.7973754523624272,4.110661484556306,58631.04285714286,59916.95238095238,0.9785384691191618,2.0609338521318885,45.75738703973487,2.172724788193503,1
2024-09-04,57490.4,58508.8,55732.1,57973.4,108440.0,0.86,0.8587364604608849,4.789610407531737,58482.1,59881.980952380945,0.9766226679525823,2.113298105040235,40.24624054393434,45.03142971780125,0
2024-09-05,57970.7,58318.9,55744.6,56183.2,90360.0,-3.09,-3.087967930119684,4.581974682823341,58026.34285714286,59817.62857142858,0.9700542171753477,2.3194281135226196,37.91388244526769,-16.672814459608997,0
2024-09-06,56179.7,56969.1,52644.6,53966.8,155840.0,-3.94,-3.9449515157555903,8.013260004298939,57290.21428571428,59583.79999999999,0.9615065552333737,2.598858042830558,18.21270319502311,72.46569278441788,1
2024-09-07,53965.0,54819.2,53754.3,54156.5,58110.0,0.35,0.35151241133437594,1.9663382973419519,56601.34285714286,59330.15238095238,0.9540063624598816,2.646845995777575,18.640900882825008,-62.711755646817245,1
2024-09-08,54161.4,55292.7,53642.4,54861.3,51990.0,1.3,1.3014134960715795,3.0081314150411957,56250.71428571428,59159.438095238096,0.9508324638776793,2.679757879153738,21.54754923003442,-10.531750129065564,1
2024-09-09,54868.0,57956.7,54595.4,57049.6,105330.0,3.99,3.9887862664574003,5.89189056540273,55952.94285714285,59044.1380952381,0.947646026552049,2.8811050474246347,33.24778914513611,102.59665320253895,1
2024-09-10,57045.6,58019.9,56415.3,57635.0,77650.0,1.03,1.0261246354049902,2.784072178363839,55975.11428571429,58978.86190476191,0.9490707768505602,2.725845097550345,43.734430098474235,-26.279312636475836,0
2024-09-11,57638.0,57975.9,55576.6,57338.7,102150.0,-0.51,-0.5140973366877799,4.184433898919933,55884.44285714285,58796.985714285714,0.9504644188514035,2.7090172785007853,44.15676711374324,31.551835157759168,1
2024-09-12,57335.5,58484.1,57329.6,58134.5,98420.0,1.39,1.3878933425417683,1.985911979977466,56163.2,58690.42857142857,0.9569396810869623,2.404362547166241,45.81158558022555,-3.651492902594222,1
2024-09-13,58134.4,60625.4,57656.8,60511.6,102120.0,4.09,4.088966104464653,4.9058362363579855,57098.17142857143,58521.78571428572,0.9756737722826054,1.7495889543014127,54.11461443411119,3.759398496240607,0
2024-09-14,60514.8,60609.4,59494.3,59995.4,44470.0,-0.85,-0.8530595786592987,1.858642495924685,57932.299999999996,58323.50476190477,0.9932925025081775,1.9479074532883343,52.94056405154664,-56.45319232275754,0
2024-09-15,59995.6,60377.6,58717.9,59138.5,47010.0,-1.43,-1.4282761678395373,2.8064627949643586,58543.32857142857,58078.99523809523,1.0079948582345442,2.2427392108583613,55.52926616191032,5.711715763436032,0
2024-09-16,59126.2,59204.3,57527.8,58213.1,87600.0,-1.56,-1.5648012715912651,2.879935959431812,58709.54285714286,57858.37142857143,1.014711292550331,2.0216946330175487,47.046561002674736,86.34333120612636,1
2024-09-17,58213.1,61309.0,57630.2,60309.1,106300.0,3.6,3.600564134189721,6.099908637336659,59091.55714285715,57899.23809523809,1.0205930006480883,2.37738291665966,58.82385963161406,21.34703196347032,0
